[0610月2026 14:02:13.944] [main/INFO] [cpw.mods.modlauncher.Launcher/MODLAUNCHER]: ModLauncher running: args [--launchTarget, forgeserver, --fml.neoForgeVersion, 21.1.248, --fml.fmlVersion, 4.0.43, --fml.mcVersion, 1.21.1, --fml.neoFormVersion, 20240808.144430]
[0610月2026 14:02:13.947] [main/INFO] [cpw.mods.modlauncher.Launcher/MODLAUNCHER]: JVM identified as Azul Systems, Inc. OpenJDK 64-Bit Server VM 21.0.8+9-LTS
[0610月2026 14:02:13.948] [main/INFO] [cpw.mods.modlauncher.Launcher/MODLAUNCHER]: ModLauncher 11.0.5+main.901c6ea8 starting: java version 21.0.8 by Azul Systems, Inc.; OS Windows 11 arch amd64 version 10.0
[0610月2026 14:02:14.689] [main/INFO] [net.neoforged.fml.loading.ImmediateWindowHandler/]: ImmediateWindowProvider not loading because launch target is forgeserver
[0610月2026 14:02:14.720] [main/INFO] [mixin/]: SpongePowered MIXIN Subsystem Version=0.8.7 Source=union:/D:/ZonlongIX/BeLoong%20Server/%5B25565%5Ddelete-test/libraries/net/fabricmc/sponge-mixin/0.15.2+mixin.0.8.7/sponge-mixin-0.15.2+mixin.0.8.7.jar%2373!/ Service=ModLauncher Env=SERVER
[0610月2026 14:02:14.731] [main/INFO] [Hotai/]: Reading patched classes
[0610月2026 14:02:14.868] [main/INFO] [net.neoforged.fml.loading.moddiscovery.ModDiscoverer/SCAN]: Found mod file "server-1.21.1-20240808.144430-srg.jar" [locator: production server provider +net.neoforged:neoforge:21.1.248:server]
[0610月2026 14:02:14.885] [main/INFO] [net.neoforged.fml.loading.moddiscovery.ModDiscoverer/SCAN]: Found mod file "neoforge-21.1.248-universal.jar" [locator: PathBasedLocator[name=neoforge, paths=[libraries\net\neoforged\neoforge\21.1.248\neoforge-21.1.248-universal.jar]], reader: mod manifest]
[0610月2026 14:02:14.897] [main/INFO] [net.neoforged.fml.loading.moddiscovery.ModDiscoverer/SCAN]: Found mod file "[FTB任务] ftb-quests-neoforge-2101.1.34.jar" [locator: {mods folder locator at D:\ZonlongIX\BeLoong Server\[25565]delete-test\mods}, reader: mod manifest]
[0610月2026 14:02:14.902] [main/INFO] [net.neoforged.fml.loading.moddiscovery.ModDiscoverer/SCAN]: Found mod file "[FTB区块] ftb-chunks-neoforge-2101.1.21.jar" [locator: {mods folder locator at D:\ZonlongIX\BeLoong Server\[25565]delete-test\mods}, reader: mod manifest]
[0610月2026 14:02:14.907] [main/INFO] [net.neoforged.fml.loading.moddiscovery.ModDiscoverer/SCAN]: Found mod file "[FTB团队] ftb-teams-neoforge-2101.1.10.jar" [locator: {mods folder locator at D:\ZonlongIX\BeLoong Server\[25565]delete-test\mods}, reader: mod manifest]
[0610月2026 14:02:14.912] [main/INFO] [net.neoforged.fml.loading.moddiscovery.ModDiscoverer/SCAN]: Found mod file "[FTB基础] ftb-essentials-neoforge-2101.1.10.jar" [locator: {mods folder locator at D:\ZonlongIX\BeLoong Server\[25565]delete-test\mods}, reader: mod manifest]
[0610月2026 14:02:14.917] [main/INFO] [net.neoforged.fml.loading.moddiscovery.ModDiscoverer/SCAN]: Found mod file "[FTB连锁] ftb-ultimine-neoforge-2101.1.15.jar" [locator: {mods folder locator at D:\ZonlongIX\BeLoong Server\[25565]delete-test\mods}, reader: mod manifest]
[0610月2026 14:02:14.921] [main/INFO] [net.neoforged.fml.loading.moddiscovery.ModDiscoverer/SCAN]: Found mod file "[F键扫荡] fsweep-neoforge-1.21.1-1.5.0.jar" [locator: {mods folder locator at D:\ZonlongIX\BeLoong Server\[25565]delete-test\mods}, reader: mod manifest]
[0610月2026 14:02:14.926] [main/INFO] [net.neoforged.fml.loading.moddiscovery.ModDiscoverer/SCAN]: Found mod file "[GTBC的魔法书] gametechbcs_spellbooks-3.0.0-1.21.1.jar" [locator: {mods folder locator at D:\ZonlongIX\BeLoong Server\[25565]delete-test\mods}, reader: mod manifest]
[0610月2026 14:02:14.931] [main/INFO] [net.neoforged.fml.loading.moddiscovery.ModDiscoverer/SCAN]: Found mod file "[Iron的法术与魔法书] irons_spellbooks-1.21.1-3.16.3.jar" [locator: {mods folder locator at D:\ZonlongIX\BeLoong Server\[25565]delete-test\mods}, reader: mod manifest]
[0610月2026 14:02:14.937] [main/INFO] [net.neoforged.fml.loading.moddiscovery.ModDiscoverer/SCAN]: Found mod file "[JEI工作方块] JustEnoughProfessions-neoforge-1.21.1-4.0.5.jar" [locator: {mods folder locator at D:\ZonlongIX\BeLoong Server\[25565]delete-test\mods}, reader: mod manifest]
[0610月2026 14:02:14.942] [main/INFO] [net.neoforged.fml.loading.moddiscovery.ModDiscoverer/SCAN]: Found mod file "[JEI物品管理器] jei-1.21.1-neoforge-19.51.0.418.jar" [locator: {mods folder locator at D:\ZonlongIX\BeLoong Server\[25565]delete-test\mods}, reader: mod manifest]
[0610月2026 14:02:14.947] [main/INFO] [net.neoforged.fml.loading.moddiscovery.ModDiscoverer/SCAN]: Found mod file "[Mowzie的生物] mowziesmobs-1.21.1-1.8.2.jar" [locator: {mods folder locator at D:\ZonlongIX\BeLoong Server\[25565]delete-test\mods}, reader: mod manifest]
[0610月2026 14:02:14.950] [main/INFO] [net.neoforged.fml.loading.moddiscovery.ModDiscoverer/SCAN]: Found mod file "[Redden的石灯笼] reddensstonelantern-1.0.4-neoforge-1.21.1.jar" [locator: {mods folder locator at D:\ZonlongIX\BeLoong Server\[25565]delete-test\mods}, reader: mod manifest]
[0610月2026 14:02:14.955] [main/INFO] [net.neoforged.fml.loading.moddiscovery.ModDiscoverer/SCAN]: Found mod file "[Xaero的世界地图] xaeroworldmap-neoforge-1.21.1-1.41.2.jar" [locator: {mods folder locator at D:\ZonlongIX\BeLoong Server\[25565]delete-test\mods}, reader: mod manifest]
[0610月2026 14:02:14.958] [main/INFO] [net.neoforged.fml.loading.moddiscovery.ModDiscoverer/SCAN]: Found mod file "[Xaero的小地图] xaerominimap-neoforge-1.21.1-26.1.0.jar" [locator: {mods folder locator at D:\ZonlongIX\BeLoong Server\[25565]delete-test\mods}, reader: mod manifest]
[0610月2026 14:02:14.963] [main/INFO] [net.neoforged.fml.loading.moddiscovery.ModDiscoverer/SCAN]: Found mod file "[YUNG的下界要塞优化] YungsBetterNetherFortresses-1.21.1-NeoForge-3.1.5.jar" [locator: {mods folder locator at D:\ZonlongIX\BeLoong Server\[25565]delete-test\mods}, reader: mod manifest]
[0610月2026 14:02:14.967] [main/INFO] [net.neoforged.fml.loading.moddiscovery.ModDiscoverer/SCAN]: Found mod file "[YUNG的丛林神庙优化] YungsBetterJungleTemples-1.21.1-NeoForge-3.1.2.jar" [locator: {mods folder locator at D:\ZonlongIX\BeLoong Server\[25565]delete-test\mods}, reader: mod manifest]
[0610月2026 14:02:14.972] [main/INFO] [net.neoforged.fml.loading.moddiscovery.ModDiscoverer/SCAN]: Found mod file "[YUNG的末地岛屿优化] YungsBetterEndIsland-1.21.1-NeoForge-3.1.2.jar" [locator: {mods folder locator at D:\ZonlongIX\BeLoong Server\[25565]delete-test\mods}, reader: mod manifest]
[0610月2026 14:02:14.975] [main/INFO] [net.neoforged.fml.loading.moddiscovery.ModDiscoverer/SCAN]: Found mod file "[YUNG的沙漠神殿优化] YungsBetterDesertTemples-1.21.1-NeoForge-4.1.5.jar" [locator: {mods folder locator at D:\ZonlongIX\BeLoong Server\[25565]delete-test\mods}, reader: mod manifest]
[0610月2026 14:02:14.979] [main/INFO] [net.neoforged.fml.loading.moddiscovery.ModDiscoverer/SCAN]: Found mod file "[YUNG的沼泽小屋优化] YungsBetterWitchHuts-1.21.1-NeoForge-4.1.1.jar" [locator: {mods folder locator at D:\ZonlongIX\BeLoong Server\[25565]delete-test\mods}, reader: mod manifest]
[0610月2026 14:02:14.983] [main/INFO] [net.neoforged.fml.loading.moddiscovery.ModDiscoverer/SCAN]: Found mod file "[YUNG的海底神殿优化] YungsBetterOceanMonuments-1.21.1-NeoForge-4.1.2.jar" [locator: {mods folder locator at D:\ZonlongIX\BeLoong Server\[25565]delete-test\mods}, reader: mod manifest]
[0610月2026 14:02:14.988] [main/INFO] [net.neoforged.fml.loading.moddiscovery.ModDiscoverer/SCAN]: Found mod file "[YUNG的矿井优化] YungsBetterMineshafts-1.21.1-NeoForge-5.1.1.jar" [locator: {mods folder locator at D:\ZonlongIX\BeLoong Server\[25565]delete-test\mods}, reader: mod manifest]
[0610月2026 14:02:14.991] [main/INFO] [net.neoforged.fml.loading.moddiscovery.ModDiscoverer/SCAN]: Found mod file "[YUNG的要塞优化] YungsBetterStrongholds-1.21.1-NeoForge-5.1.3.jar" [locator: {mods folder locator at D:\ZonlongIX\BeLoong Server\[25565]delete-test\mods}, reader: mod manifest]
[0610月2026 14:02:14.997] [main/INFO] [net.neoforged.fml.loading.moddiscovery.ModDiscoverer/SCAN]: Found mod file "[东方秘术] iss_magicfromtheeast-1.1.5.jar" [locator: {mods folder locator at D:\ZonlongIX\BeLoong Server\[25565]delete-test\mods}, reader: mod manifest]
[0610月2026 14:02:15.002] [main/INFO] [net.neoforged.fml.loading.moddiscovery.ModDiscoverer/SCAN]: Found gamelibrary file "[交易刷新] traderefresh-3.0.4.jar" [locator: {mods folder locator at D:\ZonlongIX\BeLoong Server\[25565]delete-test\mods}, reader: mod manifest]
[0610月2026 14:02:15.006] [main/INFO] [net.neoforged.fml.loading.moddiscovery.ModDiscoverer/SCAN]: Found mod file "[传奇怪物] legendary_monsters-2.2.3 MC 1.21.1.jar" [locator: {mods folder locator at D:\ZonlongIX\BeLoong Server\[25565]delete-test\mods}, reader: mod manifest]
[0610月2026 14:02:15.010] [main/INFO] [net.neoforged.fml.loading.moddiscovery.ModDiscoverer/SCAN]: Found mod file "[传送石碑] waystones-neoforge-1.21.1-21.1.46.jar" [locator: {mods folder locator at D:\ZonlongIX\BeLoong Server\[25565]delete-test\mods}, reader: mod manifest]
[0610月2026 14:02:15.015] [main/INFO] [net.neoforged.fml.loading.moddiscovery.ModDiscoverer/SCAN]: Found mod file "[伤害数字显示] 1.21-damage_number-2.0.3.jar" [locator: {mods folder locator at D:\ZonlongIX\BeLoong Server\[25565]delete-test\mods}, reader: mod manifest]
[0610月2026 14:02:15.018] [main/INFO] [net.neoforged.fml.loading.moddiscovery.ModDiscoverer/SCAN]: Found mod file "[假死修复] NaNny-1.21.1-1.0.1.jar" [locator: {mods folder locator at D:\ZonlongIX\BeLoong Server\[25565]delete-test\mods}, reader: mod manifest]
[0610月2026 14:02:15.022] [main/INFO] [net.neoforged.fml.loading.moddiscovery.ModDiscoverer/SCAN]: Found mod file "[全局数据包] Paxi-1.21.1-NeoForge-5.1.3.jar" [locator: {mods folder locator at D:\ZonlongIX\BeLoong Server\[25565]delete-test\mods}, reader: mod manifest]
[0610月2026 14:02:15.026] [main/INFO] [net.neoforged.fml.loading.moddiscovery.ModDiscoverer/SCAN]: Found mod file "[农夫乐事] FarmersDelight-1.21.1-1.3.4.jar" [locator: {mods folder locator at D:\ZonlongIX\BeLoong Server\[25565]delete-test\mods}, reader: mod manifest]
[0610月2026 14:02:15.031] [main/INFO] [net.neoforged.fml.loading.moddiscovery.ModDiscoverer/SCAN]: Found mod file "[冰火传说社区版] iceandfire-2.1.3.jar" [locator: {mods folder locator at D:\ZonlongIX\BeLoong Server\[25565]delete-test\mods}, reader: mod manifest]
[0610月2026 14:02:15.036] [main/INFO] [net.neoforged.fml.loading.moddiscovery.ModDiscoverer/SCAN]: Found mod file "[冰火传说：悚域] iceandfire_dreadland-0.1.2.jar" [locator: {mods folder locator at D:\ZonlongIX\BeLoong Server\[25565]delete-test\mods}, reader: mod manifest]
[0610月2026 14:02:15.041] [main/INFO] [net.neoforged.fml.loading.moddiscovery.ModDiscoverer/SCAN]: Found mod file "[原版移植] VanillaBackport-neoforge-1.21.1-1.1.7.10.jar" [locator: {mods folder locator at D:\ZonlongIX\BeLoong Server\[25565]delete-test\mods}, reader: mod manifest]
[0610月2026 14:02:15.045] [main/INFO] [net.neoforged.fml.loading.moddiscovery.ModDiscoverer/SCAN]: Found mod file "[可点击的进度] clickadv-1.21-3.8.jar" [locator: {mods folder locator at D:\ZonlongIX\BeLoong Server\[25565]delete-test\mods}, reader: mod manifest]
[0610月2026 14:02:15.048] [main/INFO] [net.neoforged.fml.loading.moddiscovery.ModDiscoverer/SCAN]: Found mod file "[可视化工作台] VisualWorkbench-v21.1.2-1.21.1-NeoForge.jar" [locator: {mods folder locator at D:\ZonlongIX\BeLoong Server\[25565]delete-test\mods}, reader: mod manifest]
[0610月2026 14:02:15.052] [main/INFO] [net.neoforged.fml.loading.moddiscovery.ModDiscoverer/SCAN]: Found mod file "[可重复的试炼宝库] repeatable_trial_vaults-neoforge-1.21-1.0.3.jar" [locator: {mods folder locator at D:\ZonlongIX\BeLoong Server\[25565]delete-test\mods}, reader: mod manifest]
[0610月2026 14:02:15.055] [main/INFO] [net.neoforged.fml.loading.moddiscovery.ModDiscoverer/SCAN]: Found mod file "[商店] ViScriptShop-neoforge-1.21.1-1.2.2.3.jar" [locator: {mods folder locator at D:\ZonlongIX\BeLoong Server\[25565]delete-test\mods}, reader: mod manifest]
[0610月2026 14:02:15.060] [main/INFO] [net.neoforged.fml.loading.moddiscovery.ModDiscoverer/SCAN]: Found mod file "[地图生成锁定] lockdown-1.1.1.jar" [locator: {mods folder locator at D:\ZonlongIX\BeLoong Server\[25565]delete-test\mods}, reader: mod manifest]
[0610月2026 14:02:15.063] [main/INFO] [net.neoforged.fml.loading.moddiscovery.ModDiscoverer/SCAN]: Found mod file "[地牢浮现之时 - 海洋扩展] DungeonsAriseSevenSeas-1.21.x-1.0.4-neoforge.jar" [locator: {mods folder locator at D:\ZonlongIX\BeLoong Server\[25565]delete-test\mods}, reader: mod manifest]
[0610月2026 14:02:15.068] [main/INFO] [net.neoforged.fml.loading.moddiscovery.ModDiscoverer/SCAN]: Found mod file "[地牢浮现之时] DungeonsArise-1.21.1-2.1.68-release.jar" [locator: {mods folder locator at D:\ZonlongIX\BeLoong Server\[25565]delete-test\mods}, reader: mod manifest]
[0610月2026 14:02:15.072] [main/INFO] [net.neoforged.fml.loading.moddiscovery.ModDiscoverer/SCAN]: Found mod file "[多态合成] polymorph-neoforge-1.1.0+1.21.1.jar" [locator: {mods folder locator at D:\ZonlongIX\BeLoong Server\[25565]delete-test\mods}, reader: mod manifest]
[0610月2026 14:02:15.074] [main/INFO] [net.neoforged.fml.loading.moddiscovery.ModDiscoverer/SCAN]: Found mod file "[天顶剑] zenith-1.1.2.jar" [locator: {mods folder locator at D:\ZonlongIX\BeLoong Server\[25565]delete-test\mods}, reader: mod manifest]
[0610月2026 14:02:15.078] [main/INFO] [net.neoforged.fml.loading.moddiscovery.ModDiscoverer/SCAN]: Found mod file "[奇异饰品] artifacts-neoforge-13.2.5.jar" [locator: {mods folder locator at D:\ZonlongIX\BeLoong Server\[25565]delete-test\mods}, reader: mod manifest]
[0610月2026 14:02:15.081] [main/INFO] [net.neoforged.fml.loading.moddiscovery.ModDiscoverer/SCAN]: Found mod file "[女仆御剑] maid_sword_soaring-neoforge1.21.1-1.0.7.jar" [locator: {mods folder locator at D:\ZonlongIX\BeLoong Server\[25565]delete-test\mods}, reader: mod manifest]
[0610月2026 14:02:15.084] [main/INFO] [net.neoforged.fml.loading.moddiscovery.ModDiscoverer/SCAN]: Found mod file "[小烦维的剑] xfws_swords-0.0.8.jar" [locator: {mods folder locator at D:\ZonlongIX\BeLoong Server\[25565]delete-test\mods}, reader: mod manifest]
[0610月2026 14:02:15.087] [main/INFO] [net.neoforged.fml.loading.moddiscovery.ModDiscoverer/SCAN]: Found mod file "[尖刺] SpikySpikes-v21.1.2-1.21.1-NeoForge.jar" [locator: {mods folder locator at D:\ZonlongIX\BeLoong Server\[25565]delete-test\mods}, reader: mod manifest]
[0610月2026 14:02:15.090] [main/INFO] [net.neoforged.fml.loading.moddiscovery.ModDiscoverer/SCAN]: Found mod file "[属性修复] attributefix-neoforge-1.21.1-21.1.3.jar" [locator: {mods folder locator at D:\ZonlongIX\BeLoong Server\[25565]delete-test\mods}, reader: mod manifest]
[0610月2026 14:02:15.093] [main/INFO] [net.neoforged.fml.loading.moddiscovery.ModDiscoverer/SCAN]: Found mod file "[帕秋莉手册] Patchouli-1.21.1-93-NEOFORGE.jar" [locator: {mods folder locator at D:\ZonlongIX\BeLoong Server\[25565]delete-test\mods}, reader: mod manifest]
[0610月2026 14:02:15.097] [main/INFO] [net.neoforged.fml.loading.moddiscovery.ModDiscoverer/SCAN]: Found mod file "[幻化] transmog-neoforge-1.6.0+1.21.1.jar" [locator: {mods folder locator at D:\ZonlongIX\BeLoong Server\[25565]delete-test\mods}, reader: mod manifest]
[0610月2026 14:02:15.100] [main/INFO] [net.neoforged.fml.loading.moddiscovery.ModDiscoverer/SCAN]: Found mod file "[建筑之杖] BuildingWands-neoforge-MC1.21.1-3.0.5.jar" [locator: {mods folder locator at D:\ZonlongIX\BeLoong Server\[25565]delete-test\mods}, reader: mod manifest]
[0610月2026 14:02:15.103] [main/INFO] [net.neoforged.fml.loading.moddiscovery.ModDiscoverer/SCAN]: Found mod file "[建筑棒] ConstructionSticks-1.21.1-1.5.0.jar" [locator: {mods folder locator at D:\ZonlongIX\BeLoong Server\[25565]delete-test\mods}, reader: mod manifest]
[0610月2026 14:02:15.107] [main/INFO] [net.neoforged.fml.loading.moddiscovery.ModDiscoverer/SCAN]: Found mod file "[我们走过的生物群系] Oh-The-Biomes-Weve-Gone-NeoForge-2.6.0.jar" [locator: {mods folder locator at D:\ZonlongIX\BeLoong Server\[25565]delete-test\mods}, reader: mod manifest]
[0610月2026 14:02:15.112] [main/INFO] [net.neoforged.fml.loading.moddiscovery.ModDiscoverer/SCAN]: Found mod file "[战利品箱子] lootr-neoforge-1.21.1-1.11.38.127.jar" [locator: {mods folder locator at D:\ZonlongIX\BeLoong Server\[25565]delete-test\mods}, reader: mod manifest]
[0610月2026 14:02:15.114] [main/INFO] [net.neoforged.fml.loading.moddiscovery.ModDiscoverer/SCAN]: Found mod file "[拾光定影] exposure-neoforge-1.21.1-1.9.18.jar" [locator: {mods folder locator at D:\ZonlongIX\BeLoong Server\[25565]delete-test\mods}, reader: mod manifest]
[0610月2026 14:02:15.118] [main/INFO] [net.neoforged.fml.loading.moddiscovery.ModDiscoverer/SCAN]: Found mod file "[拾光定影：拍立得] exposure_polaroid-neoforge-1.21.1-1.1.6.jar" [locator: {mods folder locator at D:\ZonlongIX\BeLoong Server\[25565]delete-test\mods}, reader: mod manifest]
[0610月2026 14:02:15.121] [main/INFO] [net.neoforged.fml.loading.moddiscovery.ModDiscoverer/SCAN]: Found mod file "[搬运] carryon-neoforge-1.21.1-2.2.2.11.jar" [locator: {mods folder locator at D:\ZonlongIX\BeLoong Server\[25565]delete-test\mods}, reader: mod manifest]
[0610月2026 14:02:15.123] [main/INFO] [net.neoforged.fml.loading.moddiscovery.ModDiscoverer/SCAN]: Found mod file "[救救我的答辩网络] smsn-neoforge-1.4.3-1.21.1.jar" [locator: {mods folder locator at D:\ZonlongIX\BeLoong Server\[25565]delete-test\mods}, reader: mod manifest]
[0610月2026 14:02:15.128] [main/INFO] [net.neoforged.fml.loading.moddiscovery.ModDiscoverer/SCAN]: Found mod file "[数据包修复] packetfixer-3.3.1-1.20.5-1.21.X-merged.jar" [locator: {mods folder locator at D:\ZonlongIX\BeLoong Server\[25565]delete-test\mods}, reader: mod manifest]
[0610月2026 14:02:15.141] [main/INFO] [net.neoforged.fml.loading.moddiscovery.ModDiscoverer/SCAN]: Found mod file "[方块小镇] yuushya-1.21.0-neoforge-2.2.3.jar" [locator: {mods folder locator at D:\ZonlongIX\BeLoong Server\[25565]delete-test\mods}, reader: mod manifest]
[0610月2026 14:02:15.146] [main/INFO] [net.neoforged.fml.loading.moddiscovery.ModDiscoverer/SCAN]: Found mod file "[方块建模] yuushya_modelling-1.21.1-2.4.1.jar" [locator: {mods folder locator at D:\ZonlongIX\BeLoong Server\[25565]delete-test\mods}, reader: mod manifest]
[0610月2026 14:02:15.149] [main/INFO] [net.neoforged.fml.loading.moddiscovery.ModDiscoverer/SCAN]: Found mod file "[旋律与典籍] tunes_n_tomes-1.1.0-HOTFIX.jar" [locator: {mods folder locator at D:\ZonlongIX\BeLoong Server\[25565]delete-test\mods}, reader: mod manifest]
[0610月2026 14:02:15.153] [main/INFO] [net.neoforged.fml.loading.moddiscovery.ModDiscoverer/SCAN]: Found mod file "[旋律魔法] melodymagic-2.0.0.jar" [locator: {mods folder locator at D:\ZonlongIX\BeLoong Server\[25565]delete-test\mods}, reader: mod manifest]
[0610月2026 14:02:15.156] [main/INFO] [net.neoforged.fml.loading.moddiscovery.ModDiscoverer/SCAN]: Found mod file "[无题鸭] untitledduckmod-1.7.0-neoforge-1.21.1.jar" [locator: {mods folder locator at D:\ZonlongIX\BeLoong Server\[25565]delete-test\mods}, reader: mod manifest]
[0610月2026 14:02:15.158] [main/INFO] [net.neoforged.fml.loading.moddiscovery.ModDiscoverer/SCAN]: Found mod file "[旷野之息高塔：再重制] totw_modded-neoforge-1.21-1.0.9.jar" [locator: {mods folder locator at D:\ZonlongIX\BeLoong Server\[25565]delete-test\mods}, reader: mod manifest]
[0610月2026 14:02:15.166] [main/INFO] [net.neoforged.fml.loading.moddiscovery.ModDiscoverer/SCAN]: Found mod file "[暮色森林] twilightforest-1.21.1-4.8.3345-universal.jar" [locator: {mods folder locator at D:\ZonlongIX\BeLoong Server\[25565]delete-test\mods}, reader: mod manifest]
[0610月2026 14:02:15.170] [main/INFO] [net.neoforged.fml.loading.moddiscovery.ModDiscoverer/SCAN]: Found mod file "[暮色风味乐事] twilightdelight-3.2.2.jar" [locator: {mods folder locator at D:\ZonlongIX\BeLoong Server\[25565]delete-test\mods}, reader: mod manifest]
[0610月2026 14:02:15.176] [main/INFO] [net.neoforged.fml.loading.moddiscovery.ModDiscoverer/SCAN]: Found mod file "[未至之地] regions-unexplored-0.6.2-neoforge-21.1.jar" [locator: {mods folder locator at D:\ZonlongIX\BeLoong Server\[25565]delete-test\mods}, reader: mod manifest]
[0610月2026 14:02:15.180] [main/INFO] [net.neoforged.fml.loading.moddiscovery.ModDiscoverer/SCAN]: Found mod file "[树叶快速腐烂] fastleafdecay-35.jar" [locator: {mods folder locator at D:\ZonlongIX\BeLoong Server\[25565]delete-test\mods}, reader: mod manifest]
[0610月2026 14:02:15.186] [main/INFO] [net.neoforged.fml.loading.moddiscovery.ModDiscoverer/SCAN]: Found mod file "[永恒星光] eternalstarlight-0.9.1+1.21.1+neoforge.jar" [locator: {mods folder locator at D:\ZonlongIX\BeLoong Server\[25565]delete-test\mods}, reader: mod manifest]
[0610月2026 14:02:15.190] [main/INFO] [net.neoforged.fml.loading.moddiscovery.ModDiscoverer/SCAN]: Found mod file "[火把大师] torchmaster-neoforge-1.21.1-21.1.13.jar" [locator: {mods folder locator at D:\ZonlongIX\BeLoong Server\[25565]delete-test\mods}, reader: mod manifest]
[0610月2026 14:02:15.194] [main/INFO] [net.neoforged.fml.loading.moddiscovery.ModDiscoverer/SCAN]: Found mod file "[火花] spark-1.10.124-neoforge.jar" [locator: {mods folder locator at D:\ZonlongIX\BeLoong Server\[25565]delete-test\mods}, reader: mod manifest]
[0610月2026 14:02:15.198] [main/INFO] [net.neoforged.fml.loading.moddiscovery.ModDiscoverer/SCAN]: Found mod file "[灵魂绑定] soulbound-neoforge-1.0.1+1.21.1.jar" [locator: {mods folder locator at D:\ZonlongIX\BeLoong Server\[25565]delete-test\mods}, reader: mod manifest]
[0610月2026 14:02:15.202] [main/INFO] [net.neoforged.fml.loading.moddiscovery.ModDiscoverer/SCAN]: Found mod file "[灾变] L_Ender's Cataclysm 1.21.1-3.33.jar" [locator: {mods folder locator at D:\ZonlongIX\BeLoong Server\[25565]delete-test\mods}, reader: mod manifest]
[0610月2026 14:02:15.206] [main/INFO] [net.neoforged.fml.loading.moddiscovery.ModDiscoverer/SCAN]: Found mod file "[灾变：出场动画] cinematiccataclysm-1.0.1-1.21.1.jar" [locator: {mods folder locator at D:\ZonlongIX\BeLoong Server\[25565]delete-test\mods}, reader: mod manifest]
[0610月2026 14:02:15.209] [main/INFO] [net.neoforged.fml.loading.moddiscovery.ModDiscoverer/SCAN]: Found mod file "[炽海生机] netherdepthsupgrade-3.3-1.21.1-NeoForge.jar" [locator: {mods folder locator at D:\ZonlongIX\BeLoong Server\[25565]delete-test\mods}, reader: mod manifest]
[0610月2026 14:02:15.213] [main/INFO] [net.neoforged.fml.loading.moddiscovery.ModDiscoverer/SCAN]: Found mod file "[爆炸不破坏方块] explosionbreaksnoblock-neoforge-1.21-0.3.2.jar" [locator: {mods folder locator at D:\ZonlongIX\BeLoong Server\[25565]delete-test\mods}, reader: mod manifest]
[0610月2026 14:02:15.217] [main/INFO] [net.neoforged.fml.loading.moddiscovery.ModDiscoverer/SCAN]: Found mod file "[猛龙之居] wyrmroost-1.4.1.jar" [locator: {mods folder locator at D:\ZonlongIX\BeLoong Server\[25565]delete-test\mods}, reader: mod manifest]
[0610月2026 14:02:15.221] [main/INFO] [net.neoforged.fml.loading.moddiscovery.ModDiscoverer/SCAN]: Found mod file "[玉] Jade-1.21.1-NeoForge-15.10.6.jar" [locator: {mods folder locator at D:\ZonlongIX\BeLoong Server\[25565]delete-test\mods}, reader: mod manifest]
[0610月2026 14:02:15.224] [main/INFO] [net.neoforged.fml.loading.moddiscovery.ModDiscoverer/SCAN]: Found mod file "[现代化修复] modernfix-neoforge-5.27.24+mc1.21.1.jar" [locator: {mods folder locator at D:\ZonlongIX\BeLoong Server\[25565]delete-test\mods}, reader: mod manifest]
[0610月2026 14:02:15.227] [main/INFO] [net.neoforged.fml.loading.moddiscovery.ModDiscoverer/SCAN]: Found mod file "[盔甲架姿势] ArmorStatues-v21.1.0-1.21.1-NeoForge.jar" [locator: {mods folder locator at D:\ZonlongIX\BeLoong Server\[25565]delete-test\mods}, reader: mod manifest]
[0610月2026 14:02:15.231] [main/INFO] [net.neoforged.fml.loading.moddiscovery.ModDiscoverer/SCAN]: Found mod file "[祸乱鬼魅] BOMD-NeoForge-1.21-1.3.3.jar" [locator: {mods folder locator at D:\ZonlongIX\BeLoong Server\[25565]delete-test\mods}, reader: mod manifest]
[0610月2026 14:02:15.234] [main/INFO] [net.neoforged.fml.loading.moddiscovery.ModDiscoverer/SCAN]: Found mod file "[穿草攻击] CutThrough-v21.1.0-1.21.1-NeoForge.jar" [locator: {mods folder locator at D:\ZonlongIX\BeLoong Server\[25565]delete-test\mods}, reader: mod manifest]
[0610月2026 14:02:15.237] [main/INFO] [net.neoforged.fml.loading.moddiscovery.ModDiscoverer/SCAN]: Found mod file "[简易战利品查看器] simplelootviewer-neoforge-1.21.1-21.1.4.jar" [locator: {mods folder locator at D:\ZonlongIX\BeLoong Server\[25565]delete-test\mods}, reader: mod manifest]
[0610月2026 14:02:15.242] [main/INFO] [net.neoforged.fml.loading.moddiscovery.ModDiscoverer/SCAN]: Found mod file "[简易铁砧] EasyAnvils-v21.1.0-1.21.1-NeoForge.jar" [locator: {mods folder locator at D:\ZonlongIX\BeLoong Server\[25565]delete-test\mods}, reader: mod manifest]
[0610月2026 14:02:15.245] [main/INFO] [net.neoforged.fml.loading.moddiscovery.ModDiscoverer/SCAN]: Found mod file "[精妙核心] sophisticatedcore-1.21.1-1.5.1.2341.jar" [locator: {mods folder locator at D:\ZonlongIX\BeLoong Server\[25565]delete-test\mods}, reader: mod manifest]
[0610月2026 14:02:15.249] [main/INFO] [net.neoforged.fml.loading.moddiscovery.ModDiscoverer/SCAN]: Found mod file "[精妙背包] sophisticatedbackpacks-1.21.1-3.26.3.2158.jar" [locator: {mods folder locator at D:\ZonlongIX\BeLoong Server\[25565]delete-test\mods}, reader: mod manifest]
[0610月2026 14:02:15.254] [main/INFO] [net.neoforged.fml.loading.moddiscovery.ModDiscoverer/SCAN]: Found mod file "[经验机制改革] Clumps-neoforge-1.21.1-19.0.0.1.jar" [locator: {mods folder locator at D:\ZonlongIX\BeLoong Server\[25565]delete-test\mods}, reader: mod manifest]
[0610月2026 14:02:15.257] [main/INFO] [net.neoforged.fml.loading.moddiscovery.ModDiscoverer/SCAN]: Found mod file "[结构标题] structurecredits-1.21.1-3.0.jar" [locator: {mods folder locator at D:\ZonlongIX\BeLoong Server\[25565]delete-test\mods}, reader: mod manifest]
[0610月2026 14:02:15.260] [main/INFO] [net.neoforged.fml.loading.moddiscovery.ModDiscoverer/SCAN]: Found mod file "[结构罗盘强化版] Explorer's Compass Enhance-1.21.1-neoforge-1.6.0.jar" [locator: {mods folder locator at D:\ZonlongIX\BeLoong Server\[25565]delete-test\mods}, reader: mod manifest]
[0610月2026 14:02:15.263] [main/INFO] [net.neoforged.fml.loading.moddiscovery.ModDiscoverer/SCAN]: Found mod file "[网络音乐机] netmusic-1.5.2-neoforge+mc1.21.1.jar" [locator: {mods folder locator at D:\ZonlongIX\BeLoong Server\[25565]delete-test\mods}, reader: mod manifest]
[0610月2026 14:02:15.267] [main/INFO] [net.neoforged.fml.loading.moddiscovery.ModDiscoverer/SCAN]: Found mod file "[美化] beautify-neoforge-1.21.1-2.0.2.jar" [locator: {mods folder locator at D:\ZonlongIX\BeLoong Server\[25565]delete-test\mods}, reader: mod manifest]
[0610月2026 14:02:15.272] [main/INFO] [net.neoforged.fml.loading.moddiscovery.ModDiscoverer/SCAN]: Found mod file "[群青] ultramarine-1.21.1-0.7.jar" [locator: {mods folder locator at D:\ZonlongIX\BeLoong Server\[25565]delete-test\mods}, reader: mod manifest]
[0610月2026 14:02:15.277] [main/INFO] [net.neoforged.fml.loading.moddiscovery.ModDiscoverer/SCAN]: Found mod file "[苹果皮] appleskin-neoforge-mc1.21-3.0.9.jar" [locator: {mods folder locator at D:\ZonlongIX\BeLoong Server\[25565]delete-test\mods}, reader: mod manifest]
[0610月2026 14:02:15.279] [main/INFO] [net.neoforged.fml.loading.moddiscovery.ModDiscoverer/SCAN]: Found mod file "[袭击增强] raidsenhanced-1.0.2-1.21.1.jar" [locator: {mods folder locator at D:\ZonlongIX\BeLoong Server\[25565]delete-test\mods}, reader: mod manifest]
[0610月2026 14:02:15.282] [main/INFO] [net.neoforged.fml.loading.moddiscovery.ModDiscoverer/SCAN]: Found mod file "[试验假人] dummmmmmy-1.21-2.0.12-neoforge.jar" [locator: {mods folder locator at D:\ZonlongIX\BeLoong Server\[25565]delete-test\mods}, reader: mod manifest]
[0610月2026 14:02:15.288] [main/INFO] [net.neoforged.fml.loading.moddiscovery.ModDiscoverer/SCAN]: Found mod file "[超越维度] beyonddimensions-1.21.1-neoforge-0.7.30.jar" [locator: {mods folder locator at D:\ZonlongIX\BeLoong Server\[25565]delete-test\mods}, reader: mod manifest]
[0610月2026 14:02:15.293] [main/INFO] [net.neoforged.fml.loading.moddiscovery.ModDiscoverer/SCAN]: Found mod file "[车万女仆] touhoulittlemaid-1.5.3-neoforge+mc1.21.1.jar" [locator: {mods folder locator at D:\ZonlongIX\BeLoong Server\[25565]delete-test\mods}, reader: mod manifest]
[0610月2026 14:02:15.296] [main/INFO] [net.neoforged.fml.loading.moddiscovery.ModDiscoverer/SCAN]: Found mod file "[进度牌匾] AdvancementPlaques-1.21.1-neoforge-1.6.8.jar" [locator: {mods folder locator at D:\ZonlongIX\BeLoong Server\[25565]delete-test\mods}, reader: mod manifest]
[0610月2026 14:02:15.300] [main/INFO] [net.neoforged.fml.loading.moddiscovery.ModDiscoverer/SCAN]: Found mod file "[逆卡巴拉：觉醒] fdbosses-3.2-1.21.1.jar" [locator: {mods folder locator at D:\ZonlongIX\BeLoong Server\[25565]delete-test\mods}, reader: mod manifest]
[0610月2026 14:02:15.302] [main/INFO] [net.neoforged.fml.loading.moddiscovery.ModDiscoverer/SCAN]: Found mod file "[通用骨粉] UniversalBoneMeal-v21.1.0-1.21.1-NeoForge.jar" [locator: {mods folder locator at D:\ZonlongIX\BeLoong Server\[25565]delete-test\mods}, reader: mod manifest]
[0610月2026 14:02:15.307] [main/INFO] [net.neoforged.fml.loading.moddiscovery.ModDiscoverer/SCAN]: Found mod file "[酒狐的魔法书] winefoxs_spellbooks-1.21.1-1.0.1.jar" [locator: {mods folder locator at D:\ZonlongIX\BeLoong Server\[25565]delete-test\mods}, reader: mod manifest]
[0610月2026 14:02:15.312] [main/INFO] [net.neoforged.fml.loading.moddiscovery.ModDiscoverer/SCAN]: Found mod file "[铁氧体磁芯] ferritecore-7.0.3-neoforge.jar" [locator: {mods folder locator at D:\ZonlongIX\BeLoong Server\[25565]delete-test\mods}, reader: mod manifest]
[0610月2026 14:02:15.315] [main/INFO] [net.neoforged.fml.loading.moddiscovery.ModDiscoverer/SCAN]: Found mod file "[铁魔法：言出法随] voicecastaddon-1.0.2.jar" [locator: {mods folder locator at D:\ZonlongIX\BeLoong Server\[25565]delete-test\mods}, reader: mod manifest]
[0610月2026 14:02:15.318] [main/INFO] [net.neoforged.fml.loading.moddiscovery.ModDiscoverer/SCAN]: Found mod file "[阿卡什宝典] AkashicTome-1.8-30.jar" [locator: {mods folder locator at D:\ZonlongIX\BeLoong Server\[25565]delete-test\mods}, reader: mod manifest]
[0610月2026 14:02:15.321] [main/INFO] [net.neoforged.fml.loading.moddiscovery.ModDiscoverer/SCAN]: Found mod file "[附魔灌注台] EnchantingInfuser-v21.1.4-1.21.1-NeoForge.jar" [locator: {mods folder locator at D:\ZonlongIX\BeLoong Server\[25565]delete-test\mods}, reader: mod manifest]
[0610月2026 14:02:15.327] [main/INFO] [net.neoforged.fml.loading.moddiscovery.ModDiscoverer/SCAN]: Found mod file "[额外乐事] extradelight-2.6.6.jar" [locator: {mods folder locator at D:\ZonlongIX\BeLoong Server\[25565]delete-test\mods}, reader: mod manifest]
[0610月2026 14:02:15.331] [main/INFO] [net.neoforged.fml.loading.moddiscovery.ModDiscoverer/SCAN]: Found mod file "[首领崛起] block_factorys_bosses-2.1.2-neo-1.21.1.jar" [locator: {mods folder locator at D:\ZonlongIX\BeLoong Server\[25565]delete-test\mods}, reader: mod manifest]
[0610月2026 14:02:15.334] [main/INFO] [net.neoforged.fml.loading.moddiscovery.ModDiscoverer/SCAN]: Found mod file "[黑暗二重身] darkdoppelganger-3.4.0-1.21.1.jar" [locator: {mods folder locator at D:\ZonlongIX\BeLoong Server\[25565]delete-test\mods}, reader: mod manifest]
[0610月2026 14:02:15.338] [main/INFO] [net.neoforged.fml.loading.moddiscovery.ModDiscoverer/SCAN]: Found mod file "[龙之生存] DragonSurvival-1.21.1-v2.0.71-25.09.2026-all.jar" [locator: {mods folder locator at D:\ZonlongIX\BeLoong Server\[25565]delete-test\mods}, reader: mod manifest]
[0610月2026 14:02:15.341] [main/INFO] [net.neoforged.fml.loading.moddiscovery.ModDiscoverer/SCAN]: Found mod file "[龙之生存：以太龙] ds_aether_addon-1.1.0-neoforge-1.21.1.jar" [locator: {mods folder locator at D:\ZonlongIX\BeLoong Server\[25565]delete-test\mods}, reader: mod manifest]
[0610月2026 14:02:15.343] [main/INFO] [net.neoforged.fml.loading.moddiscovery.ModDiscoverer/SCAN]: Found mod file "[龙之生存：冰火传说联动] dragon_survival_iaf_integration-1.2.3.jar" [locator: {mods folder locator at D:\ZonlongIX\BeLoong Server\[25565]delete-test\mods}, reader: mod manifest]
[0610月2026 14:02:15.347] [main/INFO] [net.neoforged.fml.loading.moddiscovery.ModDiscoverer/SCAN]: Found mod file "[龙之生存：冰焰龙] frostfire_dragon-1.6.0.jar" [locator: {mods folder locator at D:\ZonlongIX\BeLoong Server\[25565]delete-test\mods}, reader: mod manifest]
[0610月2026 14:02:15.349] [main/INFO] [net.neoforged.fml.loading.moddiscovery.ModDiscoverer/SCAN]: Found mod file "[龙之生存：夜煞] ds_night_striker_addon-1.0.3-neoforge-1.21.1.jar" [locator: {mods folder locator at D:\ZonlongIX\BeLoong Server\[25565]delete-test\mods}, reader: mod manifest]
[0610月2026 14:02:15.353] [main/INFO] [net.neoforged.fml.loading.moddiscovery.ModDiscoverer/SCAN]: Found mod file "[龙之生存：星界龙] astral_dragon-0.5.2.jar" [locator: {mods folder locator at D:\ZonlongIX\BeLoong Server\[25565]delete-test\mods}, reader: mod manifest]
[0610月2026 14:02:15.356] [main/INFO] [net.neoforged.fml.loading.moddiscovery.ModDiscoverer/SCAN]: Found mod file "[龙之生存：星辰龙] star_dragon-2.0.8.jar" [locator: {mods folder locator at D:\ZonlongIX\BeLoong Server\[25565]delete-test\mods}, reader: mod manifest]
[0610月2026 14:02:15.360] [main/INFO] [net.neoforged.fml.loading.moddiscovery.ModDiscoverer/SCAN]: Found mod file "[龙之生存：晶咒龙] crystcursed_dragon-1.4.0.jar" [locator: {mods folder locator at D:\ZonlongIX\BeLoong Server\[25565]delete-test\mods}, reader: mod manifest]
[0610月2026 14:02:15.363] [main/INFO] [net.neoforged.fml.loading.moddiscovery.ModDiscoverer/SCAN]: Found mod file "[龙之生存：机械龙] annihilator_type_a-1.1.3.jar" [locator: {mods folder locator at D:\ZonlongIX\BeLoong Server\[25565]delete-test\mods}, reader: mod manifest]
[0610月2026 14:02:15.366] [main/INFO] [net.neoforged.fml.loading.moddiscovery.ModDiscoverer/SCAN]: Found mod file "[龙之生存：滚筒飞行] dragon_barrel_roll-2.0.2.jar" [locator: {mods folder locator at D:\ZonlongIX\BeLoong Server\[25565]delete-test\mods}, reader: mod manifest]
[0610月2026 14:02:15.369] [main/INFO] [net.neoforged.fml.loading.moddiscovery.ModDiscoverer/SCAN]: Found mod file "[龙之生存：翼麒麟] wing_kirin-3.0.1.jar" [locator: {mods folder locator at D:\ZonlongIX\BeLoong Server\[25565]delete-test\mods}, reader: mod manifest]
[0610月2026 14:02:15.372] [main/INFO] [net.neoforged.fml.loading.moddiscovery.ModDiscoverer/SCAN]: Found mod file "[龙之生存：苔原龙] tundradragon-1.5.0-neoforge-1.21.1.jar" [locator: {mods folder locator at D:\ZonlongIX\BeLoong Server\[25565]delete-test\mods}, reader: mod manifest]
[0610月2026 14:02:15.376] [main/INFO] [net.neoforged.fml.loading.moddiscovery.ModDiscoverer/SCAN]: Found mod file "[龙之画] blackaures_paintings-1.3-neoforge-1.21.1.jar" [locator: {mods folder locator at D:\ZonlongIX\BeLoong Server\[25565]delete-test\mods}, reader: mod manifest]
[0610月2026 14:02:15.379] [main/INFO] [net.neoforged.fml.loading.moddiscovery.ModDiscoverer/SCAN]: Found mod file "beloong-0.10.1.jar" [locator: {mods folder locator at D:\ZonlongIX\BeLoong Server\[25565]delete-test\mods}, reader: mod manifest]
[0610月2026 14:02:15.384] [main/INFO] [net.neoforged.fml.loading.moddiscovery.ModDiscoverer/SCAN]: Found mod file "boss_respawner-0.1.0.jar" [locator: {mods folder locator at D:\ZonlongIX\BeLoong Server\[25565]delete-test\mods}, reader: mod manifest]
[0610月2026 14:02:15.387] [main/INFO] [net.neoforged.fml.loading.moddiscovery.ModDiscoverer/SCAN]: Found mod file "chatbox-neoforge-1.21.1-1.1.5-fix.jar" [locator: {mods folder locator at D:\ZonlongIX\BeLoong Server\[25565]delete-test\mods}, reader: mod manifest]
[0610月2026 14:02:15.389] [main/INFO] [net.neoforged.fml.loading.moddiscovery.ModDiscoverer/SCAN]: Found mod file "dihuang_loong-0.6.3-beta.jar" [locator: {mods folder locator at D:\ZonlongIX\BeLoong Server\[25565]delete-test\mods}, reader: mod manifest]
[0610月2026 14:02:15.394] [main/INFO] [net.neoforged.fml.loading.moddiscovery.ModDiscoverer/SCAN]: Found mod file "minopp-1.4.0+1.21.1+neoforge.jar" [locator: {mods folder locator at D:\ZonlongIX\BeLoong Server\[25565]delete-test\mods}, reader: mod manifest]
[0610月2026 14:02:15.398] [main/INFO] [net.neoforged.fml.loading.moddiscovery.ModDiscoverer/SCAN]: Found mod file "SlideShow-NeoForge-1.21.1-0.9.9.jar" [locator: {mods folder locator at D:\ZonlongIX\BeLoong Server\[25565]delete-test\mods}, reader: mod manifest]
[0610月2026 14:02:15.401] [main/INFO] [net.neoforged.fml.loading.moddiscovery.ModDiscoverer/SCAN]: Found mod file "teleportwaypoint-0.5.0.jar" [locator: {mods folder locator at D:\ZonlongIX\BeLoong Server\[25565]delete-test\mods}, reader: mod manifest]
[0610月2026 14:02:15.405] [main/INFO] [net.neoforged.fml.loading.moddiscovery.ModDiscoverer/SCAN]: Found mod file "【优化】alltheleaks-1.1.13+1.21.1-neoforge.jar" [locator: {mods folder locator at D:\ZonlongIX\BeLoong Server\[25565]delete-test\mods}, reader: mod manifest]
[0610月2026 14:02:15.407] [main/INFO] [net.neoforged.fml.loading.moddiscovery.ModDiscoverer/SCAN]: Found mod file "【优化】biomespy-neoforge-1.21.1-1.3.3.jar" [locator: {mods folder locator at D:\ZonlongIX\BeLoong Server\[25565]delete-test\mods}, reader: mod manifest]
[0610月2026 14:02:15.410] [main/INFO] [net.neoforged.fml.loading.moddiscovery.ModDiscoverer/SCAN]: Found mod file "【优化】fastpaintings-1.21-1.3.1-neoforge.jar" [locator: {mods folder locator at D:\ZonlongIX\BeLoong Server\[25565]delete-test\mods}, reader: mod manifest]
[0610月2026 14:02:15.413] [main/INFO] [net.neoforged.fml.loading.moddiscovery.ModDiscoverer/SCAN]: Found mod file "【优化】immersive_optimization-neoforge-1.21.1-0.2.0.jar" [locator: {mods folder locator at D:\ZonlongIX\BeLoong Server\[25565]delete-test\mods}, reader: mod manifest]
[0610月2026 14:02:15.416] [main/INFO] [net.neoforged.fml.loading.moddiscovery.ModDiscoverer/SCAN]: Found mod file "【优化】noisium-neoforge-2.3.0+mc1.21-1.21.1.jar" [locator: {mods folder locator at D:\ZonlongIX\BeLoong Server\[25565]delete-test\mods}, reader: mod manifest]
[0610月2026 14:02:15.419] [main/INFO] [net.neoforged.fml.loading.moddiscovery.ModDiscoverer/SCAN]: Found mod file "【优化】Not Enough Recipe Book-NEOFORGE-0.4.3+1.21.jar" [locator: {mods folder locator at D:\ZonlongIX\BeLoong Server\[25565]delete-test\mods}, reader: mod manifest]
[0610月2026 14:02:15.422] [main/INFO] [net.neoforged.fml.loading.moddiscovery.ModDiscoverer/SCAN]: Found mod file "【优化】rhenium-1.0.0+neo.jar" [locator: {mods folder locator at D:\ZonlongIX\BeLoong Server\[25565]delete-test\mods}, reader: mod manifest]
[0610月2026 14:02:15.425] [main/INFO] [net.neoforged.fml.loading.moddiscovery.ModDiscoverer/SCAN]: Found mod file "【前置】architectury-13.0.8-neoforge.jar" [locator: {mods folder locator at D:\ZonlongIX\BeLoong Server\[25565]delete-test\mods}, reader: mod manifest]
[0610月2026 14:02:15.427] [main/INFO] [net.neoforged.fml.loading.moddiscovery.ModDiscoverer/SCAN]: Found mod file "【前置】balm-neoforge-1.21.1-21.0.66.jar" [locator: {mods folder locator at D:\ZonlongIX\BeLoong Server\[25565]delete-test\mods}, reader: mod manifest]
[0610月2026 14:02:15.430] [main/INFO] [net.neoforged.fml.loading.moddiscovery.ModDiscoverer/SCAN]: Found mod file "【前置】bookshelf-neoforge-1.21.1-21.1.81.jar" [locator: {mods folder locator at D:\ZonlongIX\BeLoong Server\[25565]delete-test\mods}, reader: mod manifest]
[0610月2026 14:02:15.433] [main/INFO] [net.neoforged.fml.loading.moddiscovery.ModDiscoverer/SCAN]: Found mod file "【前置】carrasconlib-neoforge-1.21.1-0.1.jar" [locator: {mods folder locator at D:\ZonlongIX\BeLoong Server\[25565]delete-test\mods}, reader: mod manifest]
[0610月2026 14:02:15.435] [main/INFO] [net.neoforged.fml.loading.moddiscovery.ModDiscoverer/SCAN]: Found mod file "【前置】CerbonsAPI-NeoForge-1.21-1.3.0.jar" [locator: {mods folder locator at D:\ZonlongIX\BeLoong Server\[25565]delete-test\mods}, reader: mod manifest]
[0610月2026 14:02:15.438] [main/INFO] [net.neoforged.fml.loading.moddiscovery.ModDiscoverer/SCAN]: Found mod file "【前置】cloth-config-15.0.140-neoforge.jar" [locator: {mods folder locator at D:\ZonlongIX\BeLoong Server\[25565]delete-test\mods}, reader: mod manifest]
[0610月2026 14:02:15.441] [main/INFO] [net.neoforged.fml.loading.moddiscovery.ModDiscoverer/SCAN]: Found mod file "【前置】collective-1.21.1-8.40.jar" [locator: {mods folder locator at D:\ZonlongIX\BeLoong Server\[25565]delete-test\mods}, reader: mod manifest]
[0610月2026 14:02:15.443] [main/INFO] [net.neoforged.fml.loading.moddiscovery.ModDiscoverer/SCAN]: Found mod file "【前置】Corgilib-NeoForge-1.21.1-5.0.0.9.jar" [locator: {mods folder locator at D:\ZonlongIX\BeLoong Server\[25565]delete-test\mods}, reader: mod manifest]
[0610月2026 14:02:15.447] [main/INFO] [net.neoforged.fml.loading.moddiscovery.ModDiscoverer/SCAN]: Found mod file "【前置】cupboard-1.21.1-4.1.jar" [locator: {mods folder locator at D:\ZonlongIX\BeLoong Server\[25565]delete-test\mods}, reader: mod manifest]
[0610月2026 14:02:15.449] [main/INFO] [net.neoforged.fml.loading.moddiscovery.ModDiscoverer/SCAN]: Found mod file "【前置】curios-neoforge-9.5.1+1.21.1.jar" [locator: {mods folder locator at D:\ZonlongIX\BeLoong Server\[25565]delete-test\mods}, reader: mod manifest]
[0610月2026 14:02:15.452] [main/INFO] [net.neoforged.fml.loading.moddiscovery.ModDiscoverer/SCAN]: Found mod file "【前置】fdlib-1.0.9-1.21.1.jar" [locator: {mods folder locator at D:\ZonlongIX\BeLoong Server\[25565]delete-test\mods}, reader: mod manifest]
[0610月2026 14:02:15.454] [main/INFO] [net.neoforged.fml.loading.moddiscovery.ModDiscoverer/SCAN]: Found mod file "【前置】ForgeConfigAPIPort-v21.1.6-1.21.1-NeoForge.jar" [locator: {mods folder locator at D:\ZonlongIX\BeLoong Server\[25565]delete-test\mods}, reader: mod manifest]
[0610月2026 14:02:15.457] [main/INFO] [net.neoforged.fml.loading.moddiscovery.ModDiscoverer/SCAN]: Found mod file "【前置】ftb-library-neoforge-2101.1.35.jar" [locator: {mods folder locator at D:\ZonlongIX\BeLoong Server\[25565]delete-test\mods}, reader: mod manifest]
[0610月2026 14:02:15.460] [main/INFO] [net.neoforged.fml.loading.moddiscovery.ModDiscoverer/SCAN]: Found mod file "【前置】ftb-xmod-compat-neoforge-21.1.10.jar" [locator: {mods folder locator at D:\ZonlongIX\BeLoong Server\[25565]delete-test\mods}, reader: mod manifest]
[0610月2026 14:02:15.464] [main/INFO] [net.neoforged.fml.loading.moddiscovery.ModDiscoverer/SCAN]: Found mod file "【前置】geckolib-neoforge-1.21.1-4.9.3.jar" [locator: {mods folder locator at D:\ZonlongIX\BeLoong Server\[25565]delete-test\mods}, reader: mod manifest]
[0610月2026 14:02:15.467] [main/INFO] [net.neoforged.fml.loading.moddiscovery.ModDiscoverer/SCAN]: Found mod file "【前置】gtbcs_spell_lib-1.6.0-1.21.1.jar" [locator: {mods folder locator at D:\ZonlongIX\BeLoong Server\[25565]delete-test\mods}, reader: mod manifest]
[0610月2026 14:02:15.470] [main/INFO] [net.neoforged.fml.loading.moddiscovery.ModDiscoverer/SCAN]: Found mod file "【前置】Iceberg-1.21.1-neoforge-1.3.2.jar" [locator: {mods folder locator at D:\ZonlongIX\BeLoong Server\[25565]delete-test\mods}, reader: mod manifest]
[0610月2026 14:02:15.473] [main/INFO] [net.neoforged.fml.loading.moddiscovery.ModDiscoverer/SCAN]: Found mod file "【前置】irons_lib-1.21.1-2.1.0.jar" [locator: {mods folder locator at D:\ZonlongIX\BeLoong Server\[25565]delete-test\mods}, reader: mod manifest]
[0610月2026 14:02:15.475] [main/INFO] [net.neoforged.fml.loading.moddiscovery.ModDiscoverer/SCAN]: Found mod file "【前置】jupiter-2.3.7-1.21.1-neoforge.jar" [locator: {mods folder locator at D:\ZonlongIX\BeLoong Server\[25565]delete-test\mods}, reader: mod manifest]
[0610月2026 14:02:15.480] [main/INFO] [net.neoforged.fml.loading.moddiscovery.ModDiscoverer/SCAN]: Found mod file "【前置】konkrete_neoforge_1.9.9_MC_1.21.jar" [locator: {mods folder locator at D:\ZonlongIX\BeLoong Server\[25565]delete-test\mods}, reader: mod manifest]
[0610月2026 14:02:15.482] [main/INFO] [net.neoforged.fml.loading.moddiscovery.ModDiscoverer/SCAN]: Found mod file "【前置】l2library-3.0.8.jar" [locator: {mods folder locator at D:\ZonlongIX\BeLoong Server\[25565]delete-test\mods}, reader: mod manifest]
[0610月2026 14:02:15.487] [main/INFO] [net.neoforged.fml.loading.moddiscovery.ModDiscoverer/SCAN]: Found mod file "【前置】ldlib2-neoforge-1.21.1-2.2.41-all.jar" [locator: {mods folder locator at D:\ZonlongIX\BeLoong Server\[25565]delete-test\mods}, reader: mod manifest]
[0610月2026 14:02:15.489] [main/INFO] [net.neoforged.fml.loading.moddiscovery.ModDiscoverer/SCAN]: Found mod file "【前置】lionfishapi-3.1.jar" [locator: {mods folder locator at D:\ZonlongIX\BeLoong Server\[25565]delete-test\mods}, reader: mod manifest]
[0610月2026 14:02:15.493] [main/INFO] [net.neoforged.fml.loading.moddiscovery.ModDiscoverer/SCAN]: Found mod file "【前置】lithostitched-1.7.13-neoforge-21.1.jar" [locator: {mods folder locator at D:\ZonlongIX\BeLoong Server\[25565]delete-test\mods}, reader: mod manifest]
[0610月2026 14:02:15.495] [main/INFO] [net.neoforged.fml.loading.moddiscovery.ModDiscoverer/SCAN]: Found mod file "【前置】melody_neoforge_1.0.10_MC_1.21.jar" [locator: {mods folder locator at D:\ZonlongIX\BeLoong Server\[25565]delete-test\mods}, reader: mod manifest]
[0610月2026 14:02:15.498] [main/INFO] [net.neoforged.fml.loading.moddiscovery.ModDiscoverer/SCAN]: Found mod file "【前置】moonlight-neoforge-1.21.1-3.0.18.jar" [locator: {mods folder locator at D:\ZonlongIX\BeLoong Server\[25565]delete-test\mods}, reader: mod manifest]
[0610月2026 14:02:15.501] [main/INFO] [net.neoforged.fml.loading.moddiscovery.ModDiscoverer/SCAN]: Found mod file "【前置】OctoLib-NEOFORGE-0.6.2+1.21.jar" [locator: {mods folder locator at D:\ZonlongIX\BeLoong Server\[25565]delete-test\mods}, reader: mod manifest]
[0610月2026 14:02:15.504] [main/INFO] [net.neoforged.fml.loading.moddiscovery.ModDiscoverer/SCAN]: Found mod file "【前置】Oh-The-Trees-Youll-Grow-neoforge-1.21.1-5.3.2.jar" [locator: {mods folder locator at D:\ZonlongIX\BeLoong Server\[25565]delete-test\mods}, reader: mod manifest]
[0610月2026 14:02:15.507] [main/INFO] [net.neoforged.fml.loading.moddiscovery.ModDiscoverer/SCAN]: Found mod file "【前置】Platform-neoforge-1.21.1-1.3.3.jar" [locator: {mods folder locator at D:\ZonlongIX\BeLoong Server\[25565]delete-test\mods}, reader: mod manifest]
[0610月2026 14:02:15.509] [main/INFO] [net.neoforged.fml.loading.moddiscovery.ModDiscoverer/SCAN]: Found mod file "【前置】player-animation-lib-forge-2.0.4+1.21.1.jar" [locator: {mods folder locator at D:\ZonlongIX\BeLoong Server\[25565]delete-test\mods}, reader: mod manifest]
[0610月2026 14:02:15.512] [main/INFO] [net.neoforged.fml.loading.moddiscovery.ModDiscoverer/SCAN]: Found mod file "【前置】prickle-neoforge-1.21.1-21.1.11.jar" [locator: {mods folder locator at D:\ZonlongIX\BeLoong Server\[25565]delete-test\mods}, reader: mod manifest]
[0610月2026 14:02:15.515] [main/INFO] [net.neoforged.fml.loading.moddiscovery.ModDiscoverer/SCAN]: Found mod file "【前置】PuzzlesLib-v21.1.52-1.21.1-NeoForge.jar" [locator: {mods folder locator at D:\ZonlongIX\BeLoong Server\[25565]delete-test\mods}, reader: mod manifest]
[0610月2026 14:02:15.518] [main/INFO] [net.neoforged.fml.loading.moddiscovery.ModDiscoverer/SCAN]: Found mod file "【前置】rhino-2101.2.7-build.85.jar" [locator: {mods folder locator at D:\ZonlongIX\BeLoong Server\[25565]delete-test\mods}, reader: mod manifest]
[0610月2026 14:02:15.521] [main/INFO] [net.neoforged.fml.loading.moddiscovery.ModDiscoverer/SCAN]: Found mod file "【前置】TerraBlender-neoforge-1.21.1-4.1.0.8.jar" [locator: {mods folder locator at D:\ZonlongIX\BeLoong Server\[25565]delete-test\mods}, reader: mod manifest]
[0610月2026 14:02:15.523] [main/INFO] [net.neoforged.fml.loading.moddiscovery.ModDiscoverer/SCAN]: Found mod file "【前置】uranus-3.0-beta.1.jar" [locator: {mods folder locator at D:\ZonlongIX\BeLoong Server\[25565]delete-test\mods}, reader: mod manifest]
[0610月2026 14:02:15.526] [main/INFO] [net.neoforged.fml.loading.moddiscovery.ModDiscoverer/SCAN]: Found mod file "【前置】YungsApi-1.21.1-NeoForge-5.1.8.jar" [locator: {mods folder locator at D:\ZonlongIX\BeLoong Server\[25565]delete-test\mods}, reader: mod manifest]
[0610月2026 14:02:15.529] [main/INFO] [net.neoforged.fml.loading.moddiscovery.ModDiscoverer/SCAN]: Found mod file "【服务器】[列表标语] minimotd-neoforge-mc1.21.1-2.1.3.jar" [locator: {mods folder locator at D:\ZonlongIX\BeLoong Server\[25565]delete-test\mods}, reader: mod manifest]
[0610月2026 14:02:15.531] [main/INFO] [net.neoforged.fml.loading.moddiscovery.ModDiscoverer/SCAN]: Found mod file "【服务器】[创世神] worldedit-mod-7.3.8.jar" [locator: {mods folder locator at D:\ZonlongIX\BeLoong Server\[25565]delete-test\mods}, reader: mod manifest]
[0610月2026 14:02:15.534] [main/INFO] [net.neoforged.fml.loading.moddiscovery.ModDiscoverer/SCAN]: Found mod file "【服务器】[基石清理] AtomSweep-neoforge-1.21-1.0.0.jar" [locator: {mods folder locator at D:\ZonlongIX\BeLoong Server\[25565]delete-test\mods}, reader: mod manifest]
[0610月2026 14:02:15.537] [main/INFO] [net.neoforged.fml.loading.moddiscovery.ModDiscoverer/SCAN]: Found mod file "【服务器】[氪] krypton_fnp-neoforge-1.21.1-0.2.27-1.21.1.jar" [locator: {mods folder locator at D:\ZonlongIX\BeLoong Server\[25565]delete-test\mods}, reader: mod manifest]
[0610月2026 14:02:15.540] [main/INFO] [net.neoforged.fml.loading.moddiscovery.ModDiscoverer/SCAN]: Found mod file "【服务器】[玩家列表] TAB v5.2.1 1.20.5 - 1.21.1.jar" [locator: {mods folder locator at D:\ZonlongIX\BeLoong Server\[25565]delete-test\mods}, reader: mod manifest]
[0610月2026 14:02:15.543] [main/INFO] [net.neoforged.fml.loading.moddiscovery.ModDiscoverer/SCAN]: Found mod file "【服务器】[资源世界] resource_world-1.5.1-bugfix-1.21.1-neoforge.jar" [locator: {mods folder locator at D:\ZonlongIX\BeLoong Server\[25565]delete-test\mods}, reader: mod manifest]
[0610月2026 14:02:15.545] [main/INFO] [net.neoforged.fml.loading.moddiscovery.ModDiscoverer/SCAN]: Found mod file "【服务器】[资源世界前置] server_i18n_api-1.4.1-1.21.1-neoforge.jar" [locator: {mods folder locator at D:\ZonlongIX\BeLoong Server\[25565]delete-test\mods}, reader: mod manifest]
[0610月2026 14:02:15.558] [main/INFO] [net.neoforged.fml.loading.moddiscovery.ModDiscoverer/SCAN]: Found mod file "【服务器】[预生成区块] Chunky-NeoForge-1.4.23.jar" [locator: {mods folder locator at D:\ZonlongIX\BeLoong Server\[25565]delete-test\mods}, reader: mod manifest]
[0610月2026 14:02:15.560] [main/INFO] [net.neoforged.fml.loading.moddiscovery.ModDiscoverer/SCAN]: Found mod file "【结构】abridged-2.0.2-neoforge-21.1.jar" [locator: {mods folder locator at D:\ZonlongIX\BeLoong Server\[25565]delete-test\mods}, reader: mod manifest]
[0610月2026 14:02:15.564] [main/INFO] [net.neoforged.fml.loading.moddiscovery.ModDiscoverer/SCAN]: Found mod file "【结构】ATi Structures Vanilla V1.4.7.jar" [locator: {mods folder locator at D:\ZonlongIX\BeLoong Server\[25565]delete-test\mods}, reader: mod manifest]
[0610月2026 14:02:15.568] [main/INFO] [net.neoforged.fml.loading.moddiscovery.ModDiscoverer/SCAN]: Found mod file "【结构】ctov-3.6.3.jar" [locator: {mods folder locator at D:\ZonlongIX\BeLoong Server\[25565]delete-test\mods}, reader: mod manifest]
[0610月2026 14:02:15.571] [main/INFO] [net.neoforged.fml.loading.moddiscovery.ModDiscoverer/SCAN]: Found mod file "【结构】huge-structure-blocks-neoforge-1.1.6.jar" [locator: {mods folder locator at D:\ZonlongIX\BeLoong Server\[25565]delete-test\mods}, reader: mod manifest]
[0610月2026 14:02:15.574] [main/INFO] [net.neoforged.fml.loading.moddiscovery.ModDiscoverer/SCAN]: Found mod file "【结构】MoogsSoaringStructures-universal-1.21-2.2.0.jar" [locator: {mods folder locator at D:\ZonlongIX\BeLoong Server\[25565]delete-test\mods}, reader: mod manifest]
[0610月2026 14:02:15.577] [main/INFO] [net.neoforged.fml.loading.moddiscovery.ModDiscoverer/SCAN]: Found mod file "【结构】MoogsStructureLib-neoforge-1.21.1-3.3.1.jar" [locator: {mods folder locator at D:\ZonlongIX\BeLoong Server\[25565]delete-test\mods}, reader: mod manifest]
[0610月2026 14:02:15.580] [main/INFO] [net.neoforged.fml.loading.moddiscovery.ModDiscoverer/SCAN]: Found mod file "【结构】MoogsVoyagerStructures-universal-1.21-5.1.3.jar" [locator: {mods folder locator at D:\ZonlongIX\BeLoong Server\[25565]delete-test\mods}, reader: mod manifest]
[0610月2026 14:02:15.582] [main/INFO] [net.neoforged.fml.loading.moddiscovery.ModDiscoverer/SCAN]: Found mod file "【结构】SkyVillages-1.0.6-1.21.x-neoforge-release.jar" [locator: {mods folder locator at D:\ZonlongIX\BeLoong Server\[25565]delete-test\mods}, reader: mod manifest]
[0610月2026 14:02:15.585] [main/INFO] [net.neoforged.fml.loading.moddiscovery.ModDiscoverer/SCAN]: Found mod file "【结构】tidal-towns-2.0.jar" [locator: {mods folder locator at D:\ZonlongIX\BeLoong Server\[25565]delete-test\mods}, reader: mod manifest]
[0610月2026 14:02:15.588] [main/INFO] [net.neoforged.fml.loading.moddiscovery.ModDiscoverer/SCAN]: Found mod file "【魔改】incontrol-1.21-10.3.0.jar" [locator: {mods folder locator at D:\ZonlongIX\BeLoong Server\[25565]delete-test\mods}, reader: mod manifest]
[0610月2026 14:02:15.590] [main/INFO] [net.neoforged.fml.loading.moddiscovery.ModDiscoverer/SCAN]: Found mod file "【魔改】kubejs-neoforge-2101.7.2-build.377.jar" [locator: {mods folder locator at D:\ZonlongIX\BeLoong Server\[25565]delete-test\mods}, reader: mod manifest]
[0610月2026 14:02:15.864] [main/WARN] [net.neoforged.jarjar.selection.JarSelector/]: Attempted to select a dependency jar for JarJar which was passed in as source: forgeconfigapiport. Using Mod File: D:\ZonlongIX\BeLoong Server\[25565]delete-test\mods\【前置】ForgeConfigAPIPort-v21.1.6-1.21.1-NeoForge.jar
[0610月2026 14:02:15.864] [main/INFO] [net.neoforged.fml.loading.moddiscovery.locators.JarInJarDependencyLocator/]: Found 52 dependencies adding them to mods collection
[0610月2026 14:02:15.864] [main/INFO] [net.neoforged.fml.loading.moddiscovery.ModDiscoverer/SCAN]: Found library file "mvel2-2.5.0.Final.jar" [parent: chatbox-neoforge-1.21.1-1.1.5-fix.jar, locator: jarinjar]
[0610月2026 14:02:15.864] [main/INFO] [net.neoforged.fml.loading.moddiscovery.ModDiscoverer/SCAN]: Found library file "adventure-key-4.17.0.jar" [parent: adventure-platform-neoforge-6.0.0.jar, locator: jarinjar]
[0610月2026 14:02:15.864] [main/INFO] [net.neoforged.fml.loading.moddiscovery.ModDiscoverer/SCAN]: Found mod file "ViScriptLib-neoforge-1.21.1-1.1.8.2.jar" [parent: [商店] ViScriptShop-neoforge-1.21.1-1.2.2.3.jar, locator: jarinjar, reader: mod manifest]
[0610月2026 14:02:15.864] [main/INFO] [net.neoforged.fml.loading.moddiscovery.ModDiscoverer/SCAN]: Found mod file "kuma-api-neoforge-21.0.8+1.21.jar" [parent: 【前置】balm-neoforge-1.21.1-21.0.66.jar, locator: jarinjar, reader: mod manifest]
[0610月2026 14:02:15.864] [main/INFO] [net.neoforged.fml.loading.moddiscovery.ModDiscoverer/SCAN]: Found mod file "l2tabs-3.0.5+7.jar" [parent: 【前置】l2library-3.0.8.jar, locator: jarinjar, reader: mod manifest]
[0610月2026 14:02:15.866] [main/INFO] [net.neoforged.fml.loading.moddiscovery.ModDiscoverer/SCAN]: Found gamelibrary file "net.kyori.adventure-platform-mod-shared-6.0.0.jar" [parent: adventure-platform-neoforge-6.0.0.jar, locator: jarinjar, reader: mod manifest]
[0610月2026 14:02:15.866] [main/INFO] [net.neoforged.fml.loading.moddiscovery.ModDiscoverer/SCAN]: Found gamelibrary file "l2serial-3.1.1.jar" [parent: 【前置】l2library-3.0.8.jar, locator: jarinjar, reader: mod manifest]
[0610月2026 14:02:15.866] [main/INFO] [net.neoforged.fml.loading.moddiscovery.ModDiscoverer/SCAN]: Found library file "examination-api-1.3.0.jar" [parent: adventure-platform-neoforge-6.0.0.jar, locator: jarinjar]
[0610月2026 14:02:15.866] [main/INFO] [net.neoforged.fml.loading.moddiscovery.ModDiscoverer/SCAN]: Found library file "sewlia-config-1.0.0-20250810.044244-13.jar" [parent: 【服务器】[氪] krypton_fnp-neoforge-1.21.1-0.2.27-1.21.1.jar, locator: jarinjar]
[0610月2026 14:02:15.866] [main/INFO] [net.neoforged.fml.loading.moddiscovery.ModDiscoverer/SCAN]: Found library file "json5-java-3.0.0.jar" [parent: [未至之地] regions-unexplored-0.6.2-neoforge-21.1.jar, locator: jarinjar]
[0610月2026 14:02:15.866] [main/INFO] [net.neoforged.fml.loading.moddiscovery.ModDiscoverer/SCAN]: Found library file "net.neoforged.neoforge-coremods-21.1.248.jar" [parent: neoforge-21.1.248-universal.jar, locator: jarinjar, reader: mod manifest]
[0610月2026 14:02:15.866] [main/INFO] [net.neoforged.fml.loading.moddiscovery.ModDiscoverer/SCAN]: Found mod file "xaerolib-neoforge-1.21.1-1.1.15.jar" [parent: [Xaero的小地图] xaerominimap-neoforge-1.21.1-26.1.0.jar, locator: jarinjar, reader: mod manifest]
[0610月2026 14:02:15.866] [main/INFO] [net.neoforged.fml.loading.moddiscovery.ModDiscoverer/SCAN]: Found library file "MixinSquared-0.3.3.jar" [parent: mixinsquared-forge-0.3.3.jar, locator: jarinjar]
[0610月2026 14:02:15.866] [main/INFO] [net.neoforged.fml.loading.moddiscovery.ModDiscoverer/SCAN]: Found library file "option-1.0.0.jar" [parent: adventure-platform-neoforge-6.0.0.jar, locator: jarinjar]
[0610月2026 14:02:15.866] [main/INFO] [net.neoforged.fml.loading.moddiscovery.ModDiscoverer/SCAN]: Found mod file "apollib-1.1.5-neoforge-21.1.jar" [parent: 【结构】abridged-2.0.2-neoforge-21.1.jar, locator: jarinjar, reader: mod manifest]
[0610月2026 14:02:15.866] [main/INFO] [net.neoforged.fml.loading.moddiscovery.ModDiscoverer/SCAN]: Found library file "adventure-api-4.17.0.jar" [parent: adventure-platform-neoforge-6.0.0.jar, locator: jarinjar]
[0610月2026 14:02:15.866] [main/INFO] [net.neoforged.fml.loading.moddiscovery.ModDiscoverer/SCAN]: Found library file "adventure-text-serializer-json-4.17.0.jar" [parent: adventure-platform-neoforge-6.0.0.jar, locator: jarinjar]
[0610月2026 14:02:15.866] [main/INFO] [net.neoforged.fml.loading.moddiscovery.ModDiscoverer/SCAN]: Found mod file "statuemenus-neoforge-21.1.0.jar" [parent: [盔甲架姿势] ArmorStatues-v21.1.0-1.21.1-NeoForge.jar, locator: jarinjar, reader: mod manifest]
[0610月2026 14:02:15.866] [main/INFO] [net.neoforged.fml.loading.moddiscovery.ModDiscoverer/SCAN]: Found library file "urlpattern-1.0.1.jar" [parent: SlideShow-NeoForge-1.21.1-0.9.9.jar, locator: jarinjar]
[0610月2026 14:02:15.866] [main/INFO] [net.neoforged.fml.loading.moddiscovery.ModDiscoverer/SCAN]: Found library file "net.kyori.adventure-platform-neoforge-services-6.0.0.jar" [parent: adventure-platform-neoforge-6.0.0.jar, locator: jarinjar]
[0610月2026 14:02:15.866] [main/INFO] [net.neoforged.fml.loading.moddiscovery.ModDiscoverer/SCAN]: Found library file "adventure-text-serializer-gson-4.17.0.jar" [parent: adventure-platform-neoforge-6.0.0.jar, locator: jarinjar]
[0610月2026 14:02:15.866] [main/INFO] [net.neoforged.fml.loading.moddiscovery.ModDiscoverer/SCAN]: Found library file "httpclient-cache-4.5.13.jar" [parent: SlideShow-NeoForge-1.21.1-0.9.9.jar, locator: jarinjar]
[0610月2026 14:02:15.866] [main/INFO] [net.neoforged.fml.loading.moddiscovery.ModDiscoverer/SCAN]: Found library file "animated-gif-lib-for-java-animated-gif-lib-1.7.jar" [parent: 【魔改】kubejs-neoforge-2101.7.2-build.377.jar, locator: jarinjar]
[0610月2026 14:02:15.866] [main/INFO] [net.neoforged.fml.loading.moddiscovery.ModDiscoverer/SCAN]: Found library file "adventure-text-serializer-ansi-4.17.0.jar" [parent: adventure-platform-neoforge-6.0.0.jar, locator: jarinjar]
[0610月2026 14:02:15.866] [main/INFO] [net.neoforged.fml.loading.moddiscovery.ModDiscoverer/SCAN]: Found mod file "integration-neoforge-0.2.jar" [parent: [冰火传说社区版] iceandfire-2.1.3.jar, locator: jarinjar, reader: mod manifest]
[0610月2026 14:02:15.866] [main/INFO] [net.neoforged.fml.loading.moddiscovery.ModDiscoverer/SCAN]: Found library file "adventure-text-minimessage-4.17.0.jar" [parent: adventure-platform-neoforge-6.0.0.jar, locator: jarinjar]
[0610月2026 14:02:15.867] [main/INFO] [net.neoforged.fml.loading.moddiscovery.ModDiscoverer/SCAN]: Found library file "tinypinyin-2.0.3.jar" [parent: [超越维度] beyonddimensions-1.21.1-neoforge-0.7.30.jar, locator: jarinjar]
[0610月2026 14:02:15.867] [main/INFO] [net.neoforged.fml.loading.moddiscovery.ModDiscoverer/SCAN]: Found library file "adventure-text-logger-slf4j-4.17.0.jar" [parent: adventure-platform-neoforge-6.0.0.jar, locator: jarinjar]
[0610月2026 14:02:15.867] [main/INFO] [net.neoforged.fml.loading.moddiscovery.ModDiscoverer/SCAN]: Found library file "snakeyaml-2.4.jar" [parent: 【服务器】[氪] krypton_fnp-neoforge-1.21.1-0.2.27-1.21.1.jar, locator: jarinjar]
[0610月2026 14:02:15.867] [main/INFO] [net.neoforged.fml.loading.moddiscovery.ModDiscoverer/SCAN]: Found gamelibrary file "mixinextras-neoforge-0.5.3.jar" [parent: neoforge-21.1.248-universal.jar, locator: jarinjar, reader: mod manifest]
[0610月2026 14:02:15.867] [main/INFO] [net.neoforged.fml.loading.moddiscovery.ModDiscoverer/SCAN]: Found gamelibrary file "mixinsquared-neoforge-0.3.3.jar" [parent: 【优化】alltheleaks-1.1.13+1.21.1-neoforge.jar, locator: jarinjar, reader: mod manifest]
[0610月2026 14:02:15.867] [main/INFO] [net.neoforged.fml.loading.moddiscovery.ModDiscoverer/SCAN]: Found library file "adventure-platform-api-4.3.3.jar" [parent: adventure-platform-neoforge-6.0.0.jar, locator: jarinjar]
[0610月2026 14:02:15.867] [main/INFO] [net.neoforged.fml.loading.moddiscovery.ModDiscoverer/SCAN]: Found library file "kotlin-stdlib-2.4.20.jar" [parent: 【前置】ldlib2-neoforge-1.21.1-2.2.41-all.jar, locator: jarinjar]
[0610月2026 14:02:15.867] [main/INFO] [net.neoforged.fml.loading.moddiscovery.ModDiscoverer/SCAN]: Found library file "velocity-native-3.4.0-SNAPSHOT.jar" [parent: 【服务器】[氪] krypton_fnp-neoforge-1.21.1-0.2.27-1.21.1.jar, locator: jarinjar]
[0610月2026 14:02:15.867] [main/INFO] [net.neoforged.fml.loading.moddiscovery.ModDiscoverer/SCAN]: Found library file "examination-string-1.3.0.jar" [parent: adventure-platform-neoforge-6.0.0.jar, locator: jarinjar]
[0610月2026 14:02:15.867] [main/INFO] [net.neoforged.fml.loading.moddiscovery.ModDiscoverer/SCAN]: Found library file "yoga-1.0.0.jar" [parent: 【前置】ldlib2-neoforge-1.21.1-2.2.41-all.jar, locator: jarinjar]
[0610月2026 14:02:15.867] [main/INFO] [net.neoforged.fml.loading.moddiscovery.ModDiscoverer/SCAN]: Found library file "taffy-1.1.4.jar" [parent: 【前置】ldlib2-neoforge-1.21.1-2.2.41-all.jar, locator: jarinjar]
[0610月2026 14:02:15.867] [main/INFO] [net.neoforged.fml.loading.moddiscovery.ModDiscoverer/SCAN]: Found gamelibrary file "l2modularblocks-3.0.0+4.jar" [parent: 【前置】l2library-3.0.8.jar, locator: jarinjar, reader: mod manifest]
[0610月2026 14:02:15.867] [main/INFO] [net.neoforged.fml.loading.moddiscovery.ModDiscoverer/SCAN]: Found library file "webp4j-core-2.1.0.jar" [parent: SlideShow-NeoForge-1.21.1-0.9.9.jar, locator: jarinjar]
[0610月2026 14:02:15.867] [main/INFO] [net.neoforged.fml.loading.moddiscovery.ModDiscoverer/SCAN]: Found mod file "l2core-3.0.8+16.jar" [parent: [暮色风味乐事] twilightdelight-3.2.2.jar, locator: jarinjar, reader: mod manifest]
[0610月2026 14:02:15.867] [main/INFO] [net.neoforged.fml.loading.moddiscovery.ModDiscoverer/SCAN]: Found library file "adventure-text-serializer-plain-4.17.0.jar" [parent: adventure-platform-neoforge-6.0.0.jar, locator: jarinjar]
[0610月2026 14:02:15.867] [main/INFO] [net.neoforged.fml.loading.moddiscovery.ModDiscoverer/SCAN]: Found mod file "better-advanced-tooltips-2101.1.0-build.1.jar" [parent: 【魔改】kubejs-neoforge-2101.7.2-build.377.jar, locator: jarinjar, reader: mod manifest]
[0610月2026 14:02:15.867] [main/INFO] [net.neoforged.fml.loading.moddiscovery.ModDiscoverer/SCAN]: Found mod file "adventure-platform-neoforge-6.0.0.jar" [parent: 【服务器】[列表标语] minimotd-neoforge-mc1.21.1-2.1.3.jar, locator: jarinjar, reader: mod manifest]
[0610月2026 14:02:15.867] [main/INFO] [net.neoforged.fml.loading.moddiscovery.ModDiscoverer/SCAN]: Found library file "s.tf-asm-4.8.3345.jar" [parent: [暮色森林] twilightforest-1.21.1-4.8.3345-universal.jar, locator: jarinjar, reader: mod manifest]
[0610月2026 14:02:15.867] [main/INFO] [net.neoforged.fml.loading.moddiscovery.ModDiscoverer/SCAN]: Found gamelibrary file "mixinsquared-forge-0.3.3.jar" [parent: [龙之生存] DragonSurvival-1.21.1-v2.0.71-25.09.2026-all.jar, locator: jarinjar, reader: mod manifest]
[0610月2026 14:02:15.867] [main/INFO] [net.neoforged.fml.loading.moddiscovery.ModDiscoverer/SCAN]: Found mod file "l2itemselector-3.0.9.jar" [parent: 【前置】l2library-3.0.8.jar, locator: jarinjar, reader: mod manifest]
[0610月2026 14:02:15.867] [main/INFO] [net.neoforged.fml.loading.moddiscovery.ModDiscoverer/SCAN]: Found library file "ansi-1.1.0.jar" [parent: adventure-platform-neoforge-6.0.0.jar, locator: jarinjar]
[0610月2026 14:02:15.868] [main/INFO] [net.neoforged.fml.loading.moddiscovery.ModDiscoverer/SCAN]: Found gamelibrary file "Registrate-MC1.21-1.3.0+67.jar" [parent: 【前置】l2library-3.0.8.jar, locator: jarinjar, reader: mod manifest]
[0610月2026 14:02:15.868] [main/INFO] [net.neoforged.fml.loading.moddiscovery.ModDiscoverer/SCAN]: Found mod file "expandability-neoforge-12.0.0.jar" [parent: [奇异饰品] artifacts-neoforge-13.2.5.jar, locator: jarinjar, reader: mod manifest]
[0610月2026 14:02:15.868] [main/INFO] [net.neoforged.fml.loading.moddiscovery.ModDiscoverer/SCAN]: Found mod file "l2menustacker-3.0.10.jar" [parent: 【前置】l2library-3.0.8.jar, locator: jarinjar, reader: mod manifest]
[0610月2026 14:02:15.868] [main/INFO] [net.neoforged.fml.loading.moddiscovery.ModDiscoverer/SCAN]: Found library file "tiny-java-server-1.0.0-build.33.jar" [parent: 【魔改】kubejs-neoforge-2101.7.2-build.377.jar, locator: jarinjar]
[0610月2026 14:02:15.868] [main/INFO] [net.neoforged.fml.loading.moddiscovery.ModDiscoverer/SCAN]: Found library file "content-disposition-1.0.0.jar" [parent: SlideShow-NeoForge-1.21.1-0.9.9.jar, locator: jarinjar]
[0610月2026 14:02:15.870] [main/INFO] [net.neoforged.fml.loading.moddiscovery.ModDiscoverer/]: 
     Mod List:
		Name Version (Mod Id)

		Abridged 2.0.2 (abridged)
		Advancement Plaques 1.6.8 (advancementplaques)
		adventure-platform-neoforge 6.0.0 (adventure_platform_neoforge)
		Akashic Tome 1.8-30 (akashictome)
		All The Leaks 1.1.13+1.21.1-neoforge (alltheleaks)
		Annihilator Type A 1.1.3 (annihilator_type_a)
		Apollib 1.1.5 (apollib)
		AppleSkin 3.0.9+mc1.21 (appleskin)
		Architectury 13.0.8 (architectury)
		Armor Statues 21.1.0 (armorstatues)
		Artifacts 13.2.5 (artifacts)
		AstralDragon 0.5.2 (astral_dragon)
		ATi Structures - Vanilla Edition 1.4.5 (mr_ati_structuresvanillaedition)
		AtomSweep 1.0.0 (sweeper)
		AttributeFix 21.1.3 (attributefix)
		Balm 21.0.66 (balm)
		Beautify 2.0.2 (beautify)
		BeLoong Core 0.10.1 (beloong)
		Better Advanced Tooltips 2101.1.0-build.1 (betteradvancedtooltips)
		Beyond Dimensions 0.7.30 (beyonddimensions)
		BiomeSpy 1.3.3 (biomespy)
		blackaures_paintings 1.3 (blackaures_paintings)
		Bookshelf 21.1.81 (bookshelf)
		Bosses of Mass Destruction 1.3.3 (bosses_of_mass_destruction)
		Bosses'Rise 2.1.2 (block_factorys_bosses)
		Building Wands 3.0.5 (wands)
		Carrascon Lib 1.21.1-0.1 (carrasconlib)
		Carry On 2.2.2 (carryon)
		Cerbons API 1.3.0 (cerbons_api)
		ChatBox 1.1.5 (chatbox)
		ChoiceTheorem's Overhauled Village 3.6.3 (ctov)
		Chunky 1.4.23 (chunky)
		Cinematic Cataclysm 1.0.1 (cinematiccataclysm)
		Clickable Advancements mod 3.8 (clickadv)
		Cloth Config v15 API 15.0.140 (cloth_config)
		Clumps 19.0.0.1 (clumps)
		Collective 8.40 (collective)
		Construction Sticks 1.5.0 (constructionstick)
		CorgiLib 5.0.0.9 (corgilib)
		Crystcursed Dragon 1.4.0 (crystcursed_dragon)
		Cupboard mod 4.1 (cupboard)
		Curios API 9.5.1+1.21.1 (curios)
		Cut Through 21.1.0 (cutthrough)
		Damage Number 2.0.3 (damage_number)
		DarkDoppelganger 3.4.0-1.21.1 (darkdoppelganger)
		DiHuang Loong 0.6.3-beta (dihuang_loong)
		Dragon Barrel Roll 2.0.2 (dragon_barrel_roll)
		Dragon Survival 2.0.71 (dragonsurvival)
		Dragon Survival - Aether Dragon Addon 1.1.0 (ds_aether_addon)
		Dragon Survival: IAF Integration 1.2.3 (dragon_survival_iaf_integration)
		Easy Anvils 21.1.0 (easyanvils)
		Enchanting Infuser 21.1.4 (enchantinginfuser)
		Eternal Starlight 0.9.1+1.21.1+neoforge (eternal_starlight)
		ExpandAbility 12.0.0 (expandability)
		Explorer's Compass Enhance 1.21.1-neoforge-1.6.0 (explorerscompass)
		Explosion Breaks No Block 0.3.2 (explosionbreaksnoblock)
		Exposure 1.9.18 (exposure)
		Exposure Polaroid 1.1.6 (exposure_polaroid)
		Extra Delight 2.6.5 (extradelight)
		F-Sweep 1.5.0 (fsweep)
		Farmer's Delight 1.3.4 (farmersdelight)
		Fast Paintings 1.21-1.3.1 (fastpaintings)
		FastLeafDecay 35 (fastleafdecay)
		FDLib 1.0.9 (fdlib)
		Ferrite Core 7.0.3 (ferritecore)
		Forge Config API Port 21.1.6 (forgeconfigapiport)
		Frostfire Dragon 1.6.0 (frostfire_dragon)
		FTB Chunks 2101.1.21 (ftbchunks)
		FTB Essentials 2101.1.10 (ftbessentials)
		FTB Library 2101.1.35 (ftblibrary)
		FTB Quests 2101.1.34 (ftbquests)
		FTB Teams 2101.1.10 (ftbteams)
		FTB Ultimine 2101.1.15 (ftbultimine)
		FTB XMod Compat 21.1.10 (ftbxmodcompat)
		GameTechBC's Spellbooks 3.0.0-1.21.1 (gametechbcs_spellbooks)
		GeckoLib 4 4.9.3 (geckolib)
		GTBC's SpellLib 1.6.0-1.21.1 (gtbcs_spell_lib)
		Huge Structure Blocks 1.1.6 (hugestructureblocks)
		Ice And Fire Community Edition 2.1.3 (iceandfire)
		Ice And Fire: Dread Land 0.1.2 (iceandfire_dreadland)
		Iceberg 1.3.2 (iceberg)
		Immersive Optimization 0.2.0 (immersive_optimization)
		InControl 1.21-10.3.0 (incontrol)
		Integration 0.2 (integration)
		Iron's Lib 1.21.1-2.1.0 (irons_lib)
		Iron's Spells 'n Spellbooks 1.21.1-3.16.3 (irons_spellbooks)
		ISS: Magic From The East 1.1.5 (iss_magicfromtheeast)
		Jade 15.10.6+neoforge (jade)
		Jupiter 2.3.7 (jupiter)
		Just Enough Items 19.51.0.418 (jei)
		Just Enough Professions (JEP) 4.0.5 (justenoughprofessions)
		Konkrete 1.9.9 (konkrete)
		Krypton FNP 0.2.27-1.21.1 (krypton_fnp)
		KubeJS 2101.7.2-build.377 (kubejs)
		KumaAPI 21.0.8 (kuma_api)
		L2Core 3.0.8+16 (l2core)
		L2ItemSelector 3.0.9 (l2itemselector)
		L2Library 3.0.8 (l2library)
		L2MenuStacker 3.0.10 (l2menustacker)
		L2Tabs 3.0.5+7 (l2tabs)
		L_Ender's Cataclysm 1.21.1 3.33 (cataclysm)
		legendary_monsters 1.21.1 (legendary_monsters)
		lionfishapi 3.1 (lionfishapi)
		Lithostitched 1.7.13 (lithostitched)
		LockDown 1.1.1 (lockdown)
		Lootr 1.21.1-1.11.38.127 (lootr)
		LowDragLib2 2.2.41 (ldlib2)
		Maid Sword Soaring 1.0.7 (maid_sword_soaring)
		Melody 1.0.10 (melody)
		Melody Magic 1.4.0 (melodymagic)
		Minecraft 1.21.1 (minecraft)
		MiniMOTD 2.1.3 (minimotd)
		Minopp 1.4.0+1.21.1+neoforge (minopp)
		MmmMmmMmmMmm 1.21-2.0.12 (dummmmmmy)
		ModernFix 5.27.24+mc1.21.1 (modernfix)
		Moog's Structure Lib 3.3.1 (moogs_structures)
		MoogsSoaringStructures 2.2.0 (mss)
		MoogsVoyagerStructures 5.1.3 (mvs)
		Moonlight Lib 1.21.1-3.0.18 (moonlight)
		Mowzie's Mobs 1.8.2 (mowziesmobs)
		NaNny 1.0.1 (nanny)
		NeoForge 21.1.248 (neoforge)
		Net Music Mod 1.5.2-neoforge+mc1.21.1 (netmusic)
		Nether Depths Upgrade 3.3 (netherdepthsupgrade)
		Night Striker - Dragon Survival Addon 1.0.3 (ds_night_striker_addon)
		Noisium 2.3.0+mc1.21-1.21.1 (noisium)
		Not Enough Recipe Book 0.4.3 (nerb)
		OctoLib 0.6.2 (octolib)
		Oh The Biomes We've Gone 2.6.0 (biomeswevegone)
		Oh The Trees You'll Grow 5.3.2 (ohthetreesyoullgrow)
		PacketFixer 3.3.1 (packetfixer)
		Patchouli 1.21.1-93-NEOFORGE (patchouli)
		Paxi 1.21.1-NeoForge-5.1.3 (paxi)
		Platform 1.3.3 (platform)
		Player Animator 2.0.4+1.21.1 (playeranimator)
		Polymorph 1.1.0+1.21.1 (polymorph)
		PrickleMC 21.1.11 (prickle)
		Puzzles Lib 21.1.52 (puzzleslib)
		Qliphoth Awakening 3.2 (fdbosses)
		Raids: Enhanced 1.0.2 (raidsenhanced)
		Redden's Stone Lanterns 1.0.4 (reddensstonelantern)
		Regions Unexplored 0.6.2 (regions_unexplored)
		Repeatable Trial Vaults 1.0.3 (repeatable_trial_vaults)
		Resource World 1.5.1-bugfix (resource_world)
		Rhenium 1.0.0 (rhenium)
		Rhino 2101.2.7-build.85 (rhino)
		Save My Shit Network 1.4.3-1.21.1 (smsn)
		Server I18n API 1.4.1 (server_i18n_api)
		SimpleLootViewer 21.1.4 (simplelootviewer)
		Sky Villages 1.0.6 (skyvillages)
		Slide Show 0.9.9 (slide_show)
		Sophisticated Backpacks 3.26.3 (sophisticatedbackpacks)
		Sophisticated Core 1.5.1 (sophisticatedcore)
		Soulbound 1.0.1 (soulbound)
		spark 1.10.124 (spark)
		Spiky Spikes 21.1.2 (spikyspikes)
		Star Dragon 2.0.8 (star_dragon)
		Statue Menus 21.1.0 (statuemenus)
		Structure Credits 1.21.1-3.0 (structurecredits)
		TAB 5.2.1 (tab)
		Teleport Waypoint 0.5.0 (teleportwaypoint)
		TerraBlender 4.1.0.8 (terrablender)
		The Twilight Forest 4.8.3345 (twilightforest)
		The Zenith Sword 1.1.2 (zenith)
		Tidal Towns 2.0 (mr_tidal_towns)
		Torchmaster 21.1.13 (torchmaster)
		Touhou Little Maid 1.5.3-neoforge+mc1.21.1 (touhou_little_maid)
		Towers of The Wild: Modded 1.0.9 (totw_modded)
		Trade Refresh 3.0.4 (traderefresh)
		Transmog 1.6.0 (transmog)
		Tundra Dragon (Add-on for Dragon Survival) 1.0.0 (tundradragon)
		Tunes 'n Tomes Mod 1.1.0-HOTFIX (tunes_n_tomes)
		Twilight Flavors & Delight 3.2.2 (twilightdelight)
		Ultramarine 0.7 (ultramarine)
		Universal Bone Meal 21.1.0 (universalbonemeal)
		Universal Boss Respawner 0.1.0 (boss_respawner)
		Untitled Duck Mod 1.7.0 (untitledduckmod)
		Uranus 3.0-beta.1 (uranus)
		VanillaBackport 1.1.7.10 (vanillabackport)
		ViScriptLib 1.1.8.2 (viscript_lib)
		ViScriptShop 1.2.2.3 (viscript_shop)
		Visual Workbench 21.1.2 (visualworkbench)
		VoiceCastAddon 1.0.2 (voicecastaddon)
		Waystones 21.1.46 (waystones)
		When Dungeons Arise 2.1.68 (dungeons_arise)
		When Dungeons Arise: Seven Seas 1.0.4 (dungeons_arise_seven_seas)
		Winefox's Spellbooks 1.0.1 (winefoxs_spellbooks)
		Wing Kirin 3.0.1 (wing_kirin)
		WorldEdit 7.3.8+6939-7d32b45 (worldedit)
		Wyrmroost 1.4.1 (wyrmroost)
		Xaero's Minimap 26.1.0 (xaerominimap)
		Xaero's World Map 1.41.2 (xaeroworldmap)
		XaeroLib 1.1.15 (xaerolib)
		xfws_swords 0.0.8 (xfws_swords)
		YUNG's API 1.21.1-NeoForge-5.1.8 (yungsapi)
		YUNG's Better Desert Temples 1.21.1-NeoForge-4.1.5 (betterdeserttemples)
		YUNG's Better End Island 1.21.1-NeoForge-3.1.2 (betterendisland)
		YUNG's Better Jungle Temples 1.21.1-NeoForge-3.1.2 (betterjungletemples)
		YUNG's Better Mineshafts 1.21.1-NeoForge-5.1.1 (bettermineshafts)
		YUNG's Better Nether Fortresses 1.21.1-NeoForge-3.1.5 (betterfortresses)
		YUNG's Better Ocean Monuments 1.21.1-NeoForge-4.1.2 (betteroceanmonuments)
		YUNG's Better Strongholds 1.21.1-NeoForge-5.1.3 (betterstrongholds)
		YUNG's Better Witch Huts 1.21.1-NeoForge-4.1.1 (betterwitchhuts)
		Yuushya 2.2.3 (yuushya)
		Yuushya Modelling 2.4.1 (yuushya_modelling)
[0610月2026 14:02:16.176] [main/INFO] [net.neoforged.fml.loading.FMLServiceProvider/CORE]: Loading coremod script-engine for [xaerominimap, xaeroworldmap]
[0610月2026 14:02:18.382] [main/INFO] [mixin/]: Compatibility level set to JAVA_21
[0610月2026 14:02:18.489] [main/INFO] [cpw.mods.modlauncher.LaunchServiceHandler/MODLAUNCHER]: Launching target 'forgeserver' with arguments []
[0610月2026 14:02:18.613] [main/INFO] [ModernFix/]: Loaded configuration file for ModernFix 5.27.24+mc1.21.1: 89 options available, 0 override(s) found
[0610月2026 14:02:18.614] [main/INFO] [ModernFix/]: Applying Nashorn fix
[0610月2026 14:02:18.685] [main/INFO] [one.pkg.config.SewliaConfig/]: All configurations saved
[0610月2026 14:02:18.687] [main/INFO] [one.pkg.config.SewliaConfig/]: Reloaded configuration: ModConfig
[0610月2026 14:02:18.687] [main/INFO] [one.pkg.config.SewliaConfig/]: Successfully initialized configuration manager, loaded 1 configuration classes
[0610月2026 14:02:18.688] [main/WARN] [mixin/]: Reference map 'krypton_fnp.refmap.json' for krypton_fnp.mixins.json could not be read. If this is a development environment you can ignore this message
[0610月2026 14:02:18.689] [main/WARN] [mixin/]: Reference map 'yungsapi.refmap.json' for yungsapi.mixins.json could not be read. If this is a development environment you can ignore this message
[0610月2026 14:02:18.690] [main/WARN] [mixin/]: Reference map 'clickadv.refmap.json' for clickadv.mixins.json could not be read. If this is a development environment you can ignore this message
[0610月2026 14:02:18.690] [main/WARN] [mixin/]: Reference map 'fdbosses.refmap.json' for fdbosses.mixins.json could not be read. If this is a development environment you can ignore this message
[0610月2026 14:02:18.690] [main/WARN] [mixin/]: Reference map 'balm.refmap.json' for balm.mixins.json could not be read. If this is a development environment you can ignore this message
[0610月2026 14:02:18.691] [main/WARN] [mixin/]: Reference map 'invincible.mixin-refmap.json' for maid_sword_soaring.mixins.json could not be read. If this is a development environment you can ignore this message
[0610月2026 14:02:18.691] [main/WARN] [mixin/]: Reference map 'prickle.refmap.json' for prickle.mixins.json could not be read. If this is a development environment you can ignore this message
[0610月2026 14:02:18.692] [main/WARN] [mixin/]: Reference map 'betterfortresses.refmap.json' for betterfortresses.mixins.json could not be read. If this is a development environment you can ignore this message
[0610月2026 14:02:18.695] [main/WARN] [mixin/]: Reference map 'yuushya.refmap.json' for yuushya_modelling.mixins.json could not be read. If this is a development environment you can ignore this message
[0610月2026 14:02:18.696] [main/WARN] [mixin/]: Reference map 'torchmaster.refmap.json' for torchmaster.mixins.json could not be read. If this is a development environment you can ignore this message
[0610月2026 14:02:18.696] [main/WARN] [mixin/]: Reference map 'curios.refmap.json' for curios.neoforge.mixins.json could not be read. If this is a development environment you can ignore this message
[0610月2026 14:02:18.696] [main/WARN] [mixin/]: Reference map 'curios.refmap.json' for curios.mixins.json could not be read. If this is a development environment you can ignore this message
[0610月2026 14:02:18.697] [main/WARN] [mixin/]: Reference map 'explosionbreaksnoblock.refmap.json' for explosionbreaksnoblock.mixins.json could not be read. If this is a development environment you can ignore this message
[0610月2026 14:02:18.699] [main/WARN] [mixin/]: Reference map 'worldedit-neoforge.mixins.refmap.json' for worldedit-neoforge.mixins.json could not be read. If this is a development environment you can ignore this message
[0610月2026 14:02:18.700] [main/WARN] [mixin/]: Reference map 'betterendisland.refmap.json' for betterendisland.mixins.json could not be read. If this is a development environment you can ignore this message
[0610月2026 14:02:18.700] [main/WARN] [mixin/]: Reference map 'bettermineshafts.refmap.json' for bettermineshafts.mixins.json could not be read. If this is a development environment you can ignore this message
[0610月2026 14:02:18.702] [main/WARN] [mixin/]: Reference map 'iss_magicfromtheeast.refmap.json' for iss_magicfromtheeast.mixins.json could not be read. If this is a development environment you can ignore this message
[0610月2026 14:02:18.702] [main/WARN] [mixin/]: Reference map 'betterjungletemples.refmap.json' for betterjungletemples.mixins.json could not be read. If this is a development environment you can ignore this message
[0610月2026 14:02:18.704] [main/WARN] [mixin/]: Reference map 'mowziesmobs.refmap.json' for mowziesmobs.mixins.json could not be read. If this is a development environment you can ignore this message
[0610月2026 14:02:18.704] [main/WARN] [mixin/]: Reference map 'irons_lib.refmap.json' for irons_lib.mixins.json could not be read. If this is a development environment you can ignore this message
[0610月2026 14:02:18.705] [main/WARN] [mixin/]: Reference map 'attributefix.refmap.json' for attributefix.mixins.json could not be read. If this is a development environment you can ignore this message
[0610月2026 14:02:18.705] [main/WARN] [mixin/]: Reference map 'paxi.refmap.json' for paxi.mixins.json could not be read. If this is a development environment you can ignore this message
[0610月2026 14:02:18.705] [main/WARN] [mixin/]: Reference map 'paxi.refmap.json' for paxi_neoforge.mixins.json could not be read. If this is a development environment you can ignore this message
[0610月2026 14:02:18.706] [main/WARN] [mixin/]: Reference map 'sweeper.refmap.json' for sweeper.mixins.json could not be read. If this is a development environment you can ignore this message
[0610月2026 14:02:18.706] [main/WARN] [mixin/]: Reference map 'sweeper.neoforge.refmap.json' for sweeper.neoforge.mixins.json could not be read. If this is a development environment you can ignore this message
[0610月2026 14:02:18.710] [main/INFO] [dragon_barrel_roll/]: Do A Barrel Roll not detected. Dragon Barrel Roll running in standalone mode.
[0610月2026 14:02:18.711] [main/WARN] [mixin/]: Reference map 'dragon_barrel_roll.refmap.json' for dragon_barrel_roll.mixins.json could not be read. If this is a development environment you can ignore this message
[0610月2026 14:02:18.711] [main/WARN] [mixin/]: Reference map 'terrablender.refmap.json' for terrablender.mixins.json could not be read. If this is a development environment you can ignore this message
[0610月2026 14:02:18.711] [main/WARN] [mixin/]: Reference map 'terrablender.refmap.json' for terrablender_neoforge.mixins.json could not be read. If this is a development environment you can ignore this message
[0610月2026 14:02:18.712] [main/WARN] [mixin/]: Reference map 'fdlib.refmap.json' for fdlib.mixins.json could not be read. If this is a development environment you can ignore this message
[0610月2026 14:02:18.751] [main/WARN] [mixin/]: Reference map 'xaerominimap.refmap.json' for xaerohud.mixins.json could not be read. If this is a development environment you can ignore this message
[0610月2026 14:02:18.751] [main/WARN] [mixin/]: Reference map 'xaerominimap.refmap.json' for xaerominimap.mixins.json could not be read. If this is a development environment you can ignore this message
[0610月2026 14:02:18.752] [main/WARN] [mixin/]: Reference map 'polymorph.refmap.json' for polymorph.mixins.json could not be read. If this is a development environment you can ignore this message
[0610月2026 14:02:18.753] [main/WARN] [mixin/]: Reference map 'polymorph.refmap.json' for polymorph-compatibility.mixins.json could not be read. If this is a development environment you can ignore this message
[0610月2026 14:02:18.757] [main/WARN] [mixin/]: Reference map 'kuma_api.refmap.json' for kuma_api.mixins.json could not be read. If this is a development environment you can ignore this message
[0610月2026 14:02:18.758] [main/WARN] [mixin/]: Reference map 'transmog-neoforge-1.6.0+1.21.1-refmap.json' for mixins.transmog.common.json could not be read. If this is a development environment you can ignore this message
[0610月2026 14:02:18.758] [main/WARN] [mixin/]: Reference map 'betterwitchhuts.refmap.json' for betterwitchhuts.mixins.json could not be read. If this is a development environment you can ignore this message
[0610月2026 14:02:18.759] [main/WARN] [mixin/]: Reference map 'geckolib.refmap.json' for geckolib.mixins.json could not be read. If this is a development environment you can ignore this message
[0610月2026 14:02:18.759] [main/WARN] [mixin/]: Reference map 'betteroceanmonuments.refmap.json' for betteroceanmonuments.mixins.json could not be read. If this is a development environment you can ignore this message
[0610月2026 14:02:18.759] [main/WARN] [mixin/]: Reference map 'soulbound.refmap.json' for soulbound.mixins.json could not be read. If this is a development environment you can ignore this message
[0610月2026 14:02:18.760] [main/WARN] [mixin/]: Reference map 'xaeroworldmap.refmap.json' for xaeroworldmap.mixins.json could not be read. If this is a development environment you can ignore this message
[0610月2026 14:02:18.760] [main/WARN] [mixin/]: Reference map 'bookshelf.refmap.json' for bookshelf.mixins.json could not be read. If this is a development environment you can ignore this message
[0610月2026 14:02:18.762] [main/WARN] [mixin/]: Reference map 'biomespy.refmap.json' for biomespy.mixins.json could not be read. If this is a development environment you can ignore this message
[0610月2026 14:02:18.762] [main/WARN] [mixin/]: Reference map 'dragon_survival_iaf_integration.refmap.json' for dragon_survival_iaf_integration.mixins.json could not be read. If this is a development environment you can ignore this message
[0610月2026 14:02:18.822] [main/WARN] [mixin/]: Reference map 'carryon.refmap.json' for carryon.mixins.json could not be read. If this is a development environment you can ignore this message
[0610月2026 14:02:18.825] [main/WARN] [mixin/]: Reference map 'melody.refmap.json' for melody.mixins.json could not be read. If this is a development environment you can ignore this message
[0610月2026 14:02:18.825] [main/WARN] [mixin/]: Reference map 'melody.refmap.json' for melody.neoforge.mixins.json could not be read. If this is a development environment you can ignore this message
[0610月2026 14:02:18.825] [main/WARN] [mixin/]: Reference map 'raidsenhanced.refmap.json' for raidsenhanced.mixins.json could not be read. If this is a development environment you can ignore this message
[0610月2026 14:02:18.826] [main/WARN] [mixin/]: Reference map 'konkrete.refmap.json' for konkrete.mixins.json could not be read. If this is a development environment you can ignore this message
[0610月2026 14:02:18.826] [main/WARN] [mixin/]: Reference map 'konkrete.refmap.json' for konkrete.neoforge.mixins.json could not be read. If this is a development environment you can ignore this message
[0610月2026 14:02:18.826] [main/WARN] [mixin/]: Reference map 'lionfishapi.refmap.json' for lionfishapi.mixins.json could not be read. If this is a development environment you can ignore this message
[0610月2026 14:02:18.827] [main/WARN] [mixin/]: Reference map 'touhou_little_maid.refmap.json' for touhou_little_maid.mixins.json could not be read. If this is a development environment you can ignore this message
[0610月2026 14:02:18.828] [main/WARN] [mixin/]: Reference map 'cataclysm.refmap.json' for cataclysm.mixins.json could not be read. If this is a development environment you can ignore this message
[0610月2026 14:02:18.828] [main/WARN] [mixin/]: Reference map 'patchouli.refmap.json' for patchouli_xplat.mixins.json could not be read. If this is a development environment you can ignore this message
[0610月2026 14:02:18.829] [main/WARN] [mixin/]: Reference map 'betterstrongholds.refmap.json' for betterstrongholds.mixins.json could not be read. If this is a development environment you can ignore this message
[0610月2026 14:02:18.831] [main/WARN] [mixin/]: Reference map 'moogs_structures.refmap.json' for moogs_structures-common.mixins.json could not be read. If this is a development environment you can ignore this message
[0610月2026 14:02:18.833] [main/WARN] [mixin/]: Reference map 'dragonsurvival.refmap.json' for dragonsurvival.mixins.json could not be read. If this is a development environment you can ignore this message
[0610月2026 14:02:18.833] [main/WARN] [mixin/]: Reference map 'chatbox.refmap.json' for chatbox.mixins.json could not be read. If this is a development environment you can ignore this message
[0610月2026 14:02:18.834] [main/WARN] [mixin/]: Reference map 'simplelootviewer.refmap.json' for simplelootviewer.mixins.json could not be read. If this is a development environment you can ignore this message
[0610月2026 14:02:18.836] [main/WARN] [mixin/]: Reference map 'xaerolib.refmap.json' for xaerolib.mixins.json could not be read. If this is a development environment you can ignore this message
[0610月2026 14:02:18.836] [main/WARN] [mixin/]: Reference map 'waystones.refmap.json' for waystones.mixins.json could not be read. If this is a development environment you can ignore this message
[0610月2026 14:02:18.836] [main/WARN] [mixin/]: Reference map 'clumps.refmap.json' for clumps.mixins.json could not be read. If this is a development environment you can ignore this message
[0610月2026 14:02:18.837] [main/WARN] [mixin/]: Reference map 'betterdeserttemples.refmap.json' for betterdeserttemples.mixins.json could not be read. If this is a development environment you can ignore this message
[0610月2026 14:02:18.838] [main/WARN] [mixin/]: Reference map 'repeatable_trial_vaults.refmap.json' for repeatable_trial_vaults.mixins.json could not be read. If this is a development environment you can ignore this message
[0610月2026 14:02:18.839] [main/WARN] [mixin/]: Reference map 'damage_number.refmap.json' for damage_number.mixins.json could not be read. If this is a development environment you can ignore this message
[0610月2026 14:02:18.839] [main/WARN] [mixin/]: Reference map '${mod_id}.refmap.json' for regions_unexplored.mixins.json could not be read. If this is a development environment you can ignore this message
[0610月2026 14:02:18.840] [main/WARN] [mixin/]: Reference map '${mod_id}.refmap.json' for regions_unexplored.neoforge.mixins.json could not be read. If this is a development environment you can ignore this message
[0610月2026 14:02:18.841] [main/WARN] [mixin/]: Reference map 'irons_spellbooks.refmap.json' for irons_spellbooks.mixins.json could not be read. If this is a development environment you can ignore this message
[0610月2026 14:02:18.859] [main/WARN] [mixin/]: Reference map '${refmap_target}refmap.json' for ferritecore.predicates.mixin.json could not be read. If this is a development environment you can ignore this message
[0610月2026 14:02:18.860] [main/WARN] [mixin/]: Reference map '${refmap_target}refmap.json' for ferritecore.fastmap.mixin.json could not be read. If this is a development environment you can ignore this message
[0610月2026 14:02:18.860] [main/WARN] [mixin/]: Reference map '${refmap_target}refmap.json' for ferritecore.mrl.mixin.json could not be read. If this is a development environment you can ignore this message
[0610月2026 14:02:18.861] [main/WARN] [mixin/]: Reference map '${refmap_target}refmap.json' for ferritecore.dedupmultipart.mixin.json could not be read. If this is a development environment you can ignore this message
[0610月2026 14:02:18.862] [main/WARN] [mixin/]: Reference map '${refmap_target}refmap.json' for ferritecore.blockstatecache.mixin.json could not be read. If this is a development environment you can ignore this message
[0610月2026 14:02:18.862] [main/WARN] [mixin/]: Reference map '${refmap_target}refmap.json' for ferritecore.dedupbakedquad.mixin.json could not be read. If this is a development environment you can ignore this message
[0610月2026 14:02:18.863] [main/WARN] [mixin/]: Reference map '${refmap_target}refmap.json' for ferritecore.threaddetec.mixin.json could not be read. If this is a development environment you can ignore this message
[0610月2026 14:02:18.863] [main/WARN] [mixin/]: Reference map '${refmap_target}refmap.json' for ferritecore.modelsides.mixin.json could not be read. If this is a development environment you can ignore this message
[0610月2026 14:02:18.864] [main/WARN] [mixin/]: Reference map '${refmap_target}refmap.json' for ferritecore.datacomponents.mixin.json could not be read. If this is a development environment you can ignore this message
[0610月2026 14:02:18.864] [main/WARN] [mixin/]: Reference map '${refmap_target}refmap.json' for ferritecore.accessors.mixin.json could not be read. If this is a development environment you can ignore this message
[0610月2026 14:02:18.877] [main/INFO] [dev.tonimatas.packetfixer.mixins.v1_20_5_neoforge.MixinPlugin/]: Packet Fixer neoforge 1.20.5-1.21.X has been applied successfully.
[0610月2026 14:02:18.919] [main/WARN] [mixin/]: Error loading class: xaero/common/patreon/Patreon (java.lang.ClassNotFoundException: xaero.common.patreon.Patreon)
[0610月2026 14:02:18.919] [main/WARN] [mixin/]: @Mixin target xaero.common.patreon.Patreon was not found smsn.mixins.json:xaero.minimap.PatreonMixin from mod smsn
[0610月2026 14:02:18.921] [main/WARN] [mixin/]: Error loading class: xaero/map/patreon/Patreon (java.lang.ClassNotFoundException: xaero.map.patreon.Patreon)
[0610月2026 14:02:18.922] [main/WARN] [mixin/]: @Mixin target xaero.map.patreon.Patreon was not found smsn.mixins.json:xaero.world_map.PatreonMixin from mod smsn
[0610月2026 14:02:19.058] [main/INFO] [ModMixinBootstrap/]: Mixin one.pkg.mod.krypton_fnp.mixin.network.experimental.ServerLoginPacketListenerImplMixin enabled
[0610月2026 14:02:19.059] [main/INFO] [ModMixinBootstrap/]: Mixin one.pkg.mod.krypton_fnp.mixin.network.experimental.VarLongMixin enabled
[0610月2026 14:02:19.117] [main/WARN] [mixin/]: Error loading class: com/simibubi/create/content/fluids/spout/FillingBySpout (java.lang.ClassNotFoundException: com.simibubi.create.content.fluids.spout.FillingBySpout)
[0610月2026 14:02:19.118] [main/WARN] [mixin/]: @Mixin target com.simibubi.create.content.fluids.spout.FillingBySpout was not found exposure-neoforge.mixins.json:create.FillingBySpoutMixin from mod exposure
[0610月2026 14:02:19.186] [main/WARN] [mixin/]: Error loading class: jeresources/api/util/BiomeHelper (java.lang.ClassNotFoundException: jeresources.api.util.BiomeHelper)
[0610月2026 14:02:19.187] [main/WARN] [mixin/]: Error loading class: yalter/mousetweaks/Main (java.lang.ClassNotFoundException: yalter.mousetweaks.Main)
[0610月2026 14:02:19.246] [main/WARN] [mixin/]: Error loading class: net/minecraft/client/player/KeyboardInput (java.lang.ClassNotFoundException: net.minecraft.client.player.KeyboardInput)
[0610月2026 14:02:19.247] [main/WARN] [mixin/]: @Mixin target net.minecraft.client.player.KeyboardInput was not found fdlib.mixins.json:KeyboardInputMixin from mod fdlib
[0610月2026 14:02:19.257] [main/INFO] [AllTheLeaks/]: Class dev.uncandango.alltheleaks.leaks.common.mods.octolib.UntrackedIssue001 will be loaded as it matches versions: 0.6.2 in [0.5.0.1,)
[0610月2026 14:02:19.257] [main/INFO] [AllTheLeaks/]: Mixins added to allowed list: [main.OctoRenderManagerMixin]
[0610月2026 14:02:19.257] [main/INFO] [AllTheLeaks/]: Class dev.uncandango.alltheleaks.leaks.common.mods.neoforge.Issue1486 will be loaded as it matches versions: 21.1.248 in [21.,)
[0610月2026 14:02:19.258] [main/INFO] [AllTheLeaks/]: Class dev.uncandango.alltheleaks.leaks.common.mods.minecraft.UntrackedIssue003 will be loaded as it matches versions: 1.21.1 in [1.21.1,1.21.1]
[0610月2026 14:02:19.258] [main/INFO] [AllTheLeaks/]: Mixins added to allowed list: [main.DebugSampleSubscriptionTrackerMixin]
[0610月2026 14:02:19.258] [main/INFO] [AllTheLeaks/]: Class dev.uncandango.alltheleaks.leaks.common.mods.minecraft.UntrackedIssue002 will be loaded as it matches versions: 1.21.1 in 1.21.1
[0610月2026 14:02:19.258] [main/INFO] [AllTheLeaks/]: Class dev.uncandango.alltheleaks.leaks.common.mods.minecraft.UntrackedIssue001 will be loaded as it matches versions: 1.21.1 in 1.21.1
[0610月2026 14:02:19.258] [main/INFO] [AllTheLeaks/]: Mixins added to allowed list: [main.EntityTickListMixin]
[0610月2026 14:02:19.258] [main/INFO] [AllTheLeaks/]: Class dev.uncandango.alltheleaks.leaks.common.mods.geckolib.UntrackedIssue001 will be loaded as it matches versions: 4.9.3 in *
[0610月2026 14:02:19.258] [main/INFO] [AllTheLeaks/]: Mixins added to allowed list: [main.SingletonGeoAnimatableMixin]
[0610月2026 14:02:19.259] [main/INFO] [AllTheLeaks/]: Class dev.uncandango.alltheleaks.leaks.common.mods.curios.Issue22 will be loaded as it matches versions: 9.5.1+1.21.1 in [9.0.6,)
[0610月2026 14:02:19.259] [main/INFO] [AllTheLeaks/]: Mixins added to allowed list: [main.CuriosEventHandlerMixin]
[0610月2026 14:02:19.272] [main/INFO] [AllTheLeaks/]: Class dev.uncandango.alltheleaks.feature.common.mods.minecraft.SaveWithLoadedChunks will be loaded as it matches versions: 1.21.1 in 1.21.1
[0610月2026 14:02:19.272] [main/INFO] [AllTheLeaks/]: Class dev.uncandango.alltheleaks.feature.common.mods.minecraft.MemoryMonitor will be loaded as it matches versions: 1.21.1 in 1.21.1
[0610月2026 14:02:19.272] [main/INFO] [AllTheLeaks/]: Mixins added to allowed list: [main.PlayerMixin, main.ChunkAccessMixin, main.LevelMixin, main.MinecraftServerMixin]
[0610月2026 14:02:19.274] [main/INFO] [AllTheLeaks/]: Class dev.uncandango.alltheleaks.diag.common.mods.minecraft.LogSavedData will be loaded as it matches versions: 21.1.248 in [21.1,)
[0610月2026 14:02:19.274] [main/INFO] [AllTheLeaks/]: Mixins added to allowed list: [main.SavedDataMixin]
[0610月2026 14:02:19.285] [main/WARN] [mixin/]: Error loading class: it/hurts/octostudios/octolib/modules/particles/OctoRenderManager (java.lang.ClassNotFoundException: it.hurts.octostudios.octolib.modules.particles.OctoRenderManager)
[0610月2026 14:02:19.285] [main/WARN] [mixin/]: @Mixin target it.hurts.octostudios.octolib.modules.particles.OctoRenderManager was not found alltheleaks.mixins.json:main.OctoRenderManagerMixin from mod alltheleaks
[0610月2026 14:02:19.325] [main/WARN] [mixin/]: Error loading class: com/simibubi/create/content/schematics/SchematicPrinter (java.lang.ClassNotFoundException: com.simibubi.create.content.schematics.SchematicPrinter)
[0610月2026 14:02:19.344] [main/WARN] [mixin/]: Error loading class: com/tiviacz/travelersbackpack/util/BackpackDeathHelper (java.lang.ClassNotFoundException: com.tiviacz.travelersbackpack.util.BackpackDeathHelper)
[0610月2026 14:02:19.344] [main/WARN] [mixin/]: @Mixin target com.tiviacz.travelersbackpack.util.BackpackDeathHelper was not found soulbound.mixins.json:BackpackUtilsMixin from mod soulbound
[0610月2026 14:02:19.519] [main/WARN] [mixin/]: Error loading class: net/minecraft/client/gui/screens/CreateBuffetWorldScreen$BiomeList (java.lang.ClassNotFoundException: net.minecraft.client.gui.screens.CreateBuffetWorldScreen$BiomeList)
[0610月2026 14:02:19.520] [main/WARN] [mixin/]: @Mixin target net.minecraft.client.gui.screens.CreateBuffetWorldScreen$BiomeList was not found regions_unexplored.mixins.json:removals.BiomeListMixin from mod regions_unexplored
[0610月2026 14:02:19.530] [main/ERROR] [net.neoforged.fml.common.asm.RuntimeDistCleaner/DISTXFORM]: Attempted to load class net/minecraft/client/Camera for invalid dist DEDICATED_SERVER
[0610月2026 14:02:19.531] [main/WARN] [mixin/]: Error loading class: net/minecraft/client/Camera (java.lang.RuntimeException: Attempted to load class net/minecraft/client/Camera for invalid dist DEDICATED_SERVER)
[0610月2026 14:02:19.531] [main/WARN] [mixin/]: @Mixin target net.minecraft.client.Camera was not found legendary_monsters.mixins.json:CameraInvoker from mod legendary_monsters
[0610月2026 14:02:19.645] [main/WARN] [mixin/]: Error loading class: it/hurts/octostudios/octolib/modules/particles/OctoRenderManager (java.lang.ClassNotFoundException: it.hurts.octostudios.octolib.modules.particles.OctoRenderManager)
[0610月2026 14:02:19.646] [main/WARN] [mixin/]: Error loading class: it/hurts/octostudios/octolib/modules/particles/OctoRenderManager (java.lang.ClassNotFoundException: it.hurts.octostudios.octolib.modules.particles.OctoRenderManager)
[0610月2026 14:02:19.768] [main/INFO] [MixinExtras|Service/]: Initializing MixinExtras via com.llamalad7.mixinextras.service.MixinExtrasServiceImpl(version=0.5.3).
[0610月2026 14:02:19.823] [main/WARN] [mixin/]: Static binding violation: PRIVATE @Overwrite method decoratedId in modernfix-modernfix.mixins.json:perf.tag_id_caching.TagOrElementLocationMixin from mod modernfix cannot reduce visibiliy of PUBLIC target method, visibility will be upgraded.
[0610月2026 14:02:20.334] [main/WARN] [oshi.driver.windows.perfmon.PerfmonDisabled/]: Invalid registry value type detected for PerfOS counters. Should be REG_DWORD. Ignoring: HKEY_LOCAL_MACHINE\SYSTEM\CurrentControlSet\Services\PerfOS\Performance\Disable Performance Counters.
[0610月2026 14:02:20.581] [main/INFO] [net.minecraft.server.Bootstrap/]: ModernFix reached bootstrap stage (8.182 s after launch)
[0610月2026 14:02:21.666] [main/WARN] [mixin/]: Static binding violation: PRIVATE @Overwrite method getTemperature in modernfix-modernfix.mixins.json:perf.remove_biome_temperature_cache.BiomeMixin from mod modernfix cannot reduce visibiliy of PUBLIC target method, visibility will be upgraded.
[0610月2026 14:02:22.129] [main/WARN] [mixin/]: Method overwrite conflict for scheduleRandomTick in corgilib-common.mixins.json:chunk.MixinChunkAccess from mod corgilib, previously written by dev.corgitaco.ohthetreesyoullgrow.mixin.chunk.MixinChunkAccess. Skipping method.
[0610月2026 14:02:22.129] [main/WARN] [mixin/]: Method overwrite conflict for getScheduledRandomTicks in corgilib-common.mixins.json:chunk.MixinChunkAccess from mod corgilib, previously written by dev.corgitaco.ohthetreesyoullgrow.mixin.chunk.MixinChunkAccess. Skipping method.
[0610月2026 14:02:23.523] [main/WARN] [mixin/]: Method overwrite conflict for clone in biomespy.mixins.json:compat.terrablender.ParameterListMixin from mod biomespy, previously written by terrablender.mixin.MixinParameterList. Skipping method.
[0610月2026 14:02:23.707] [main/INFO] [net.minecraft.server.Bootstrap/]: Vanilla bootstrap took 3122 milliseconds
[0610月2026 14:02:23.847] [modloading-worker-0/INFO] [ModSharedBootstrap/]: KryptonFNP is now accelerating your Minecraft server's networking stack 🚀
[0610月2026 14:02:23.852] [modloading-worker-0/INFO] [LowDragLib2/]: LowDragLib2 is initializing on platform: NeoForge
[0610月2026 14:02:23.857] [modloading-worker-0/INFO] [noisium/]: Loading Noisium.
[0610月2026 14:02:23.861] [modloading-worker-0/INFO] [Explosion Breaks No Block/]: Ciallo～(∠·ω< )⌒★
[0610月2026 14:02:23.879] [modloading-worker-0/INFO] [com.convallyria.hugestructureblocks.HugeStructureBlocksMod/]: Huge Structure Blocks is now making your structure blocks even bigger!
[0610月2026 14:02:23.879] [modloading-worker-0/INFO] [com.convallyria.hugestructureblocks.HugeStructureBlocksMod/]: New structure size = 512
[0610月2026 14:02:23.893] [modloading-worker-0/INFO] [Puzzles Lib/]: Constructing components for statuemenus:common
[0610月2026 14:02:23.893] [modloading-worker-0/INFO] [Puzzles Lib/]: Constructing components for easyanvils:common
[0610月2026 14:02:23.900] [modloading-worker-0/INFO] [Puzzles Lib/]: Constructing components for enchantinginfuser:common
[0610月2026 14:02:23.922] [modloading-worker-0/INFO] [net.neoforged.neoforge.common.NeoForgeMod/NEOFORGE-MOD]: NeoForge mod loading, version 21.1.248, for MC 1.21.1
[0610月2026 14:02:23.944] [modloading-worker-0/INFO] [Torchmaster/]: Initializing Torchmaster for platform NeoForge
[0610月2026 14:02:23.944] [modloading-worker-0/INFO] [Torchmaster/]: Debug Logging Enabled: false
[0610月2026 14:02:23.947] [modloading-worker-0/INFO] [Puzzles Lib/]: Constructing components for universalbonemeal:common
[0610月2026 14:02:23.949] [modloading-worker-0/INFO] [Puzzles Lib/]: Constructing components for visualworkbench:common
[0610月2026 14:02:23.971] [modloading-worker-0/INFO] [ModSharedBootstrap/]: Compression will use RecastXZ 2 (Windows x86_64), encryption will use Java
[0610月2026 14:02:23.975] [modloading-worker-0/INFO] [Puzzles Lib/]: Constructing components for armorstatues:common
[0610月2026 14:02:24.015] [modloading-worker-0/INFO] [Puzzles Lib/]: Constructing components for spikyspikes:common
[0610月2026 14:02:24.034] [modloading-worker-0/INFO] [com.iafenvoy.jupiter.Jupiter/]: Config spec system detected, register to Jupiter Config System.
[0610月2026 14:02:24.036] [modloading-worker-0/INFO] [Hotai/]: Patched class: io/redspace/ironsspellbooks/spells/fire/FlamingStrikeSpell
[0610月2026 14:02:24.046] [modloading-worker-0/INFO] [com.iafenvoy.jupiter.Jupiter/]: Cloth Config API detected, register to Jupiter Config System.
[0610月2026 14:02:24.099] [modloading-worker-0/INFO] [Puzzles Lib/]: Dispatching loading event for config easyanvils-common.toml
[0610月2026 14:02:24.200] [modloading-worker-0/INFO] [Puzzles Lib/]: Constructing components for puzzleslib:common
[0610月2026 14:02:24.225] [modloading-worker-0/WARN] [net.minecraft.server.packs.VanillaPackResourcesBuilder/]: Assets URL 'union:/D:/ZonlongIX/BeLoong%20Server/%5B25565%5Ddelete-test/libraries/net/minecraft/server/1.21.1-20240808.144430/server-1.21.1-20240808.144430-srg.jar%23309!/assets/.mcassetsroot' uses unexpected schema
[0610月2026 14:02:24.225] [modloading-worker-0/WARN] [net.minecraft.server.packs.VanillaPackResourcesBuilder/]: Assets URL 'union:/D:/ZonlongIX/BeLoong%20Server/%5B25565%5Ddelete-test/libraries/net/minecraft/server/1.21.1-20240808.144430/server-1.21.1-20240808.144430-srg.jar%23309!/data/.mcassetsroot' uses unexpected schema
[0610月2026 14:02:24.402] [modloading-worker-0/WARN] [de.keksuccino.melody.Melody/]: [MELODY] Disabling Melody since it's loaded server-side.
[0610月2026 14:02:24.491] [modloading-worker-0/INFO] [de.keksuccino.konkrete.Konkrete/]: [KONKRETE] Loading v1.9.9 in server-side mode on NEOFORGE!
[0610月2026 14:02:24.491] [modloading-worker-0/INFO] [de.keksuccino.konkrete.Konkrete/]: ---------------------------
[0610月2026 14:02:24.492] [modloading-worker-0/INFO] [de.keksuccino.konkrete.Konkrete/]: KONKRETE SHIPS AND USES THE FOLLOWING LIBRARIES:
[0610月2026 14:02:24.492] [modloading-worker-0/INFO] [de.keksuccino.konkrete.Konkrete/]:  
[0610月2026 14:02:24.492] [modloading-worker-0/INFO] [de.keksuccino.konkrete.Konkrete/]: Open Imaging Copyright © 2014 Dhyan Blum.
[0610月2026 14:02:24.492] [modloading-worker-0/INFO] [de.keksuccino.konkrete.Konkrete/]: Open Imaging is licensed under Apache-2.0.
[0610月2026 14:02:24.492] [modloading-worker-0/INFO] [de.keksuccino.konkrete.Konkrete/]:  
[0610月2026 14:02:24.492] [modloading-worker-0/INFO] [de.keksuccino.konkrete.Konkrete/]: JsonPath Copyright © 2017 Jayway.
[0610月2026 14:02:24.492] [modloading-worker-0/INFO] [de.keksuccino.konkrete.Konkrete/]: JsonPath is licensed under Apache-2.0.
[0610月2026 14:02:24.492] [modloading-worker-0/INFO] [de.keksuccino.konkrete.Konkrete/]:  
[0610月2026 14:02:24.492] [modloading-worker-0/INFO] [de.keksuccino.konkrete.Konkrete/]: Json-smart Copyright © netplex.
[0610月2026 14:02:24.492] [modloading-worker-0/INFO] [de.keksuccino.konkrete.Konkrete/]: Json-smart is licensed under Apache-2.0.
[0610月2026 14:02:24.492] [modloading-worker-0/INFO] [de.keksuccino.konkrete.Konkrete/]:  
[0610月2026 14:02:24.492] [modloading-worker-0/INFO] [de.keksuccino.konkrete.Konkrete/]: Exp4j Copyright © Frank Asseg.
[0610月2026 14:02:24.493] [modloading-worker-0/INFO] [de.keksuccino.konkrete.Konkrete/]: Exp4j is licensed under Apache-2.0. https://github.com/fasseg/exp4j
[0610月2026 14:02:24.493] [modloading-worker-0/INFO] [de.keksuccino.konkrete.Konkrete/]: ---------------------------
[0610月2026 14:02:24.493] [modloading-worker-0/INFO] [de.keksuccino.konkrete.Konkrete/]: [KONKRETE] Server-side modules initialized and ready to use!
[0610月2026 14:02:24.507] [modloading-worker-0/INFO] [xaero.common.HudMod/]: Registering common data for channel xaerominimap:main!
[0610月2026 14:02:24.524] [modloading-worker-0/INFO] [twilightforest.beanification.BeanContext/]: Starting Bean Context
[0610月2026 14:02:24.535] [modloading-worker-0/INFO] [Collective/]: Loading Collective version 8.40.
[0610月2026 14:02:24.568] [modloading-worker-0/INFO] [com.cupboard.Cupboard/]: Loaded config for: cupboard.json
[0610月2026 14:02:24.686] [modloading-worker-0/INFO] [net.potionstudios.biomeswevegone.BiomesWeveGone/]: Registering Oh The Biomes We've Gone data components
[0610月2026 14:02:24.716] [modloading-worker-0/INFO] [xaero.common.HudMod/]: Loading primary common config for channel xaerominimap:main!
[0610月2026 14:02:24.738] [modloading-worker-0/INFO] [xaero.common.HudMod/]: Loading server config profiles for channel xaerominimap:main!
[0610月2026 14:02:24.750] [modloading-worker-0/INFO] [xaero.lib.XaeroLib/]: Registering common data for channel xaerolib:main!
[0610月2026 14:02:24.754] [modloading-worker-0/INFO] [xaero.lib.XaeroLib/]: Loading primary common config for channel xaerolib:main!
[0610月2026 14:02:24.764] [modloading-worker-0/INFO] [xaero.lib.XaeroLib/]: Loading server config profiles for channel xaerolib:main!
[0610月2026 14:02:24.767] [modloading-worker-0/INFO] [Puzzles Lib/]: Constructing components for cutthrough:common
[0610月2026 14:02:24.775] [modloading-worker-0/INFO] [xaero.map.WorldMap/]: Registering common data for channel xaeroworldmap:main!
[0610月2026 14:02:24.784] [modloading-worker-0/INFO] [Moonlight/]: Sending changed configs to client
[0610月2026 14:02:24.792] [modloading-worker-0/INFO] [xaero.map.WorldMap/]: Loading primary common config for channel xaeroworldmap:main!
[0610月2026 14:02:24.801] [modloading-worker-0/INFO] [xaero.map.WorldMap/]: Loading server config profiles for channel xaeroworldmap:main!
[0610月2026 14:02:24.811] [modloading-worker-0/INFO] [com.wintercogs.beyonddimensions.BeyondDimensions/]: Discovered 15 common integration modules and 2 client integration modules
[0610月2026 14:02:24.823] [modloading-worker-0/INFO] [KubeJS/]: Loading vanilla registries...
[0610月2026 14:02:24.830] [modloading-worker-0/INFO] [be.florens.expandability.ExpandAbility/]: ExpandAbility here, who dis?
[0610月2026 14:02:24.870] [modloading-worker-0/INFO] [KubeJS/]: Looking for KubeJS plugins...
[0610月2026 14:02:24.871] [modloading-worker-0/INFO] [net.potionstudios.biomeswevegone.BiomesWeveGone/]: Registering Oh The Biomes We've Gone items
[0610月2026 14:02:24.879] [modloading-worker-0/INFO] [KubeJS/]: Found plugin source kubejs
[0610月2026 14:02:24.911] [modloading-worker-0/WARN] [KubeJS/]: Plugin dev.latvian.mods.kubejs.plugin.builtin.BuiltinKubeJSClientPlugin does not load on server side, skipping
[0610月2026 14:02:24.914] [modloading-worker-0/INFO] [KubeJS/]: Found plugin source exposure
[0610月2026 14:02:24.917] [modloading-worker-0/INFO] [KubeJS/]: Found plugin source ldlib2
[0610月2026 14:02:24.922] [modloading-worker-0/INFO] [KubeJS/]: Found plugin source touhou_little_maid
[0610月2026 14:02:24.926] [modloading-worker-0/INFO] [KubeJS/]: Found plugin source viscript_shop
[0610月2026 14:02:24.928] [modloading-worker-0/INFO] [KubeJS/]: Found plugin source beyonddimensions
[0610月2026 14:02:24.930] [modloading-worker-0/INFO] [KubeJS/]: Found plugin source chatbox
[0610月2026 14:02:24.933] [modloading-worker-0/INFO] [KubeJS/]: Found plugin source ftbxmodcompat
[0610月2026 14:02:24.950] [modloading-worker-0/WARN] [KubeJS/]: Plugin dev.ftb.mods.ftbxmodcompat.neoforge.ftbfiltersystem.kubejs.FFSKubeJSPlugin does not have required mod 'ftbfiltersystem' loaded, skipping
[0610月2026 14:02:24.959] [modloading-worker-0/INFO] [KubeJS/]: Done in 81.01 ms
[0610月2026 14:02:24.982] [modloading-worker-0/INFO] [STDOUT/]: [net.nicguzzo.wands.config.WandsConfig:load_config:303]: Config updated!
[0610月2026 14:02:24.983] [modloading-worker-0/INFO] [STDOUT/]: [net.nicguzzo.wands.config.WandsConfig:load_config:307]: Config loaded!
[0610月2026 14:02:25.104] [modloading-worker-0/INFO] [net.blay09.mods.balm.neoforge.config.NeoForgeBalmConfig/]: Registering config for waystones:common (COMMON) with 38 properties.
[0610月2026 14:02:25.109] [modloading-worker-0/INFO] [FTB XMod Compat/]: [FTB Quests] Enabled KubeJS integration
[0610月2026 14:02:25.114] [modloading-worker-0/INFO] [touhou_little_maid/]: common default pack init start...
[0610月2026 14:02:25.126] [modloading-worker-0/INFO] [FTB XMod Compat/]: [FTB Chunks] Enabled KubeJS integration
[0610月2026 14:02:25.234] [modloading-worker-0/INFO] [net.potionstudios.biomeswevegone.BiomesWeveGone/]: Registering Oh The Biomes We've Gone Blocks
[0610月2026 14:02:25.256] [modloading-worker-0/INFO] [xyz.jpenilla.minimotd.common.MiniMOTD/]: Done initializing MiniMOTD
[0610月2026 14:02:25.332] [modloading-worker-0/INFO] [net.potionstudios.biomeswevegone.BiomesWeveGone/]: Registering Oh The Biomes We've Gone Wood
[0610月2026 14:02:25.338] [modloading-worker-0/INFO] [net.potionstudios.biomeswevegone.BiomesWeveGone/]: Registering Oh The Biomes We've Gone Block Entities
[0610月2026 14:02:25.338] [modloading-worker-0/INFO] [net.potionstudios.biomeswevegone.BiomesWeveGone/]: Registering Oh The Biomes We've Gone Entities
[0610月2026 14:02:25.343] [modloading-worker-0/INFO] [net.potionstudios.biomeswevegone.BiomesWeveGone/]: Registering Oh The Biomes We've Gone Creative Tabs
[0610月2026 14:02:25.352] [modloading-worker-0/INFO] [net.potionstudios.biomeswevegone.BiomesWeveGone/]: Registering Oh The Biomes We've Gone Sounds
[0610月2026 14:02:25.357] [modloading-worker-0/INFO] [net.potionstudios.biomeswevegone.BiomesWeveGone/]: Registering Oh The Biomes We've Gone Block Predicate
[0610月2026 14:02:25.370] [modloading-worker-0/INFO] [net.potionstudios.biomeswevegone.BiomesWeveGone/]: Registering Oh The Biomes We've Gone State Providers
[0610月2026 14:02:25.382] [modloading-worker-0/INFO] [net.potionstudios.biomeswevegone.BiomesWeveGone/]: Registering Oh The Biomes We've Gone Tree Decorators
[0610月2026 14:02:25.406] [modloading-worker-0/INFO] [net.potionstudios.biomeswevegone.BiomesWeveGone/]: Registering Oh The Biomes We've Gone Custom Features
[0610月2026 14:02:25.410] [modloading-worker-0/INFO] [net.potionstudios.biomeswevegone.BiomesWeveGone/]: Registering Oh The Biomes We've Gone Structure Pieces
[0610月2026 14:02:25.415] [modloading-worker-0/INFO] [net.potionstudios.biomeswevegone.BiomesWeveGone/]: Registering Oh The Biomes We've Gone Custom Structure Types
[0610月2026 14:02:25.426] [modloading-worker-0/INFO] [net.potionstudios.biomeswevegone.BiomesWeveGone/]: Registering Oh The Biomes We've Gone Configured Features
[0610月2026 14:02:25.481] [modloading-worker-0/INFO] [net.potionstudios.biomeswevegone.BiomesWeveGone/]: Creating and Registering Overworld Vegetation Configured Features
[0610月2026 14:02:25.574] [modloading-worker-0/INFO] [twilightforest.beanification.BeanContext/]: Bean Context loaded in 1050 ms
[0610月2026 14:02:25.722] [modloading-worker-0/INFO] [net.potionstudios.biomeswevegone.BiomesWeveGone/]: Registering Oh The Biomes We've Gone Tree Configured Features
[0610月2026 14:02:25.725] [modloading-worker-0/INFO] [net.potionstudios.biomeswevegone.BiomesWeveGone/]: Creating and Registering Vanilla Configured Features
[0610月2026 14:02:25.739] [modloading-worker-0/INFO] [net.potionstudios.biomeswevegone.BiomesWeveGone/]: Registering Oh The Biomes You'll Go Overworld Configured Features
[0610月2026 14:02:25.753] [modloading-worker-0/INFO] [net.potionstudios.biomeswevegone.BiomesWeveGone/]: Registering Oh The Biomes We've Gone Placed Features
[0610月2026 14:02:25.767] [modloading-worker-0/INFO] [net.potionstudios.biomeswevegone.BiomesWeveGone/]: Creating and Registering Overworld Tree Placed Features
[0610月2026 14:02:25.783] [modloading-worker-0/INFO] [net.potionstudios.biomeswevegone.BiomesWeveGone/]: Creating and Registering Overworld Vegetation Placed Features
[0610月2026 14:02:25.787] [modloading-worker-0/INFO] [net.potionstudios.biomeswevegone.BiomesWeveGone/]: Creating and Registering Vanilla Placed Features
[0610月2026 14:02:25.788] [modloading-worker-0/INFO] [net.potionstudios.biomeswevegone.BiomesWeveGone/]: Registering Oh The Biomes We've Gone Custom Surface Rules
[0610月2026 14:02:25.827] [modloading-worker-0/INFO] [net.potionstudios.biomeswevegone.BiomesWeveGone/]: Registering Oh The Biomes We've Gone Template Pools
[0610月2026 14:02:25.873] [modloading-worker-0/INFO] [net.potionstudios.biomeswevegone.BiomesWeveGone/]: Registering Oh The Biome's We've Gone Village Template Pools
[0610月2026 14:02:25.875] [modloading-worker-0/INFO] [net.potionstudios.biomeswevegone.BiomesWeveGone/]: Registering Oh The Biomes We've Gone Poi Types
[0610月2026 14:02:25.877] [modloading-worker-0/INFO] [net.potionstudios.biomeswevegone.BiomesWeveGone/]: Registering Oh The Biomes We've Gone Villager Professions
[0610月2026 14:02:25.880] [modloading-worker-0/INFO] [net.potionstudios.biomeswevegone.BiomesWeveGone/]: Registering Oh The Biomes We've Gone Custom Structure Processors
[0610月2026 14:02:25.882] [modloading-worker-0/INFO] [net.potionstudios.biomeswevegone.BiomesWeveGone/]: Registering Oh The Biomes We've Gone villager types
[0610月2026 14:02:25.884] [modloading-worker-0/INFO] [net.potionstudios.biomeswevegone.BiomesWeveGone/]: Registering Oh The Biomes We've Gone Schedules
[0610月2026 14:02:25.886] [modloading-worker-0/INFO] [net.potionstudios.biomeswevegone.BiomesWeveGone/]: Registering Oh The Biomes We've Gone Memory Module Types
[0610月2026 14:02:25.891] [modloading-worker-0/INFO] [net.potionstudios.biomeswevegone.BiomesWeveGone/]: Registering Oh The Biomes We've Gone Sensor Types
[0610月2026 14:02:25.895] [modloading-worker-0/INFO] [net.potionstudios.biomeswevegone.BiomesWeveGone/]: Registering Oh The Biomes We've Gone Map Decoration Types
[0610月2026 14:02:25.904] [modloading-worker-0/INFO] [net.potionstudios.biomeswevegone.BiomesWeveGone/]: Registering Oh The Biomes We've Gone Entity SubPredicates
[0610月2026 14:02:25.982] [modloading-worker-0/INFO] [yuushya/]: Yuushya has been loaded successfully!
[0610月2026 14:02:26.387] [modloading-worker-0/ERROR] [net.neoforged.fml.common.asm.RuntimeDistCleaner/DISTXFORM]: Attempted to load class net/minecraft/client/Minecraft for invalid dist DEDICATED_SERVER
[0610月2026 14:02:26.388] [modloading-worker-0/INFO] [STDERR/]: [dev.latvian.mods.rhino.CachedClassInfo:getDeclaredMethods:194]: [Rhino] Failed to get declared methods for com.lowdragmc.lowdraglib2.editor.resource.IRendererResource: java.lang.RuntimeException: Attempted to load class net/minecraft/client/Minecraft for invalid dist DEDICATED_SERVER
[0610月2026 14:02:26.503] [modloading-worker-0/INFO] [KubeJS Startup/]: Loaded script startup_scripts:item_attackDamage.js in 0.046 s
[0610月2026 14:02:26.509] [modloading-worker-0/INFO] [KubeJS Startup/]: Loaded script startup_scripts:items.js in 0.006 s
[0610月2026 14:02:26.511] [modloading-worker-0/INFO] [KubeJS Startup/]: Loaded script startup_scripts:items_modification.js in 0.002 s
[0610月2026 14:02:26.523] [modloading-worker-0/INFO] [KubeJS Startup/]: Loaded script startup_scripts:items_modification_attribute.js in 0.011 s
[0610月2026 14:02:26.530] [modloading-worker-0/INFO] [KubeJS Startup/]: Loaded 4/4 KubeJS startup scripts in 1.36 s with 0 errors and 0 warnings
[0610月2026 14:02:26.636] [modloading-worker-0/INFO] [touhou_little_maid/]: common default pack init finished, cost time: 1502.204 ms
[0610月2026 14:02:26.674] [modloading-worker-0/WARN] [net.magicterra.winefoxsspellbooks.WinefoxsSpellbooks/]: Found a leftover config file at D:\ZonlongIX\BeLoong Server\[25565]delete-test\config\winefoxs_spellbooks-common.toml. Winefox's Spellbooks now reads winefoxs_spellbooks-server.toml from the same folder; copy your values over, the old file is ignored.
[0610月2026 14:02:26.762] [modloading-worker-0/INFO] [KubeJS Startup/]: Validated 1174 files in kubejs/data/ in 212ms
[0610月2026 14:02:26.784] [modloading-worker-0/INFO] [FTB Library/]: registered docs provider mod: patchouli
[0610月2026 14:02:28.575] [modloading-sync-worker/INFO] [Moonlight/]: Initialized block sets in 26ms
[0610月2026 14:02:29.355] [modloading-sync-worker/INFO] [Moonlight/]: Sending changed configs to client
[0610月2026 14:02:29.392] [modloading-worker-0/INFO] [net.bandit.darkdoppelganger.DarkDoppelgangerMod/]: Common setup for Dark Doppelganger Mod
[0610月2026 14:02:29.392] [modloading-worker-0/INFO] [com.strangesmell.melodymagic.MelodyMagic/]: DIRT BLOCK >> minecraft:dirt
[0610月2026 14:02:29.393] [modloading-worker-0/INFO] [com.strangesmell.melodymagic.MelodyMagic/]: The magic number is... 42
[0610月2026 14:02:29.393] [modloading-worker-0/INFO] [xaero.lib.XaeroLib/]: Loading XaeroLib common 1/2!
[0610月2026 14:02:29.394] [modloading-worker-0/INFO] [ultramarine/]: Ultramarine Mod Loading...
[0610月2026 14:02:29.402] [NeoForge Version Check/INFO] [net.neoforged.fml.VersionChecker/]: Global NeoForge version check system disabled, no further processing.
[0610月2026 14:02:29.403] [modloading-worker-0/INFO] [incontrol/]: Enabling support for KubeJS
[0610月2026 14:02:29.461] [modloading-worker-0/INFO] [terrablender/]: Registered region minecraft:overworld to index 0 for type OVERWORLD
[0610月2026 14:02:29.463] [modloading-worker-0/INFO] [terrablender/]: Registered region minecraft:nether to index 0 for type NETHER
[0610月2026 14:02:29.463] [modloading-worker-0/INFO] [terrablender/]: Registered region vanillabackport:overworld to index 1 for type OVERWORLD
[0610月2026 14:02:29.500] [modloading-worker-0/INFO] [com.zonlong.iceandfiredreadland.IceAndFireDreadLand/]: Ice And Fire - Dread Land 正在初始化...
[0610月2026 14:02:29.515] [modloading-worker-0/INFO] [FTB Library/]: Setting game stages provider implementation to: KubeJS Stages
[0610月2026 14:02:29.515] [modloading-worker-0/INFO] [FTB XMod Compat/]: Chose [KubeJS Stages] as the active game stages implementation
[0610月2026 14:02:29.516] [modloading-worker-0/INFO] [FTB XMod Compat/]: Chose [FALLBACK] as the active permissions implementation
[0610月2026 14:02:29.518] [modloading-worker-0/INFO] [FTB Library/]: Setting permissions currency implementation to: <NONE>
[0610月2026 14:02:29.519] [modloading-worker-0/INFO] [FTB XMod Compat/]: Chose [<NONE>] as the active currency implementation
[0610月2026 14:02:29.521] [modloading-worker-0/INFO] [FTB XMod Compat/]: [FTB Quests] recipe helper provider is [JEI]
[0610月2026 14:02:29.523] [modloading-worker-0/INFO] [FTB XMod Compat/]: [FTB Chunks] Enabled Waystones integration
[0610月2026 14:02:29.524] [modloading-worker-0/INFO] [com.zonlong.beloong.BeLoongCore/]: BeLoong Launch!
[0610月2026 14:02:29.524] [modloading-worker-0/INFO] [net.nicguzzo.wands.WandsMod/]: Has opac!! false
[0610月2026 14:02:29.524] [modloading-worker-0/INFO] [net.nicguzzo.wands.WandsMod/]: Has ftbchunks!! true
[0610月2026 14:02:29.524] [modloading-worker-0/INFO] [net.nicguzzo.wands.WandsMod/]: Has flan!! false
[0610月2026 14:02:29.669] [modloading-worker-0/INFO] [com.sk89q.worldedit.extension.platform.PlatformManager/]: Got request to register class com.sk89q.worldedit.neoforge.NeoForgePlatform with WorldEdit [com.sk89q.worldedit.extension.platform.PlatformManager@53954a0b]
[0610月2026 14:02:29.671] [modloading-worker-0/INFO] [com.sk89q.worldedit.neoforge.NeoForgeWorldEdit/]: WorldEdit for NeoForge (version 7.3.8+6939-7d32b45) is loaded
[0610月2026 14:02:29.698] [modloading-sync-worker/INFO] [net.potionstudios.biomeswevegone.BiomesWeveGone/]: Creating and Registering BWG Biome Modifiers for Vanilla Biomes
[0610月2026 14:02:29.698] [modloading-sync-worker/INFO] [net.potionstudios.biomeswevegone.BiomesWeveGone/]: Will add Palm Trees to 
[0610月2026 14:02:29.698] [modloading-sync-worker/INFO] [net.potionstudios.biomeswevegone.BiomesWeveGone/]: Will add Flower Patch, Clover Patch, Blue Rose Bush and Blue Berry Bushes to 
[0610月2026 14:02:29.699] [modloading-sync-worker/INFO] [net.potionstudios.biomeswevegone.BiomesWeveGone/]: Will add Flower Patch, Clover Patch, White Anemone, Pink Anemone, Orange Daisy, Horseweed and rose to 
[0610月2026 14:02:29.699] [modloading-sync-worker/INFO] [net.potionstudios.biomeswevegone.BiomesWeveGone/]: Will add Flower Patch, Clover Patch, White Anemone, Pink Anemone, Orange Daisy, Horseweed and rose to 
[0610月2026 14:02:29.699] [modloading-sync-worker/INFO] [net.potionstudios.biomeswevegone.BiomesWeveGone/]: Will add Green/Cyan/Magenta/Purple/Yellow Tulips, Rose, Orange Daisy, Flower and Clover Patches to 
[0610月2026 14:02:29.700] [modloading-sync-worker/INFO] [net.potionstudios.biomeswevegone.BiomesWeveGone/]: Creating and Registering BWG Biome Modifiers for Vanilla Biomes
[0610月2026 14:02:29.700] [modloading-sync-worker/INFO] [net.potionstudios.biomeswevegone.BiomesWeveGone/]: Will add Green/Cyan/Magenta/Purple/Yellow Tulips, Rose, Orange Daisy, Flower and Clover Patches to 
[0610月2026 14:02:29.700] [modloading-sync-worker/INFO] [net.potionstudios.biomeswevegone.BiomesWeveGone/]: Will add Palm Trees to 
[0610月2026 14:02:29.700] [modloading-sync-worker/INFO] [net.potionstudios.biomeswevegone.BiomesWeveGone/]: Will add Flower Patch, Clover Patch, Blue Rose Bush and Blue Berry Bushes to 
[0610月2026 14:02:29.700] [modloading-sync-worker/INFO] [net.potionstudios.biomeswevegone.BiomesWeveGone/]: Will add Palm Trees to 
[0610月2026 14:02:29.700] [modloading-sync-worker/INFO] [net.potionstudios.biomeswevegone.BiomesWeveGone/]: Will add Flower Patch, Clover Patch, White Anemone, Pink Anemone, Orange Daisy, Horseweed and rose to 
[0610月2026 14:02:29.700] [modloading-sync-worker/INFO] [net.potionstudios.biomeswevegone.BiomesWeveGone/]: Will add Flower Patch, Clover Patch, White Anemone, Pink Anemone, Orange Daisy, Horseweed and rose to 
[0610月2026 14:02:29.701] [modloading-sync-worker/INFO] [net.potionstudios.biomeswevegone.BiomesWeveGone/]: Will add Flower Patch, Clover Patch, White Anemone, Pink Anemone, Orange Daisy, Horseweed and rose to 
[0610月2026 14:02:29.701] [modloading-sync-worker/INFO] [net.potionstudios.biomeswevegone.BiomesWeveGone/]: Will add Flower Patch, Clover Patch, Blue Rose Bush and Blue Berry Bushes to 
[0610月2026 14:02:29.701] [modloading-sync-worker/INFO] [net.potionstudios.biomeswevegone.BiomesWeveGone/]: Will add Green/Cyan/Magenta/Purple/Yellow Tulips, Rose, Orange Daisy, Flower and Clover Patches to 
[0610月2026 14:02:29.701] [modloading-sync-worker/INFO] [net.potionstudios.biomeswevegone.BiomesWeveGone/]: Will add Flower Patch, Clover Patch, White Anemone, Pink Anemone, Orange Daisy, Horseweed and rose to 
[0610月2026 14:02:29.710] [modloading-sync-worker/INFO] [terrablender/]: Registered region biomeswevegone:region_0 to index 2 for type OVERWORLD
[0610月2026 14:02:29.710] [modloading-sync-worker/INFO] [terrablender/]: Registered region biomeswevegone:region_1 to index 3 for type OVERWORLD
[0610月2026 14:02:29.710] [modloading-sync-worker/INFO] [terrablender/]: Registered region biomeswevegone:region_2 to index 4 for type OVERWORLD
[0610月2026 14:02:29.767] [modloading-sync-worker/INFO] [Moonlight/]: Initialized color sets in 37ms
[0610月2026 14:02:29.891] [modloading-sync-worker/INFO] [com.finderfeed.fdlib.FDLib/]: Loading FD animations...
[0610月2026 14:02:29.891] [modloading-sync-worker/INFO] [com.finderfeed.fdlib.FDLib/]: Loading animation: fdbosses:chesed_item_idle
[0610月2026 14:02:29.898] [modloading-sync-worker/INFO] [com.finderfeed.fdlib.FDLib/]: Loading animation: fdbosses:malkuth_warrior_attack
[0610月2026 14:02:29.899] [modloading-sync-worker/INFO] [com.finderfeed.fdlib.FDLib/]: Loading animation: raidsenhanced:raid_airship_illager_observe
[0610月2026 14:02:29.900] [modloading-sync-worker/INFO] [com.finderfeed.fdlib.FDLib/]: Loading animation: fdbosses:malkuth_summon_fireballs
[0610月2026 14:02:29.903] [modloading-sync-worker/INFO] [com.finderfeed.fdlib.FDLib/]: Loading animation: fdbosses:malkuth_jump_and_land
[0610月2026 14:02:29.906] [modloading-sync-worker/INFO] [com.finderfeed.fdlib.FDLib/]: Loading animation: fdbosses:chesed_monolith_turn_off
[0610月2026 14:02:29.906] [modloading-sync-worker/INFO] [com.finderfeed.fdlib.FDLib/]: Loading animation: fdbosses:justice_hammer_smack
[0610月2026 14:02:29.906] [modloading-sync-worker/INFO] [com.finderfeed.fdlib.FDLib/]: Loading animation: fdbosses:malkuth_jump_crush_attack_full
[0610月2026 14:02:29.907] [modloading-sync-worker/INFO] [com.finderfeed.fdlib.FDLib/]: Loading animation: fdbosses:netzach_fall_end
[0610月2026 14:02:29.908] [modloading-sync-worker/INFO] [com.finderfeed.fdlib.FDLib/]: Loading animation: raidsenhanced:raider_drill_burrow
[0610月2026 14:02:29.909] [modloading-sync-worker/INFO] [com.finderfeed.fdlib.FDLib/]: Loading animation: fdbosses:chesed_monolith_idle
[0610月2026 14:02:29.911] [modloading-sync-worker/INFO] [com.finderfeed.fdlib.FDLib/]: Loading animation: fdbosses:chesed_roll_up
[0610月2026 14:02:29.912] [modloading-sync-worker/INFO] [com.finderfeed.fdlib.FDLib/]: Loading animation: fdbosses:netzach_cast_something
[0610月2026 14:02:29.913] [modloading-sync-worker/INFO] [com.finderfeed.fdlib.FDLib/]: Loading animation: fdbosses:malkuth_warrior_die
[0610月2026 14:02:29.913] [modloading-sync-worker/INFO] [com.finderfeed.fdlib.FDLib/]: Loading animation: raidsenhanced:raid_airship_death
[0610月2026 14:02:29.914] [modloading-sync-worker/INFO] [com.finderfeed.fdlib.FDLib/]: Loading animation: raidsenhanced:electromancer_attack_1
[0610月2026 14:02:29.914] [modloading-sync-worker/INFO] [com.finderfeed.fdlib.FDLib/]: Loading animation: fdbosses:netzach_throw_gear_left
[0610月2026 14:02:29.915] [modloading-sync-worker/INFO] [com.finderfeed.fdlib.FDLib/]: Loading animation: fdbosses:malkuth_fist_grab
[0610月2026 14:02:29.915] [modloading-sync-worker/INFO] [com.finderfeed.fdlib.FDLib/]: Loading animation: raidsenhanced:electromancer_ray_cast
[0610月2026 14:02:29.916] [modloading-sync-worker/INFO] [com.finderfeed.fdlib.FDLib/]: Loading animation: fdbosses:malkuth_pull_and_punch
[0610月2026 14:02:29.918] [modloading-sync-worker/INFO] [com.finderfeed.fdlib.FDLib/]: Loading animation: raidsenhanced:player_blimp_perpeller
[0610月2026 14:02:29.918] [modloading-sync-worker/INFO] [com.finderfeed.fdlib.FDLib/]: Loading animation: fdbosses:chesed_appear
[0610月2026 14:02:29.919] [modloading-sync-worker/INFO] [com.finderfeed.fdlib.FDLib/]: Loading animation: raidsenhanced:raid_airship_idle
[0610月2026 14:02:29.919] [modloading-sync-worker/INFO] [com.finderfeed.fdlib.FDLib/]: Loading animation: raidsenhanced:illager_golem_walk_no_hands
[0610月2026 14:02:29.920] [modloading-sync-worker/INFO] [com.finderfeed.fdlib.FDLib/]: Loading animation: fdbosses:malkuth_jump_crush_attack_end
[0610月2026 14:02:29.921] [modloading-sync-worker/INFO] [com.finderfeed.fdlib.FDLib/]: Loading animation: raidsenhanced:illager_golem_bombs
[0610月2026 14:02:29.921] [modloading-sync-worker/INFO] [com.finderfeed.fdlib.FDLib/]: Loading animation: fdbosses:divine_gear_summon
[0610月2026 14:02:29.921] [modloading-sync-worker/INFO] [com.finderfeed.fdlib.FDLib/]: Loading animation: fdbosses:geburah_fire_all_cannons
[0610月2026 14:02:29.923] [modloading-sync-worker/INFO] [com.finderfeed.fdlib.FDLib/]: Loading animation: fdbosses:malkuth_summon_anim
[0610月2026 14:02:29.924] [modloading-sync-worker/INFO] [com.finderfeed.fdlib.FDLib/]: Loading animation: raidsenhanced:player_blimp_turn_right
[0610月2026 14:02:29.924] [modloading-sync-worker/INFO] [com.finderfeed.fdlib.FDLib/]: Loading animation: raidsenhanced:electromancer_charge_stick
[0610月2026 14:02:29.925] [modloading-sync-worker/INFO] [com.finderfeed.fdlib.FDLib/]: Loading animation: raidsenhanced:player_blimp_dangle_lights
[0610月2026 14:02:29.925] [modloading-sync-worker/INFO] [com.finderfeed.fdlib.FDLib/]: Loading animation: fdbosses:chesed_roll_up_just_end
[0610月2026 14:02:29.926] [modloading-sync-worker/INFO] [com.finderfeed.fdlib.FDLib/]: Loading animation: raidsenhanced:illager_golem_idle
[0610月2026 14:02:29.927] [modloading-sync-worker/INFO] [com.finderfeed.fdlib.FDLib/]: Loading animation: fdbosses:malkuth_jump_with_crush
[0610月2026 14:02:29.928] [modloading-sync-worker/INFO] [com.finderfeed.fdlib.FDLib/]: Loading animation: fdbosses:chesed_earthquake_cast
[0610月2026 14:02:29.930] [modloading-sync-worker/INFO] [com.finderfeed.fdlib.FDLib/]: Loading animation: fdbosses:chesed_boom_attack
[0610月2026 14:02:29.931] [modloading-sync-worker/INFO] [com.finderfeed.fdlib.FDLib/]: Loading animation: fdbosses:malkuth_death
[0610月2026 14:02:29.933] [modloading-sync-worker/INFO] [com.finderfeed.fdlib.FDLib/]: Loading animation: raidsenhanced:raider_drill_idle
[0610月2026 14:02:29.933] [modloading-sync-worker/INFO] [com.finderfeed.fdlib.FDLib/]: Loading animation: raidsenhanced:electromancer_ray_charge
[0610月2026 14:02:29.934] [modloading-sync-worker/INFO] [com.finderfeed.fdlib.FDLib/]: Loading animation: fdbosses:malkuth_cannon_repair
[0610月2026 14:02:29.934] [modloading-sync-worker/INFO] [com.finderfeed.fdlib.FDLib/]: Loading animation: fdbosses:chesed_death
[0610月2026 14:02:29.936] [modloading-sync-worker/INFO] [com.finderfeed.fdlib.FDLib/]: Loading animation: fdbosses:malkuth_screen_appear
[0610月2026 14:02:29.937] [modloading-sync-worker/INFO] [com.finderfeed.fdlib.FDLib/]: Loading animation: fdbosses:geburah_appear
[0610月2026 14:02:29.938] [modloading-sync-worker/INFO] [com.finderfeed.fdlib.FDLib/]: Loading animation: fdbosses:chesed_roll_up_end
[0610月2026 14:02:29.938] [modloading-sync-worker/INFO] [com.finderfeed.fdlib.FDLib/]: Loading animation: fdlib:testanim
[0610月2026 14:02:29.939] [modloading-sync-worker/INFO] [com.finderfeed.fdlib.FDLib/]: Loading animation: fdbosses:netzach_idle
[0610月2026 14:02:29.939] [modloading-sync-worker/INFO] [com.finderfeed.fdlib.FDLib/]: Loading animation: fdbosses:malkuth_cannon_shoot
[0610月2026 14:02:29.939] [modloading-sync-worker/INFO] [com.finderfeed.fdlib.FDLib/]: Loading animation: raidsenhanced:illager_golem_heavy_strike
[0610月2026 14:02:29.940] [modloading-sync-worker/INFO] [com.finderfeed.fdlib.FDLib/]: Loading animation: fdbosses:malkuth_warrior_slam_earth
[0610月2026 14:02:29.940] [modloading-sync-worker/INFO] [com.finderfeed.fdlib.FDLib/]: Loading animation: fdbosses:geburah_tilt_left
[0610月2026 14:02:29.940] [modloading-sync-worker/INFO] [com.finderfeed.fdlib.FDLib/]: Loading animation: fdbosses:malkuth_single_earthquake_fire
[0610月2026 14:02:29.941] [modloading-sync-worker/INFO] [com.finderfeed.fdlib.FDLib/]: Loading animation: raidsenhanced:illager_golem_walk
[0610月2026 14:02:29.942] [modloading-sync-worker/INFO] [com.finderfeed.fdlib.FDLib/]: Loading animation: fdbosses:malkuth_jump_crush_attack_midair
[0610月2026 14:02:29.943] [modloading-sync-worker/INFO] [com.finderfeed.fdlib.FDLib/]: Loading animation: fdbosses:chesed_rockfall_cast
[0610月2026 14:02:29.944] [modloading-sync-worker/INFO] [com.finderfeed.fdlib.FDLib/]: Loading animation: fdbosses:malkuth_warrior_walk
[0610月2026 14:02:29.944] [modloading-sync-worker/INFO] [com.finderfeed.fdlib.FDLib/]: Loading animation: fdbosses:malkuth_screen_idle
[0610月2026 14:02:29.945] [modloading-sync-worker/INFO] [com.finderfeed.fdlib.FDLib/]: Loading animation: raidsenhanced:electromancer_walk
[0610月2026 14:02:29.946] [modloading-sync-worker/INFO] [com.finderfeed.fdlib.FDLib/]: Loading animation: raidsenhanced:illager_golem_whirlwind
[0610月2026 14:02:29.946] [modloading-sync-worker/INFO] [com.finderfeed.fdlib.FDLib/]: Loading animation: fdbosses:ray_reflector_activate
[0610月2026 14:02:29.946] [modloading-sync-worker/INFO] [com.finderfeed.fdlib.FDLib/]: Loading animation: fdbosses:chesed_second_phase_strike_walls
[0610月2026 14:02:29.947] [modloading-sync-worker/INFO] [com.finderfeed.fdlib.FDLib/]: Loading animation: fdbosses:malkuth_slash_ice
[0610月2026 14:02:29.948] [modloading-sync-worker/INFO] [com.finderfeed.fdlib.FDLib/]: Loading animation: fdbosses:test_malkuth
[0610月2026 14:02:29.949] [modloading-sync-worker/INFO] [com.finderfeed.fdlib.FDLib/]: Loading animation: fdbosses:chesed_item_use
[0610月2026 14:02:29.949] [modloading-sync-worker/INFO] [com.finderfeed.fdlib.FDLib/]: Loading animation: fdbosses:malkuth_cannon_summon
[0610月2026 14:02:29.949] [modloading-sync-worker/INFO] [com.finderfeed.fdlib.FDLib/]: Loading animation: fdbosses:divine_gear_item_idle
[0610月2026 14:02:29.949] [modloading-sync-worker/INFO] [com.finderfeed.fdlib.FDLib/]: Loading animation: fdbosses:malkuth_cannon_break
[0610月2026 14:02:29.950] [modloading-sync-worker/INFO] [com.finderfeed.fdlib.FDLib/]: Loading animation: fdbosses:netzach_push_away
[0610月2026 14:02:29.950] [modloading-sync-worker/INFO] [com.finderfeed.fdlib.FDLib/]: Loading animation: raidsenhanced:player_blimp_turn_left
[0610月2026 14:02:29.950] [modloading-sync-worker/INFO] [com.finderfeed.fdlib.FDLib/]: Loading animation: raidsenhanced:player_blimp_air_idle
[0610月2026 14:02:29.951] [modloading-sync-worker/INFO] [com.finderfeed.fdlib.FDLib/]: Loading animation: fdbosses:netzach_crush
[0610月2026 14:02:29.951] [modloading-sync-worker/INFO] [com.finderfeed.fdlib.FDLib/]: Loading animation: raidsenhanced:raid_airship_throw_bomb
[0610月2026 14:02:29.952] [modloading-sync-worker/INFO] [com.finderfeed.fdlib.FDLib/]: Loading animation: raidsenhanced:illager_golem_strike_2
[0610月2026 14:02:29.952] [modloading-sync-worker/INFO] [com.finderfeed.fdlib.FDLib/]: Loading animation: fdbosses:geburah_stomp
[0610月2026 14:02:29.952] [modloading-sync-worker/INFO] [com.finderfeed.fdlib.FDLib/]: Loading animation: fdbosses:malkuth_jump_to_float
[0610月2026 14:02:29.953] [modloading-sync-worker/INFO] [com.finderfeed.fdlib.FDLib/]: Loading animation: fdbosses:chesed_screen_appear
[0610月2026 14:02:29.954] [modloading-sync-worker/INFO] [com.finderfeed.fdlib.FDLib/]: Loading animation: fdbosses:malkuth_fist_flying
[0610月2026 14:02:29.954] [modloading-sync-worker/INFO] [com.finderfeed.fdlib.FDLib/]: Loading animation: fdbosses:malkuth_crystal_summon
[0610月2026 14:02:29.954] [modloading-sync-worker/INFO] [com.finderfeed.fdlib.FDLib/]: Loading animation: fdbosses:judgement_bird_fly
[0610月2026 14:02:29.954] [modloading-sync-worker/INFO] [com.finderfeed.fdlib.FDLib/]: Loading animation: raidsenhanced:raider_drill_unburrow
[0610月2026 14:02:29.954] [modloading-sync-worker/INFO] [com.finderfeed.fdlib.FDLib/]: Loading animation: fdbosses:judgement_bird_cast
[0610月2026 14:02:29.956] [modloading-sync-worker/INFO] [com.finderfeed.fdlib.FDLib/]: Loading animation: fdbosses:electric_orb_idle
[0610月2026 14:02:29.956] [modloading-sync-worker/INFO] [com.finderfeed.fdlib.FDLib/]: Loading animation: raidsenhanced:electromancer_walk_no_hands
[0610月2026 14:02:29.956] [modloading-sync-worker/INFO] [com.finderfeed.fdlib.FDLib/]: Loading animation: fdbosses:chesed_second_phase_prepare
[0610月2026 14:02:29.957] [modloading-sync-worker/INFO] [com.finderfeed.fdlib.FDLib/]: Loading animation: fdbosses:chesed_roll
[0610月2026 14:02:29.958] [modloading-sync-worker/INFO] [com.finderfeed.fdlib.FDLib/]: Loading animation: raidsenhanced:electromancer_attack_2
[0610月2026 14:02:29.958] [modloading-sync-worker/INFO] [com.finderfeed.fdlib.FDLib/]: Loading animation: fdbosses:netzach_rolling_gear_left
[0610月2026 14:02:29.959] [modloading-sync-worker/INFO] [com.finderfeed.fdlib.FDLib/]: Loading animation: fdbosses:malkuth_single_earthquake_ice
[0610月2026 14:02:29.960] [modloading-sync-worker/INFO] [com.finderfeed.fdlib.FDLib/]: Loading animation: fdbosses:chesed_crystal_spawn
[0610月2026 14:02:29.960] [modloading-sync-worker/INFO] [com.finderfeed.fdlib.FDLib/]: Loading animation: fdbosses:malkuth_idle
[0610月2026 14:02:29.961] [modloading-sync-worker/INFO] [com.finderfeed.fdlib.FDLib/]: Loading animation: fdbosses:chesed_roll_roll
[0610月2026 14:02:29.962] [modloading-sync-worker/INFO] [com.finderfeed.fdlib.FDLib/]: Loading animation: fdbosses:netzach_fall
[0610月2026 14:02:29.962] [modloading-sync-worker/INFO] [com.finderfeed.fdlib.FDLib/]: Loading animation: fdbosses:geburah_tilt_right
[0610月2026 14:02:29.962] [modloading-sync-worker/INFO] [com.finderfeed.fdlib.FDLib/]: Loading animation: fdbosses:malkuth_sword_forward
[0610月2026 14:02:29.963] [modloading-sync-worker/INFO] [com.finderfeed.fdlib.FDLib/]: Loading animation: fdbosses:chesed_idle
[0610月2026 14:02:29.963] [modloading-sync-worker/INFO] [com.finderfeed.fdlib.FDLib/]: Loading animation: fdbosses:malkuth_carousel_slash_1
[0610月2026 14:02:29.964] [modloading-sync-worker/INFO] [com.finderfeed.fdlib.FDLib/]: Loading animation: fdbosses:malkuth_jump_crush_attack_start
[0610月2026 14:02:29.965] [modloading-sync-worker/INFO] [com.finderfeed.fdlib.FDLib/]: Loading animation: raidsenhanced:electromancer_lightnings_cast
[0610月2026 14:02:29.966] [modloading-sync-worker/INFO] [com.finderfeed.fdlib.FDLib/]: Loading animation: fdbosses:netzach_rolling_gear_right
[0610月2026 14:02:29.966] [modloading-sync-worker/INFO] [com.finderfeed.fdlib.FDLib/]: Loading animation: fdbosses:malkuth_slash_fire
[0610月2026 14:02:29.968] [modloading-sync-worker/INFO] [com.finderfeed.fdlib.FDLib/]: Loading animation: fdbosses:malkuth_float
[0610月2026 14:02:29.969] [modloading-sync-worker/INFO] [com.finderfeed.fdlib.FDLib/]: Loading animation: fdbosses:divine_gear_death
[0610月2026 14:02:29.969] [modloading-sync-worker/INFO] [com.finderfeed.fdlib.FDLib/]: Loading animation: fdbosses:malkuth_summon_throw_side_stones
[0610月2026 14:02:29.970] [modloading-sync-worker/INFO] [com.finderfeed.fdlib.FDLib/]: Loading animation: fdbosses:malkuth_warrior_idle
[0610月2026 14:02:29.970] [modloading-sync-worker/INFO] [com.finderfeed.fdlib.FDLib/]: Loading animation: fdbosses:netzach_throw_gear_right
[0610月2026 14:02:29.971] [modloading-sync-worker/INFO] [com.finderfeed.fdlib.FDLib/]: Loading animation: raidsenhanced:electromancer_idle
[0610月2026 14:02:29.971] [modloading-sync-worker/INFO] [com.finderfeed.fdlib.FDLib/]: Loading animation: fdbosses:malkuth_jump_forward_prepare
[0610月2026 14:02:29.972] [modloading-sync-worker/INFO] [com.finderfeed.fdlib.FDLib/]: Loading animation: fdbosses:kinetic_field_spawn
[0610月2026 14:02:29.973] [modloading-sync-worker/INFO] [com.finderfeed.fdlib.FDLib/]: Loading animation: fdbosses:divine_gear_idle
[0610月2026 14:02:29.973] [modloading-sync-worker/INFO] [com.finderfeed.fdlib.FDLib/]: Loading animation: raidsenhanced:illager_golem_death
[0610月2026 14:02:29.973] [modloading-sync-worker/INFO] [com.finderfeed.fdlib.FDLib/]: Loading animation: fdbosses:chesed_attack
[0610月2026 14:02:29.974] [modloading-sync-worker/INFO] [com.finderfeed.fdlib.FDLib/]: Loading animation: fdbosses:netzach_attack_series_1
[0610月2026 14:02:29.974] [modloading-sync-worker/INFO] [com.finderfeed.fdlib.FDLib/]: Loading animation: fdbosses:geburah_bell_ring
[0610月2026 14:02:29.974] [modloading-sync-worker/INFO] [com.finderfeed.fdlib.FDLib/]: Loading animation: fdbosses:chesed_cast
[0610月2026 14:02:29.975] [modloading-sync-worker/INFO] [com.finderfeed.fdlib.FDLib/]: Loading animation: fdbosses:malkuth_giant_sword_attack
[0610月2026 14:02:29.977] [modloading-sync-worker/INFO] [com.finderfeed.fdlib.FDLib/]: Loading animation: fdbosses:malkuth_crush_attack_attack
[0610月2026 14:02:29.977] [modloading-sync-worker/INFO] [com.finderfeed.fdlib.FDLib/]: Loading animation: raidsenhanced:illager_golem_strike_1
[0610月2026 14:02:29.978] [modloading-sync-worker/INFO] [com.finderfeed.fdlib.FDLib/]: Loading animation: raidsenhanced:electromancer_ray_cast_stop
[0610月2026 14:02:29.978] [modloading-sync-worker/INFO] [com.finderfeed.fdlib.FDLib/]: Loading animation: raidsenhanced:raid_airship_fly
[0610月2026 14:02:29.978] [modloading-sync-worker/INFO] [com.finderfeed.fdlib.FDLib/]: FD Animations loaded!
[0610月2026 14:02:29.978] [modloading-sync-worker/INFO] [com.finderfeed.fdlib.FDLib/]: Loading FD models...
[0610月2026 14:02:29.978] [modloading-sync-worker/INFO] [com.finderfeed.fdlib.FDLib/]: Loading model: raidsenhanced:raid_airship_part_1
[0610月2026 14:02:29.983] [modloading-sync-worker/INFO] [com.finderfeed.fdlib.FDLib/]: Loading model: fdbosses:chesed_crystal
[0610月2026 14:02:29.984] [modloading-sync-worker/INFO] [com.finderfeed.fdlib.FDLib/]: Loading model: fdbosses:judgement_bird
[0610月2026 14:02:29.984] [modloading-sync-worker/INFO] [com.finderfeed.fdlib.FDLib/]: Loading model: fdbosses:malkuth_cannon_projectile
[0610月2026 14:02:29.985] [modloading-sync-worker/INFO] [com.finderfeed.fdlib.FDLib/]: Loading model: fdbosses:electric_orb
[0610月2026 14:02:29.985] [modloading-sync-worker/INFO] [com.finderfeed.fdlib.FDLib/]: Loading model: fdbosses:malkuth_crush_attack
[0610月2026 14:02:29.987] [modloading-sync-worker/INFO] [com.finderfeed.fdlib.FDLib/]: Loading model: fdbosses:chesed_kinetic_field
[0610月2026 14:02:29.989] [modloading-sync-worker/INFO] [com.finderfeed.fdlib.FDLib/]: Loading model: fdbosses:player_model
[0610月2026 14:02:29.989] [modloading-sync-worker/INFO] [com.finderfeed.fdlib.FDLib/]: Loading model: fdbosses:malkuth_earthquake_part
[0610月2026 14:02:29.989] [modloading-sync-worker/INFO] [com.finderfeed.fdlib.FDLib/]: Loading model: raidsenhanced:raid_airship
[0610月2026 14:02:29.991] [modloading-sync-worker/INFO] [com.finderfeed.fdlib.FDLib/]: Loading model: raidsenhanced:raider_drill
[0610月2026 14:02:29.991] [modloading-sync-worker/INFO] [com.finderfeed.fdlib.FDLib/]: Loading model: fdbosses:malkuth_sword
[0610月2026 14:02:29.991] [modloading-sync-worker/INFO] [com.finderfeed.fdlib.FDLib/]: Loading model: fdbosses:malkuth_repair_crystal
[0610月2026 14:02:29.992] [modloading-sync-worker/INFO] [com.finderfeed.fdlib.FDLib/]: Loading model: fdbosses:boss_spawner
[0610月2026 14:02:29.992] [modloading-sync-worker/INFO] [com.finderfeed.fdlib.FDLib/]: Loading model: fdbosses:malkuth_cannon
[0610月2026 14:02:29.993] [modloading-sync-worker/INFO] [com.finderfeed.fdlib.FDLib/]: Loading model: fdbosses:malkuth_fist
[0610月2026 14:02:29.993] [modloading-sync-worker/INFO] [com.finderfeed.fdlib.FDLib/]: Loading model: fdbosses:judgement_ball
[0610月2026 14:02:29.993] [modloading-sync-worker/INFO] [com.finderfeed.fdlib.FDLib/]: Loading model: fdbosses:chesed
[0610月2026 14:02:29.993] [modloading-sync-worker/INFO] [com.finderfeed.fdlib.FDLib/]: Loading model: fdbosses:malkuth_platform
[0610月2026 14:02:29.994] [modloading-sync-worker/INFO] [com.finderfeed.fdlib.FDLib/]: Loading model: raidsenhanced:raid_airship_part_2
[0610月2026 14:02:29.994] [modloading-sync-worker/INFO] [com.finderfeed.fdlib.FDLib/]: Loading model: raidsenhanced:golem_of_last_resort
[0610月2026 14:02:29.994] [modloading-sync-worker/INFO] [com.finderfeed.fdlib.FDLib/]: Loading model: fdbosses:judgement_ball
[0610月2026 14:02:29.994] [modloading-sync-worker/INFO] [com.finderfeed.fdlib.FDLib/]: Loading model: fdbosses:divine_gear
[0610月2026 14:02:29.995] [modloading-sync-worker/INFO] [com.finderfeed.fdlib.FDLib/]: Loading model: fdbosses:chesed
[0610月2026 14:02:29.995] [modloading-sync-worker/INFO] [com.finderfeed.fdlib.FDLib/]: Loading model: fdbosses:geburah_no_core
[0610月2026 14:02:29.996] [modloading-sync-worker/INFO] [com.finderfeed.fdlib.FDLib/]: Loading model: fdbosses:geburah_bell
[0610月2026 14:02:29.996] [modloading-sync-worker/INFO] [com.finderfeed.fdlib.FDLib/]: Loading model: fdbosses:malkuth_screen
[0610月2026 14:02:29.997] [modloading-sync-worker/INFO] [com.finderfeed.fdlib.FDLib/]: Loading model: raidsenhanced:raid_airship_bomb
[0610月2026 14:02:29.997] [modloading-sync-worker/INFO] [com.finderfeed.fdlib.FDLib/]: Loading model: fdbosses:malkuth_fist_flying
[0610月2026 14:02:29.997] [modloading-sync-worker/INFO] [com.finderfeed.fdlib.FDLib/]: Loading model: fdbosses:justitia
[0610月2026 14:02:29.997] [modloading-sync-worker/INFO] [com.finderfeed.fdlib.FDLib/]: Loading model: fdbosses:malkuth_warrior
[0610月2026 14:02:29.997] [modloading-sync-worker/INFO] [com.finderfeed.fdlib.FDLib/]: Loading model: fdbosses:malkuth_boulder_ice
[0610月2026 14:02:29.997] [modloading-sync-worker/INFO] [com.finderfeed.fdlib.FDLib/]: Loading model: fdbosses:malkuth_boulder_fire
[0610月2026 14:02:29.997] [modloading-sync-worker/INFO] [com.finderfeed.fdlib.FDLib/]: Loading model: fdbosses:chesed_ray_reflector
[0610月2026 14:02:29.997] [modloading-sync-worker/INFO] [com.finderfeed.fdlib.FDLib/]: Loading model: fdbosses:boss_spawner
[0610月2026 14:02:29.998] [modloading-sync-worker/INFO] [com.finderfeed.fdlib.FDLib/]: Loading model: fdbosses:clock_pendulum
[0610月2026 14:02:29.998] [modloading-sync-worker/INFO] [com.finderfeed.fdlib.FDLib/]: Loading model: fdbosses:geburah
[0610月2026 14:02:29.998] [modloading-sync-worker/INFO] [com.finderfeed.fdlib.FDLib/]: Loading model: fdbosses:gear_attack
[0610月2026 14:02:29.998] [modloading-sync-worker/INFO] [com.finderfeed.fdlib.FDLib/]: Loading model: fdbosses:malkuth
[0610月2026 14:02:29.999] [modloading-sync-worker/INFO] [com.finderfeed.fdlib.FDLib/]: Loading model: fdbosses:netzach
[0610月2026 14:02:29.999] [modloading-sync-worker/INFO] [com.finderfeed.fdlib.FDLib/]: Loading model: fdbosses:malkuth_fist
[0610月2026 14:02:29.999] [modloading-sync-worker/INFO] [com.finderfeed.fdlib.FDLib/]: Loading model: raidsenhanced:electromancer
[0610月2026 14:02:29.999] [modloading-sync-worker/INFO] [com.finderfeed.fdlib.FDLib/]: Loading model: raidsenhanced:raid_blimp_cannon_projectile
[0610月2026 14:02:29.999] [modloading-sync-worker/INFO] [com.finderfeed.fdlib.FDLib/]: Loading model: raidsenhanced:player_blimp
[0610月2026 14:02:30.000] [modloading-sync-worker/INFO] [com.finderfeed.fdlib.FDLib/]: Loading model: fdlib:test
[0610月2026 14:02:30.000] [modloading-sync-worker/INFO] [com.finderfeed.fdlib.FDLib/]: Loading model: fdbosses:chesed_item
[0610月2026 14:02:30.000] [modloading-sync-worker/INFO] [com.finderfeed.fdlib.FDLib/]: Loading model: fdbosses:malkuth_boss_spawner
[0610月2026 14:02:30.000] [modloading-sync-worker/INFO] [com.finderfeed.fdlib.FDLib/]: Loading model: fdbosses:judgement_bird
[0610月2026 14:02:30.000] [modloading-sync-worker/INFO] [com.finderfeed.fdlib.FDLib/]: Loading model: fdlib:test
[0610月2026 14:02:30.000] [modloading-sync-worker/INFO] [com.finderfeed.fdlib.FDLib/]: Loading model: fdbosses:chesed
[0610月2026 14:02:30.001] [modloading-sync-worker/INFO] [com.finderfeed.fdlib.FDLib/]: Loading model: fdbosses:wip
[0610月2026 14:02:30.001] [modloading-sync-worker/INFO] [com.finderfeed.fdlib.FDLib/]: Loading model: fdbosses:chesed_monolith
[0610月2026 14:02:30.001] [modloading-sync-worker/INFO] [com.finderfeed.fdlib.FDLib/]: Loading model: fdbosses:justice_hammer
[0610月2026 14:02:30.001] [modloading-sync-worker/INFO] [com.finderfeed.fdlib.FDLib/]: FD Models loaded!
[0610月2026 14:02:30.003] [modloading-sync-worker/INFO] [star_dragon/]: Star Dragon mod common setup complete
[0610月2026 14:02:30.006] [modloading-sync-worker/INFO] [com.zonlong.beloong.BeLoongCore/]: [BeLoong] registered beloong-namespaced surface rules (disaster-dimension custom biomes)
[0610月2026 14:02:30.007] [modloading-worker-0/INFO] [xaero.minimap.XaeroMinimap/]: Loading Xaero's Minimap - Stage 1/2 (Server)
[0610月2026 14:02:30.007] [modloading-worker-0/INFO] [xaero.lib.XaeroLib/]: Loading XaeroLib server 1/2!
[0610月2026 14:02:30.008] [modloading-worker-0/INFO] [xaero.map.server.WorldMapServer/]: Loading Xaero's World Map - Stage 1/2 (Server)
[0610月2026 14:02:30.009] [modloading-sync-worker/INFO] [xaero.lib.XaeroLib/]: Loading XaeroLib common 2/2!
[0610月2026 14:02:30.010] [modloading-sync-worker/INFO] [xaero.lib.XaeroLib/]: Loading XaeroLib server 2/2!
[0610月2026 14:02:30.010] [modloading-sync-worker/INFO] [xaero.map.server.WorldMapServer/]: Loading Xaero's World Map - Stage 2/2 (Server)
[0610月2026 14:02:30.010] [modloading-sync-worker/INFO] [xaero.minimap.XaeroMinimap/]: Loading Xaero's Minimap - Stage 2/2 (Server)
[0610月2026 14:02:30.104] [modloading-worker-0/INFO] [io.redspace.ironsspellbooks.IronsSpellbooks/]: Got IMC []
[0610月2026 14:02:30.119] [modloading-worker-0/INFO] [AttributeFix/]: Changing maximum value for minecraft:generic.armor from 30.0 to 1000000.0.
[0610月2026 14:02:30.121] [modloading-worker-0/INFO] [AttributeFix/]: Changing maximum value for minecraft:generic.armor_toughness from 20.0 to 1000000.0.
[0610月2026 14:02:30.123] [modloading-worker-0/INFO] [AttributeFix/]: Changing maximum value for minecraft:generic.attack_damage from 2048.0 to 1000000.0.
[0610月2026 14:02:30.125] [modloading-worker-0/INFO] [AttributeFix/]: Changing maximum value for minecraft:generic.attack_knockback from 5.0 to 1000000.0.
[0610月2026 14:02:30.143] [modloading-worker-0/INFO] [AttributeFix/]: Changing maximum value for minecraft:generic.max_health from 1024.0 to 1000000.0.
[0610月2026 14:02:30.147] [modloading-worker-0/INFO] [snownee.jade.Jade/]: Start loading plugin from net.blay09.mods.balm.neoforge.compat.hudinfo.NeoForgeJadeModCompat
[0610月2026 14:02:30.155] [modloading-worker-0/INFO] [snownee.jade.Jade/]: Start loading plugin from io.github.mortuusars.exposure.integration.jade.ExposureJadePlugin
[0610月2026 14:02:30.157] [modloading-worker-0/INFO] [snownee.jade.Jade/]: Start loading plugin from com.iafenvoy.iceandfire.compat.jade.IceAndFireJadePlugin
[0610月2026 14:02:30.157] [modloading-worker-0/INFO] [snownee.jade.Jade/]: Start loading plugin from noobanidus.mods.lootr.common.integration.jade.LootrWailaPlugin
[0610月2026 14:02:30.158] [modloading-worker-0/INFO] [snownee.jade.Jade/]: Start loading plugin from twilightforest.compat.jade.JadeCompat
[0610月2026 14:02:30.158] [modloading-worker-0/INFO] [snownee.jade.Jade/]: Start loading plugin from com.github.tartaricacid.touhoulittlemaid.compat.jade.JadePlugin
[0610月2026 14:02:30.160] [modloading-worker-0/INFO] [snownee.jade.Jade/]: Start loading plugin from com.wintercogs.beyonddimensions.integration.module.jade.BDJadePlugin
[0610月2026 14:02:30.160] [modloading-worker-0/INFO] [snownee.jade.Jade/]: Start loading plugin from net.blay09.mods.waystones.compat.JadeIntegration
[0610月2026 14:02:30.162] [modloading-worker-0/INFO] [snownee.jade.Jade/]: Start loading plugin from dev.ftb.mods.ftbxmodcompat.generic.jade.JadePlugin
[0610月2026 14:02:30.162] [modloading-worker-0/INFO] [snownee.jade.Jade/]: Start loading plugin from net.untitledduckmod.compat.jade.JadePlugin
[0610月2026 14:02:30.163] [modloading-worker-0/INFO] [snownee.jade.Jade/]: Start loading plugin from snownee.jade.addon.vanilla.VanillaPlugin
[0610月2026 14:02:30.171] [modloading-worker-0/INFO] [snownee.jade.Jade/]: Start loading plugin from snownee.jade.addon.universal.UniversalPlugin
[0610月2026 14:02:30.176] [modloading-worker-0/INFO] [snownee.jade.Jade/]: Start loading plugin from snownee.jade.addon.debug.DebugPlugin
[0610月2026 14:02:30.176] [modloading-worker-0/INFO] [snownee.jade.Jade/]: Start loading plugin from snownee.jade.addon.core.CorePlugin
[0610月2026 14:02:30.177] [modloading-worker-0/INFO] [snownee.jade.Jade/]: Start loading plugin from snownee.jade.addon.access.AccessibilityPlugin
[0610月2026 14:02:30.177] [modloading-worker-0/INFO] [snownee.jade.Jade/]: Start loading plugin from com.voxelutopia.ultramarine.client.integration.jade.UltramarineJadePlugin
[0610月2026 14:02:30.179] [modloading-worker-0/INFO] [snownee.jade.Jade/]: Start loading plugin from net.magicterra.winefoxsspellbooks.compat.jade.JadePlugin
[0610月2026 14:02:30.385] [modloading-sync-worker/INFO] [SlideShow/]: Registered related network packages (version 5)
[0610月2026 14:02:30.449] [modloading-sync-worker/INFO] [CorgiLib/]: Initializing network...
[0610月2026 14:02:30.450] [modloading-sync-worker/INFO] [CorgiLib/]: Initialized network!
[0610月2026 14:02:30.652] [main/INFO] [com.mojang.authlib.yggdrasil.YggdrasilAuthenticationService/]: Environment: Environment[sessionHost=https://sessionserver.mojang.com, servicesHost=https://api.minecraftservices.com, name=PROD]
[0610月2026 14:02:30.920] [main/INFO] [KubeJS Server/]: Loaded script server_scripts:generate_chinese_courtyard.js in 0.003 s
[0610月2026 14:02:30.921] [main/INFO] [KubeJS Server/]: Loaded script server_scripts:generate_longyin_pavilion.js in 0.001 s
[0610月2026 14:02:30.922] [main/INFO] [KubeJS Server/]: Loaded script server_scripts:generate_starter_hut.js in 0.001 s
[0610月2026 14:02:30.924] [main/INFO] [KubeJS Server/]: Loaded script server_scripts:item/progenitor_dragon_ball.js in 0.002 s
[0610月2026 14:02:30.924] [main/INFO] [KubeJS Server/]: Loaded script server_scripts:item/progenitor_dragon_breath.js in 0.0 s
[0610月2026 14:02:30.926] [main/INFO] [KubeJS Server/]: Loaded script server_scripts:item/progenitor_dragon_power.js in 0.002 s
[0610月2026 14:02:30.927] [main/INFO] [KubeJS Server/]: Loaded script server_scripts:item/progenitor_dragon_scale.js in 0.0 s
[0610月2026 14:02:30.927] [main/INFO] [KubeJS Server/]: Loaded script server_scripts:message_back.js in 0.0 s
[0610月2026 14:02:30.927] [main/INFO] [KubeJS Server/]: Loaded script server_scripts:recipe/ark_of_the_cosmos.js in 0.0 s
[0610月2026 14:02:30.928] [main/INFO] [KubeJS Server/]: Loaded script server_scripts:recipe/biomeswevegone/recipe.js in 0.0 s
[0610月2026 14:02:30.928] [main/INFO] [KubeJS Server/]: Loaded script server_scripts:recipe/blank_rune.js in 0.0 s
[0610月2026 14:02:30.930] [main/INFO] [KubeJS Server/]: Loaded script server_scripts:recipe/bookstack.js in 0.0 s
[0610月2026 14:02:30.930] [main/INFO] [KubeJS Server/]: Loaded script server_scripts:recipe/bosses_of_mass_destruction/recipe.js in 0.0 s
[0610月2026 14:02:30.931] [main/INFO] [KubeJS Server/]: Loaded script server_scripts:recipe/cataclysm/recipe.js in 0.001 s
[0610月2026 14:02:30.931] [main/INFO] [KubeJS Server/]: Loaded script server_scripts:recipe/cataclysm/stonecutting.js in 0.0 s
[0610月2026 14:02:30.932] [main/INFO] [KubeJS Server/]: Loaded script server_scripts:recipe/charm_of_life_1.js in 0.0 s
[0610月2026 14:02:30.932] [main/INFO] [KubeJS Server/]: Loaded script server_scripts:recipe/construction_stick.js in 0.0 s
[0610月2026 14:02:30.933] [main/INFO] [KubeJS Server/]: Loaded script server_scripts:recipe/continue_sound_collection.js in 0.001 s
[0610月2026 14:02:30.933] [main/INFO] [KubeJS Server/]: Loaded script server_scripts:recipe/crying_obsidian.js in 0.0 s
[0610月2026 14:02:30.934] [main/INFO] [KubeJS Server/]: Loaded script server_scripts:recipe/cutting.js in 0.0 s
[0610月2026 14:02:30.934] [main/INFO] [KubeJS Server/]: Loaded script server_scripts:recipe/dragonsurvival/recipe.js in 0.0 s
[0610月2026 14:02:30.935] [main/INFO] [KubeJS Server/]: Loaded script server_scripts:recipe/enchanting_infuser.js in 0.001 s
[0610月2026 14:02:30.936] [main/INFO] [KubeJS Server/]: Loaded script server_scripts:recipe/eternal_starlight/alloy.js in 0.0 s
[0610月2026 14:02:30.937] [main/INFO] [KubeJS Server/]: Loaded script server_scripts:recipe/eternal_starlight/recipe.js in 0.0 s
[0610月2026 14:02:30.937] [main/INFO] [KubeJS Server/]: Loaded script server_scripts:recipe/explorerscompass.js in 0.0 s
[0610月2026 14:02:30.939] [main/INFO] [KubeJS Server/]: Loaded script server_scripts:recipe/iceandfire/dragonforge.js in 0.001 s
[0610月2026 14:02:30.939] [main/INFO] [KubeJS Server/]: Loaded script server_scripts:recipe/iceandfire/recipe.js in 0.0 s
[0610月2026 14:02:30.940] [main/INFO] [KubeJS Server/]: Loaded script server_scripts:recipe/inception_upgrade.js in 0.0 s
[0610月2026 14:02:30.940] [main/INFO] [KubeJS Server/]: Loaded script server_scripts:recipe/iron_spell_book.js in 0.0 s
[0610月2026 14:02:30.941] [main/INFO] [KubeJS Server/]: Loaded script server_scripts:recipe/iss_magicfromtheeast/recipe.js in 0.001 s
[0610月2026 14:02:30.942] [main/INFO] [KubeJS Server/]: Loaded script server_scripts:recipe/minecraft/blast_furnace.js in 0.0 s
[0610月2026 14:02:30.942] [main/INFO] [KubeJS Server/]: Loaded script server_scripts:recipe/minecraft/recipe.js in 0.0 s
[0610月2026 14:02:30.943] [main/INFO] [KubeJS Server/]: Loaded script server_scripts:recipe/minecraft/stonecutting.js in 0.0 s
[0610月2026 14:02:30.944] [main/INFO] [KubeJS Server/]: Loaded script server_scripts:recipe/recipe.js in 0.001 s
[0610月2026 14:02:30.945] [main/INFO] [KubeJS Server/]: Loaded script server_scripts:recipe/regions_unexplored/recipe.js in 0.0 s
[0610月2026 14:02:30.945] [main/INFO] [KubeJS Server/]: Loaded script server_scripts:recipe/shadow_orb.js in 0.0 s
[0610月2026 14:02:30.945] [main/INFO] [KubeJS Server/]: Loaded script server_scripts:recipe/skyrim_dragon_door.js in 0.0 s
[0610月2026 14:02:30.946] [main/INFO] [KubeJS Server/]: Loaded script server_scripts:recipe/slide_show.js in 0.0 s
[0610月2026 14:02:30.946] [main/INFO] [KubeJS Server/]: Loaded script server_scripts:recipe/touhou_little_maid/altar.js in 0.0 s
[0610月2026 14:02:30.946] [main/INFO] [KubeJS Server/]: Loaded script server_scripts:recipe/ultramarine/recipe.js in 0.0 s
[0610月2026 14:02:30.946] [main/INFO] [KubeJS Server/]: Loaded script server_scripts:recipe/void_fragment.js in 0.0 s
[0610月2026 14:02:30.948] [main/INFO] [KubeJS Server/]: Loaded script server_scripts:recipe/wands/recipe.js in 0.0 s
[0610月2026 14:02:30.948] [main/INFO] [KubeJS Server/]: Loaded script server_scripts:recipe/yuushya/recipe.js in 0.0 s
[0610月2026 14:02:30.949] [main/INFO] [KubeJS Server/]: Loaded script server_scripts:recipe/zenith/recipe.js in 0.0 s
[0610月2026 14:02:30.949] [main/INFO] [KubeJS Server/]: Loaded script server_scripts:tags/claw_weapons.js in 0.0 s
[0610月2026 14:02:30.950] [main/INFO] [KubeJS Server/]: Loaded script server_scripts:tags/curios_charm.js in 0.0 s
[0610月2026 14:02:30.950] [main/INFO] [KubeJS Server/]: Loaded script server_scripts:tags/wither_immune.js in 0.0 s
[0610月2026 14:02:30.974] [main/INFO] [KubeJS Server/]: Loaded 47/47 KubeJS server scripts in 0.106 s with 0 errors and 0 warnings
[0610月2026 14:02:32.932] [Worker-Main-1/ERROR] [net.minecraft.world.level.storage.loot.LootDataType/]: Couldn't parse element ResourceKey[minecraft:root / minecraft:loot_table]:beyonddimensions:blocks/schematicannon_pathway - Unknown registry key in ResourceKey[minecraft:root / minecraft:item]: beyonddimensions:schematicannon_pathway
[0610月2026 14:02:32.989] [Worker-Main-1/ERROR] [net.minecraft.world.level.storage.loot.LootDataType/]: Couldn't parse element ResourceKey[minecraft:root / minecraft:loot_table]:beyonddimensions:blocks/rs_net_pathway - Unknown registry key in ResourceKey[minecraft:root / minecraft:item]: beyonddimensions:rs_net_pathway
[0610月2026 14:02:32.993] [Worker-Main-1/ERROR] [net.minecraft.world.level.storage.loot.LootDataType/]: Couldn't parse element ResourceKey[minecraft:root / minecraft:loot_table]:beyonddimensions:blocks/ars_source_pathway - Unknown registry key in ResourceKey[minecraft:root / minecraft:item]: beyonddimensions:ars_source_pathway
[0610月2026 14:02:33.076] [Worker-Main-1/ERROR] [net.minecraft.world.level.storage.loot.LootDataType/]: Couldn't parse element ResourceKey[minecraft:root / minecraft:loot_table]:beyonddimensions:blocks/mana_pool_pathway - Unknown registry key in ResourceKey[minecraft:root / minecraft:item]: beyonddimensions:mana_pool_pathway
[0610月2026 14:02:33.394] [Worker-Main-1/INFO] [com.sk89q.worldedit.extension.platform.PlatformCommandManager/]: Registering commands with com.sk89q.worldedit.neoforge.NeoForgePlatform
[0610月2026 14:02:33.540] [Worker-Main-18/WARN] [mixin/]: Static binding violation: PRIVATE @Overwrite method elementOrTag in modernfix-modernfix.mixins.json:perf.tag_id_caching.TagEntryMixin from mod modernfix cannot reduce visibiliy of PUBLIC target method, visibility will be upgraded.
[0610月2026 14:02:33.606] [Worker-Main-21/ERROR] [net.minecraft.Util/]: Invalid path in pack: biomespy:tags/worldgen/structure/uninit_safe.json‎, ignoring
[0610月2026 14:02:33.631] [Worker-Main-4/ERROR] [net.minecraft.Util/]: Invalid path in pack: crystcursed_dragon:function/dragon_ability_config/README_zh.md, ignoring
[0610月2026 14:02:33.631] [Worker-Main-4/ERROR] [net.minecraft.Util/]: Invalid path in pack: crystcursed_dragon:function/dragon_ability_config/README_en.md, ignoring
[0610月2026 14:02:33.693] [Worker-Main-26/WARN] [GeckoLib/]: Unsupported geometry json version: 1.21.0 for model block_factorys_bosses:geo/entity/sandworm.geo.json. Supported versions: 1.12.0. Remove any rotated face UVs and re-export the model to fix
[0610月2026 14:02:33.803] [Worker-Main-11/INFO] [KubeJS Server/]: [minecraft:block] Found 840 tags, added 1 objects, removed 0 objects
[0610月2026 14:02:33.846] [Worker-Main-2/INFO] [KubeJS Server/]: [minecraft:item] Found 1484 tags, added 8 objects, removed 0 objects
[0610月2026 14:02:33.892] [Collective Update Checker/WARN] [Collective/]: [Update] Collective has an update available: 8.40 -> 8.42
[0610月2026 14:02:34.203] [main/INFO] [Simple Loot Viewer/]: Updating registry access.
[0610月2026 14:02:34.282] [main/WARN] [net.minecraft.core.MappedRegistry/]: Not all defined tags for registry ResourceKey[minecraft:root / minecraft:block] are present in data pack: cataclysm:needs_black_steel_tool, cataclysm:needs_monstrosity_tool, dragonsurvival:no_striker_echo_step_on_blocks, legendary_monsters:needs_dinosaur_bone_tool, ultramarine:incorrect_with_porcelain
[0610月2026 14:02:34.407] [main/WARN] [net.minecraft.core.MappedRegistry/]: Not all defined tags for registry ResourceKey[minecraft:root / minecraft:entity_type] are present in data pack: dragonsurvival:no_striker_echo
[0610月2026 14:02:34.528] [main/INFO] [KubeJS Server/]: Processing recipes...
[0610月2026 14:02:34.536] [main/INFO] [KubeJS Server/]: Initializing recipe event...
[0610月2026 14:02:34.550] [main/WARN] [KubeJS Server/]: KubeRecipe.java#90: Failed to parse recipe 'frostfire_dragon:rime_obsidian_lantern[minecraft:crafting_shaped]'! Falling back to vanilla: Failed to read required component 'key: pattern<optional_ingredient>' - java.lang.IllegalStateException: Failed to parse either. First: Not a json array: {"item":"frostfire_dragon:rime_crystal_cluster"}; Second: No key tag in MapLike[{"item":"frostfire_dragon:rime_crystal_cluster"}]; Unknown registry key in ResourceKey[minecraft:root / minecraft:item]: frostfire_dragon:rime_crystal_cluster missed input: {"A":{"item":"frostfire_dragon:rime_crystal_cluster"}}
[0610月2026 14:02:34.575] [main/WARN] [net.minecraft.world.item.crafting.RecipeManager/]: Skipping recipe create:sequenced_assembly/high_sensitivity_color_film_developing, unknown type: create:sequenced_assembly
[0610月2026 14:02:34.590] [main/WARN] [KubeJS Server/]: KubeRecipe.java#90: Failed to parse recipe 'frostfire_dragon:crying_obsidian_bricks_chiseled_from_stonecutting[minecraft:stonecutting]'! Falling back to vanilla: Failed to read required component 'result: item_stack' - java.lang.IllegalStateException: Unknown registry key in ResourceKey[minecraft:root / minecraft:item]: frostfire_dragon:crying_obsidian_bricks_chiseled
[0610月2026 14:02:34.596] [main/WARN] [KubeJS Server/]: RecipeComponentValue.java#102: Failed to parse recipe 'ultramarine:cobalt_dust_compat[minecraft:stonecutting]'! Falling back to vanilla: Invalid component ingredient: ingredient - Component 'ingredient' is not allowed to be empty!
[0610月2026 14:02:34.608] [main/WARN] [net.minecraft.world.item.crafting.RecipeManager/]: Skipping recipe create:sequenced_assembly/black_and_white_film_developing, unknown type: create:sequenced_assembly
[0610月2026 14:02:34.612] [main/WARN] [net.minecraft.world.item.crafting.RecipeManager/]: Skipping recipe create:sequenced_assembly/high_sensitivity_black_and_white_film_developing, unknown type: create:sequenced_assembly
[0610月2026 14:02:34.630] [main/WARN] [net.minecraft.world.item.crafting.RecipeManager/]: Skipping recipe create:sequenced_assembly/color_film_developing, unknown type: create:sequenced_assembly
[0610月2026 14:02:34.651] [main/WARN] [KubeJS Server/]: KubeRecipe.java#90: Failed to parse recipe 'frostfire_dragon:crying_obsidian_brick_wall_from_stonecutting[minecraft:stonecutting]'! Falling back to vanilla: Failed to read required component 'result: item_stack' - java.lang.IllegalStateException: Unknown registry key in ResourceKey[minecraft:root / minecraft:item]: frostfire_dragon:crying_obsidian_brick_wall
[0610月2026 14:02:34.653] [main/WARN] [net.minecraft.world.item.crafting.RecipeManager/]: Skipping recipe minecraft:dough, not a json object
[0610月2026 14:02:34.659] [main/WARN] [KubeJS Server/]: KubeRecipe.java#90: Failed to parse recipe 'frostfire_dragon:crying_obsidian_brick_stairs_from_stonecutting[minecraft:stonecutting]'! Falling back to vanilla: Failed to read required component 'result: item_stack' - java.lang.IllegalStateException: Unknown registry key in ResourceKey[minecraft:root / minecraft:item]: frostfire_dragon:crying_obsidian_brick_stairs
[0610月2026 14:02:34.668] [main/WARN] [KubeJS Server/]: KubeRecipe.java#90: Failed to parse recipe 'frostfire_dragon:crying_obsidian_brick_slab_from_stonecutting[minecraft:stonecutting]'! Falling back to vanilla: Failed to read required component 'result: item_stack' - java.lang.IllegalStateException: Unknown registry key in ResourceKey[minecraft:root / minecraft:item]: frostfire_dragon:crying_obsidian_brick_slab
[0610月2026 14:02:34.697] [main/WARN] [KubeJS Server/]: RecipeComponentValue.java#102: Failed to parse recipe 'iss_magicfromtheeast:refined_jade_ingot_alternative[minecraft:crafting_shapeless]' @ [ingredients][4]! Falling back to vanilla: Invalid component ingredients: ingredient[] - Component 'ingredient' is not allowed to be empty!
[0610月2026 14:02:34.717] [main/WARN] [KubeJS Server/]: RecipeComponentValue.java#102: Failed to parse recipe 'extradelight:currywurst[minecraft:crafting_shapeless]' @ [ingredients][4]! Falling back to vanilla: Invalid component ingredients: ingredient[] - Component 'ingredient' is not allowed to be empty!
[0610月2026 14:02:34.744] [main/WARN] [KubeJS Server/]: KubeRecipe.java#90: Failed to parse recipe 'frostfire_dragon:crying_obsidian_pillar_from_stonecutting[minecraft:stonecutting]'! Falling back to vanilla: Failed to read required component 'result: item_stack' - java.lang.IllegalStateException: Unknown registry key in ResourceKey[minecraft:root / minecraft:item]: frostfire_dragon:crying_obsidian_pillar
[0610月2026 14:02:34.746] [main/WARN] [net.minecraft.world.item.crafting.RecipeManager/]: Skipping recipe create:mixing/melon_fruit_salad_lime_mixing, unknown type: create:mixing
[0610月2026 14:02:34.771] [main/INFO] [KubeJS Server/]: Found 15,925 recipes (skipped 331) in 231.3 ms
[0610月2026 14:02:34.813] [main/INFO] [KubeJS Server/]: Posted recipe events in 41 ms
[0610月2026 14:02:34.853] [main/INFO] [KubeJS Server/]: KubeJS modifications to recipe manager finished in 39.98 ms
[0610月2026 14:02:34.857] [main/ERROR] [net.minecraft.world.item.crafting.RecipeManager/]: Parsing error loading recipe frostfire_dragon:rime_obsidian_lantern: com.google.gson.JsonParseException: Map entry 'A' : Failed to parse either. First: Not a json array: {"item":"frostfire_dragon:rime_crystal_cluster"}; Second: No key tag in MapLike[{"item":"frostfire_dragon:rime_crystal_cluster"}]; Unknown registry key in ResourceKey[minecraft:root / minecraft:item]: frostfire_dragon:rime_crystal_cluster
[0610月2026 14:02:34.878] [main/ERROR] [net.minecraft.world.item.crafting.RecipeManager/]: Parsing error loading recipe frostfire_dragon:crying_obsidian_bricks_chiseled_from_stonecutting: com.google.gson.JsonParseException: Unknown registry key in ResourceKey[minecraft:root / minecraft:item]: frostfire_dragon:crying_obsidian_bricks_chiseled
[0610月2026 14:02:34.910] [main/INFO] [Simple Loot Viewer/]: Rebuilding table cache.
[0610月2026 14:02:34.959] [main/INFO] [Simple Loot Viewer/]: Processed 13622 loot tables in 49.18ms
[0610月2026 14:02:34.962] [main/ERROR] [net.minecraft.world.item.crafting.RecipeManager/]: Parsing error loading recipe frostfire_dragon:crying_obsidian_brick_wall_from_stonecutting: com.google.gson.JsonParseException: Unknown registry key in ResourceKey[minecraft:root / minecraft:item]: frostfire_dragon:crying_obsidian_brick_wall
[0610月2026 14:02:34.967] [main/ERROR] [net.minecraft.world.item.crafting.RecipeManager/]: Parsing error loading recipe frostfire_dragon:crying_obsidian_brick_stairs_from_stonecutting: com.google.gson.JsonParseException: Unknown registry key in ResourceKey[minecraft:root / minecraft:item]: frostfire_dragon:crying_obsidian_brick_stairs
[0610月2026 14:02:34.973] [main/ERROR] [net.minecraft.world.item.crafting.RecipeManager/]: Parsing error loading recipe frostfire_dragon:crying_obsidian_brick_slab_from_stonecutting: com.google.gson.JsonParseException: Unknown registry key in ResourceKey[minecraft:root / minecraft:item]: frostfire_dragon:crying_obsidian_brick_slab
[0610月2026 14:02:35.017] [main/ERROR] [net.minecraft.world.item.crafting.RecipeManager/]: Parsing error loading recipe frostfire_dragon:crying_obsidian_pillar_from_stonecutting: com.google.gson.JsonParseException: Unknown registry key in ResourceKey[minecraft:root / minecraft:item]: frostfire_dragon:crying_obsidian_pillar
[0610月2026 14:02:35.034] [main/INFO] [net.minecraft.world.item.crafting.RecipeManager/]: Loaded 16032 recipes
[0610月2026 14:02:35.035] [main/INFO] [KubeJS Server/]: Added 167 recipes, removed 54 recipes, modified 0 recipes, with 0 failed recipes taking 498 ms in total
[0610月2026 14:02:35.261] [main/ERROR] [net.minecraft.advancements.AdvancementTree/]: Couldn't load advancements: [dungeons_arise:find_thornborn_towers, dungeons_arise:find_fishing_hut]
[0610月2026 14:02:35.261] [main/INFO] [net.minecraft.advancements.AdvancementTree/]: Loaded 9380 advancements
[0610月2026 14:02:35.273] [main/INFO] [Curios API/]: Loaded 15 curio slots
[0610月2026 14:02:35.276] [main/ERROR] [Curios API/]: scroll is not a registered slot type!
[0610月2026 14:02:35.276] [main/INFO] [Curios API/]: Loaded 13 curio entities
[0610月2026 14:02:35.407] [main/WARN] [com.iafenvoy.jupiter.Jupiter/]: Notice: Jupiter cannot resolve 31 empty List<Enum> since technical issue in Java, it is recommended to add a value in default value list.
[0610月2026 14:02:35.409] [main/INFO] [com.iafenvoy.jupiter.Jupiter/]: Config spec loading complete, found 54 configs from 53 mods.
[0610月2026 14:02:35.417] [main/INFO] [com.iafenvoy.jupiter.Jupiter/]: Cloth Config loading complete, found 1 configs from 1 mods.
[0610月2026 14:02:35.418] [main/INFO] [com.iafenvoy.jupiter.Jupiter/]: Successfully reload 58 server config(s).
[0610月2026 14:02:35.421] [main/INFO] [com.zonlong.bossrespawner.UniversalBossRespawner/]: Loaded 18 boss respawn entries (18 effective entity mappings)
[0610月2026 14:02:35.437] [main/INFO] [Moonlight/]: Failed to load custom color set definition {"id":"quark:rune","colors":{"default":"quark:blank_rune"},"replace":false}. Ignoring
[0610月2026 14:02:35.437] [main/INFO] [Moonlight/]: Failed to load custom color set definition {"id":"suppsquared:sack","colors":{"default":"supplementaries:sack"},"replace":false}. Ignoring
[0610月2026 14:02:35.438] [main/INFO] [Moonlight/]: Failed to load custom color set definition {"id":"quark:shard","colors":{"default":"quark:clear_shard"},"replace":false}. Ignoring
[0610月2026 14:02:35.453] [main/INFO] [com.zonlong.beloong.BeLoongCore/]: [BeLoong] reloaded npc dialogues: 2 file(s) scanned, 2 dialogue(s) loaded
[0610月2026 14:02:35.454] [main/INFO] [com.zonlong.beloong.BeLoongCore/]: [BeLoong] reloaded npc routes: 3 file(s) scanned, 3 route(s) loaded
[0610月2026 14:02:35.463] [main/INFO] [net.magicterra.winefoxsspellbooks.WinefoxsSpellbooks/]: Loading spell data configurations...
[0610月2026 14:02:35.465] [main/INFO] [net.magicterra.winefoxsspellbooks.WinefoxsSpellbooks/]: Loaded 5 spell range entries and 17 spell effect entries in 2ms (1 skipped: spell or effect not present)
[0610月2026 14:02:35.465] [main/INFO] [net.magicterra.winefoxsspellbooks.WinefoxsSpellbooks/]: Loading maid loadout configurations...
[0610月2026 14:02:35.472] [main/INFO] [net.magicterra.winefoxsspellbooks.WinefoxsSpellbooks/]: Loaded 3 maid loadout configurations (3 selectable) in 7ms
[0610月2026 14:02:35.485] [main/WARN] [net.minecraft.core.MappedRegistry/]: Not all defined tags for registry ResourceKey[minecraft:root / minecraft:block] are present in data pack: cataclysm:needs_black_steel_tool, cataclysm:needs_monstrosity_tool, dragonsurvival:no_striker_echo_step_on_blocks, legendary_monsters:needs_dinosaur_bone_tool, ultramarine:incorrect_with_porcelain
[0610月2026 14:02:35.495] [main/WARN] [net.minecraft.core.MappedRegistry/]: Not all defined tags for registry ResourceKey[minecraft:root / minecraft:item] are present in data pack: c:ingots/cobalt, c:sausage
[0610月2026 14:02:35.497] [main/WARN] [net.minecraft.core.MappedRegistry/]: Not all defined tags for registry ResourceKey[minecraft:root / minecraft:entity_type] are present in data pack: dragonsurvival:no_striker_echo
[0610月2026 14:02:35.543] [main/WARN] [Dragon Survival/]: Diet entry [DietEntry[items=#c:foods, properties=Optional.empty, retainEffects=Optional[Left[true]]]] has neither original nor custom food properties - item will not be edible
[0610月2026 14:02:35.543] [main/WARN] [Dragon Survival/]: Diet entry [DietEntry[items=#c:foods, properties=Optional.empty, retainEffects=Optional[Left[true]]]] has neither original nor custom food properties - item will not be edible
[0610月2026 14:02:35.543] [main/WARN] [Dragon Survival/]: Diet entry [DietEntry[items=#c:foods, properties=Optional.empty, retainEffects=Optional[Left[true]]]] has neither original nor custom food properties - item will not be edible
[0610月2026 14:02:35.543] [main/WARN] [Dragon Survival/]: Diet entry [DietEntry[items=#c:foods, properties=Optional.empty, retainEffects=Optional[Left[true]]]] has neither original nor custom food properties - item will not be edible
[0610月2026 14:02:35.543] [main/WARN] [Dragon Survival/]: Diet entry [DietEntry[items=#c:foods, properties=Optional.empty, retainEffects=Optional[Left[true]]]] has neither original nor custom food properties - item will not be edible
[0610月2026 14:02:35.543] [main/WARN] [Dragon Survival/]: Diet entry [DietEntry[items=#c:foods, properties=Optional.empty, retainEffects=Optional[Left[true]]]] has neither original nor custom food properties - item will not be edible
[0610月2026 14:02:35.543] [main/WARN] [Dragon Survival/]: Diet entry [DietEntry[items=#c:foods, properties=Optional.empty, retainEffects=Optional[Left[true]]]] has neither original nor custom food properties - item will not be edible
[0610月2026 14:02:35.544] [main/WARN] [Dragon Survival/]: Diet entry [DietEntry[items=#c:foods, properties=Optional.empty, retainEffects=Optional[Left[true]]]] has neither original nor custom food properties - item will not be edible
[0610月2026 14:02:35.544] [main/WARN] [Dragon Survival/]: Diet entry [DietEntry[items=#c:foods, properties=Optional.empty, retainEffects=Optional[Left[true]]]] has neither original nor custom food properties - item will not be edible
[0610月2026 14:02:35.544] [main/WARN] [Dragon Survival/]: Diet entry [DietEntry[items=#c:foods, properties=Optional.empty, retainEffects=Optional[Left[true]]]] has neither original nor custom food properties - item will not be edible
[0610月2026 14:02:35.544] [main/WARN] [Dragon Survival/]: Diet entry [DietEntry[items=#c:foods, properties=Optional.empty, retainEffects=Optional[Left[true]]]] has neither original nor custom food properties - item will not be edible
[0610月2026 14:02:35.544] [main/WARN] [Dragon Survival/]: Diet entry [DietEntry[items=#c:foods, properties=Optional.empty, retainEffects=Optional[Left[true]]]] has neither original nor custom food properties - item will not be edible
[0610月2026 14:02:35.544] [main/WARN] [Dragon Survival/]: Diet entry [DietEntry[items=#c:foods, properties=Optional.empty, retainEffects=Optional[Left[true]]]] has neither original nor custom food properties - item will not be edible
[0610月2026 14:02:35.544] [main/WARN] [Dragon Survival/]: Diet entry [DietEntry[items=#c:foods, properties=Optional.empty, retainEffects=Optional[Left[true]]]] has neither original nor custom food properties - item will not be edible
[0610月2026 14:02:35.544] [main/WARN] [Dragon Survival/]: Diet entry [DietEntry[items=#c:foods, properties=Optional.empty, retainEffects=Optional[Left[true]]]] has neither original nor custom food properties - item will not be edible
[0610月2026 14:02:35.545] [main/WARN] [Dragon Survival/]: Diet entry [DietEntry[items=#dragonsurvival:cooked_vegetables, properties=Optional.empty, retainEffects=Optional.empty]] has neither original nor custom food properties - item will not be edible
[0610月2026 14:02:35.663] [main/WARN] [ModernFix/]: Initial datapack load took 4.854 s
[0610月2026 14:02:36.242] [Server thread/INFO] [net.minecraft.server.dedicated.DedicatedServer/]: Starting minecraft server version 1.21.1
[0610月2026 14:02:36.243] [Server thread/INFO] [net.minecraft.server.dedicated.DedicatedServer/]: Loading properties
[0610月2026 14:02:36.243] [Server thread/INFO] [net.minecraft.server.dedicated.DedicatedServer/]: Default game type: SURVIVAL
[0610月2026 14:02:36.243] [Server thread/INFO] [net.minecraft.server.MinecraftServer/]: Generating keypair
[0610月2026 14:02:36.291] [Server thread/INFO] [net.minecraft.server.dedicated.DedicatedServer/]: Starting Minecraft server on *:25565
[0610月2026 14:02:36.429] [Server thread/INFO] [net.minecraft.server.network.ServerConnectionListener/]: Using default channel type
[0610月2026 14:02:36.498] [Server thread/INFO] [Puzzles Lib/]: Dispatching loading event for config visualworkbench-server.toml
[0610月2026 14:02:36.499] [Server thread/INFO] [Puzzles Lib/]: Dispatching loading event for config spikyspikes-server.toml
[0610月2026 14:02:36.501] [Server thread/INFO] [Puzzles Lib/]: Dispatching loading event for config universalbonemeal-server.toml
[0610月2026 14:02:36.503] [Server thread/INFO] [Puzzles Lib/]: Dispatching loading event for config easyanvils-server.toml
[0610月2026 14:02:36.504] [Server thread/INFO] [Puzzles Lib/]: Dispatching loading event for config enchantinginfuser-server.toml
[0610月2026 14:02:36.556] [Server thread/WARN] [net.neoforged.neoforge.server.ServerLifecycleHooks/]: Detected minecraft:ocelot that was registered with CREATURE mob category but was added under MONSTER mob category for regions_unexplored:eucalyptus_forest biome! Mobs should be added to biomes under the same mob category that the mob was registered as to prevent mob cap spawning issues.
[0610月2026 14:02:36.568] [Server thread/WARN] [net.neoforged.neoforge.server.ServerLifecycleHooks/]: Detected minecraft:ocelot that was registered with CREATURE mob category but was added under MONSTER mob category for regions_unexplored:rainforest biome! Mobs should be added to biomes under the same mob category that the mob was registered as to prevent mob cap spawning issues.
[0610月2026 14:02:36.571] [Server thread/WARN] [net.neoforged.neoforge.server.ServerLifecycleHooks/]: Detected minecraft:ocelot that was registered with CREATURE mob category but was added under MONSTER mob category for regions_unexplored:sparse_rainforest biome! Mobs should be added to biomes under the same mob category that the mob was registered as to prevent mob cap spawning issues.
[0610月2026 14:02:36.573] [Server thread/WARN] [net.neoforged.neoforge.server.ServerLifecycleHooks/]: Detected minecraft:ocelot that was registered with CREATURE mob category but was added under MONSTER mob category for regions_unexplored:tropics biome! Mobs should be added to biomes under the same mob category that the mob was registered as to prevent mob cap spawning issues.
[0610月2026 14:02:36.641] [Server thread/INFO] [FTB Teams/]: loaded team data: 19 known players, 21 teams total
[0610月2026 14:02:36.705] [Server thread/INFO] [spark/]: Starting background profiler...
[0610月2026 14:02:36.717] [Server thread/INFO] [spark/]: The async-profiler engine is not supported for your os/arch (windows11/amd64), so the built-in Java engine will be used instead.
[0610月2026 14:02:36.791] [Server thread/INFO] [com.zonlong.beloong.BeLoongCore/]: [BeLoong] disaster biome substitution: parameter points 7604 = replaced 7604 + non-vanilla kept 0 + unsolved 0 (substitution applied)
[0610月2026 14:02:36.828] [Server thread/INFO] [com.zonlong.beloong.BeLoongCore/]: [BeLoong] disaster region tree audit (only regions with index!=0 are real sources; their minecraft: biomes must be empty): 
    minecraft:overworld (index 0; its tree comes from the rewritten values, NOT a real source): parameter points 7604, DEFERRED 0, minecraft: biomes 0 []
    vanillabackport:overworld: parameter points 39, DEFERRED 28, minecraft: biomes 0 []
    biomeswevegone:region_0: parameter points 7604, DEFERRED 1534, minecraft: biomes 0 []
    biomeswevegone:region_1: parameter points 7604, DEFERRED 2982, minecraft: biomes 0 []
    biomeswevegone:region_2: parameter points 7604, DEFERRED 2990, minecraft: biomes 0 []
[0610月2026 14:02:36.830] [Server thread/INFO] [com.zonlong.beloong.BeLoongCore/]: [BeLoong] custom biome registration: all 5 ready [frozen_ocean, ocean, river, caves, windswept]
[0610月2026 14:02:36.981] [Server thread/INFO] [terrablender/]: Initialized TerraBlender biomes for level stem beloong:disaster
[0610月2026 14:02:36.981] [Server thread/INFO] [net.minecraft.server.dedicated.DedicatedServer/]: Preparing level "world"
[0610月2026 14:02:37.352] [Server thread/INFO] [incontrol/]: Reading rules from areas.json
[0610月2026 14:02:37.372] [Server thread/INFO] [incontrol/]: Reading rules from spawn.json
[0610月2026 14:02:37.410] [Server thread/INFO] [incontrol/]: Reading rules from loot.json
[0610月2026 14:02:37.411] [Server thread/INFO] [incontrol/]: Reading rules from experience.json
[0610月2026 14:02:37.412] [Server thread/INFO] [incontrol/]: Reading rules from phases.json
[0610月2026 14:02:37.413] [Server thread/INFO] [incontrol/]: Reading rules from effects.json
[0610月2026 14:02:37.414] [Server thread/INFO] [incontrol/]: Reading rules from breakevents.json
[0610月2026 14:02:37.416] [Server thread/INFO] [incontrol/]: Reading rules from placeevents.json
[0610月2026 14:02:37.417] [Server thread/INFO] [incontrol/]: Reading rules from rightclicks.json
[0610月2026 14:02:37.419] [Server thread/INFO] [incontrol/]: Reading rules from leftclicks.json
[0610月2026 14:02:37.420] [Server thread/INFO] [incontrol/]: Reading rules from spawner.json
[0610月2026 14:02:37.421] [Server thread/INFO] [incontrol/]: Reading rules from events.json
[0610月2026 14:02:37.718] [Server thread/INFO] [net.minecraft.server.MinecraftServer/]: Preparing start region for dimension minecraft:overworld
[0610月2026 14:02:37.744] [Server thread/INFO] [KubeJS Server/]: Server resource reload complete!
[0610月2026 14:02:38.762] [Worker-Main-19/INFO] [net.minecraft.server.level.progress.LoggerChunkProgressListener/]: Preparing spawn area: 0%
[0610月2026 14:02:38.762] [Worker-Main-19/INFO] [net.minecraft.server.level.progress.LoggerChunkProgressListener/]: Preparing spawn area: 0%
[0610月2026 14:02:38.763] [Worker-Main-19/INFO] [net.minecraft.server.level.progress.LoggerChunkProgressListener/]: Preparing spawn area: 0%
[0610月2026 14:02:38.987] [Server thread/INFO] [FTB Chunks/]: cleaned up 4 stale ticking Forge chunkloading tickets for team ID f087f7a9-2438-4bb9-8d32-f82533e9a9f6 in dimension minecraft:overworld
[0610月2026 14:02:38.989] [Server thread/INFO] [net.minecraft.server.level.progress.LoggerChunkProgressListener/]: Time elapsed: 1271 ms
[0610月2026 14:02:38.989] [Server thread/INFO] [net.minecraft.server.dedicated.DedicatedServer/]: Done (2.497s)! For help, type "help"
[0610月2026 14:02:39.075] [Server thread/INFO] [net.neoforged.neoforge.server.permission.PermissionAPI/]: Successfully initialized permission handler neoforge:default_handler
[0610月2026 14:02:39.075] [Server thread/INFO] [nanny/]: Scouting a NaNny...
[0610月2026 14:02:39.084] [Server thread/INFO] [com.strangesmell.melodymagic.MelodyMagic/]: HELLO from server starting
[0610月2026 14:02:39.101] [Server thread/INFO] [com.wintercogs.beyonddimensions.BeyondDimensions/]: 维度网络初始化完成(服务端)
[0610月2026 14:02:39.188] [Server thread/INFO] [me.neznamy.tab.platforms.neoforge.NeoForgePlatform/]: [TAB] Enabled in 73ms
[0610月2026 14:02:39.189] [Server thread/INFO] [xaero.hud.minimap.MinimapLogs/]: Registered synced player tracker system: ftb_teams
[0610月2026 14:02:39.192] [Server thread/INFO] [xaero.map.WorldMap/]: Registered synced player tracker system: ftb_teams
[0610月2026 14:02:39.194] [Server thread/INFO] [com.zonlong.iceandfiredreadland.IceAndFireDreadLand/]: Ice And Fire - Dread Land 服务端启动完成
[0610月2026 14:02:39.197] [Server thread/INFO] [com.zonlong.beloong.BeLoongCore/]: BeLoong Launch!
[0610月2026 14:02:39.214] [Server thread/INFO] [FTB Quests/]: Loading quests from D:\ZonlongIX\BeLoong Server\[25565]delete-test\config\ftbquests\quests
[0610月2026 14:02:39.226] [Server thread/INFO] [FTB Quests/]: loaded translation tables for 2 language(s)
[0610月2026 14:02:39.315] [Server thread/INFO] [FTB Quests/]: Loaded 7 chapter groups, 24 chapters, 837 quests, 5 reward tables
[0610月2026 14:02:39.765] [Server thread/INFO] [nanny/]: NaNny hired!
[0610月2026 14:02:42.854] [Server thread/INFO] [com.finderfeed.fdlib.FDLib/]: Loading FD configs...
[0610月2026 14:02:42.855] [Server thread/INFO] [com.finderfeed.fdlib.FDLib/]: Loading config fdbosses:bosses
[0610月2026 14:02:42.856] [Server thread/INFO] [com.finderfeed.fdlib.FDLib/]: Loading config fdlib:test
[0610月2026 14:02:42.856] [Server thread/INFO] [com.finderfeed.fdlib.FDLib/]: Loading config fdlib:fdlib_client
[0610月2026 14:02:42.856] [Server thread/INFO] [com.finderfeed.fdlib.FDLib/]: Loading config raidsenhanced:raidsenhanced
[0610月2026 14:02:42.857] [Server thread/INFO] [com.finderfeed.fdlib.FDLib/]: Loaded FD configs.
[0610月2026 14:02:42.857] [Server thread/INFO] [com.cupboard.Cupboard/]: Loaded config for: clickadv.json
[0610月2026 14:02:43.163] [Server thread/INFO] [com.zonlong.beloong.BeLoongCore/]: [BeLoong] per-dimension possibleBiomes audit (beloong:disaster minecraft: must be empty): 
    minecraft:overworld: 115 biomes {minecraft=55, regions_unexplored=60}  (!) residual minecraft: [badlands, bamboo_jungle, beach, birch_forest, cherry_grove, cold_ocean, dark_forest, deep_cold_ocean, deep_dark, deep_frozen_ocean, deep_lukewarm_ocean, deep_ocean, desert, dripstone_caves, eroded_badlands, flower_forest, forest, frozen_ocean, frozen_peaks, frozen_river, grove, ice_spikes, jagged_peaks, jungle, lukewarm_ocean, lush_caves, mangrove_swamp, meadow, mushroom_fields, ocean, old_growth_birch_forest, old_growth_pine_taiga, old_growth_spruce_taiga, pale_garden, plains, river, savanna, savanna_plateau, snowy_beach, snowy_plains, snowy_slopes, snowy_taiga, sparse_jungle, stony_peaks, stony_shore, sulfur_caves, sunflower_plains, swamp, taiga, warm_ocean, windswept_forest, windswept_gravelly_hills, windswept_hills, windswept_savanna, wooded_badlands]
    eternal_starlight:starlight: 23 biomes {eternal_starlight=23}
    minecraft:the_nether: 9 biomes {minecraft=5, regions_unexplored=4}  (!) residual minecraft: [basalt_deltas, crimson_forest, nether_wastes, soul_sand_valley, warped_forest]
    iceandfire_dreadland:dreadland: 8 biomes {iceandfire_dreadland=8}
    minecraft:the_end: 5 biomes {minecraft=5}  (!) residual minecraft: [end_barrens, end_highlands, end_midlands, small_end_islands, the_end]
    beloong:disaster: 60 biomes {beloong=5, biomeswevegone=55}
    beloong:loong_palace: 1 biomes {beloong=1}
    irons_spellbooks:pocket_dimension: 1 biomes {minecraft=1}  (!) residual minecraft: [the_void]
    twilightforest:twilight_forest: 22 biomes {twilightforest=22}
    extradelight:cornfield: 1 biomes {extradelight=1}
[0610月2026 14:02:43.166] [Server thread/INFO] [com.zonlong.beloong.BeLoongCore/]: [BeLoong] surface rule dispatch table namespaces: [minecraft, beloong, biomeswevegone] (contains beloong)
[0610月2026 14:02:43.169] [Server thread/INFO] [patchouli/]: Sending reload packet to clients
[0610月2026 14:02:43.201] [Server thread/WARN] [ModernFix/]: Dedicated server took 30.802 seconds to load
[0610月2026 14:02:43.334] [Thread-16/INFO] [net.minecraft.server.MinecraftServer/]: 饕餮：还有 30 秒就要去你家吃饭了~
[0610月2026 14:02:43.902] [ForkJoinPool.commonPool-worker-14/INFO] [xyz.jpenilla.minimotd.common.MiniMOTD/]: There is an update available for MiniMOTD!
[0610月2026 14:02:43.902] [ForkJoinPool.commonPool-worker-14/INFO] [xyz.jpenilla.minimotd.common.MiniMOTD/]: This server is running version v2.1.3, which is 11 versions outdated.
[0610月2026 14:02:43.902] [ForkJoinPool.commonPool-worker-14/INFO] [xyz.jpenilla.minimotd.common.MiniMOTD/]: Download the latest version, v2.2.5 from GitHub at the link below:
[0610月2026 14:02:43.902] [ForkJoinPool.commonPool-worker-14/INFO] [xyz.jpenilla.minimotd.common.MiniMOTD/]: https://github.com/jpenilla/MiniMOTD/releases/tag/v2.2.5
[0610月2026 14:02:52.234] [User Authenticator #1/INFO] [net.minecraft.server.network.ServerLoginPacketListenerImpl/]: UUID of player InkRedragon is e9cadba5-d4eb-4469-b340-6a942b3f35d9
[0610月2026 14:02:54.555] [Server thread/INFO] [net.minecraft.server.players.PlayerList/]: InkRedragon[/116.147.56.213:65487] logged in with entity id 42 at (-385.76858967019746, 96.0, -2092.7907709926367)
[0610月2026 14:02:54.593] [Server thread/INFO] [io.redspace.ironsspellbooks.IronsSpellbooks/]: Read 4 spell config files (2 ms)
[0610月2026 14:02:54.673] [Server thread/INFO] [net.minecraft.server.MinecraftServer/]: InkRedragon joined the game
[0610月2026 14:02:54.910] [Server thread/INFO] [net.nicguzzo.wands.WandsMod/]: add_player wand
[0610月2026 14:02:54.921] [Server thread/INFO] [net.nicguzzo.wands.WandsMod/]: player_data {}
[0610月2026 14:02:54.947] [Server thread/INFO] [artifacts.Artifacts/]: Sending item configs to client
[0610月2026 14:02:54.992] [TAB Processing Thread/WARN] [me.neznamy.tab.platforms.neoforge.NeoForgePlatform/]: [TAB] Player InkRedragon's group (none) is not in sorting list! Sorting list: owner,admin,mod,helper,builder,vip,default. Player will be sorted on the bottom.
[0610月2026 14:03:07.861] [Thread-25/INFO] [net.minecraft.server.MinecraftServer/]: 饕餮：还有 5 秒就要去你家吃饭了~
[0610月2026 14:03:08.864] [Thread-26/INFO] [net.minecraft.server.MinecraftServer/]: 饕餮：还有 4 秒就要去你家吃饭了~
[0610月2026 14:03:09.861] [Thread-27/INFO] [net.minecraft.server.MinecraftServer/]: 饕餮：还有 3 秒就要去你家吃饭了~
[0610月2026 14:03:10.862] [Thread-28/INFO] [net.minecraft.server.MinecraftServer/]: 饕餮：还有 2 秒就要去你家吃饭了~
[0610月2026 14:03:11.863] [Thread-29/INFO] [net.minecraft.server.MinecraftServer/]: 饕餮：还有 1 秒就要去你家吃饭了~
[0610月2026 14:03:12.865] [Thread-30/INFO] [net.minecraft.server.MinecraftServer/]: 饕餮：这次一共吃掉了 4 个掉落物， 34 个生物 0 个经验球和 0 个其他实体~
[0610月2026 14:12:42.854] [Thread-96/INFO] [net.minecraft.server.MinecraftServer/]: 饕餮：还有 30 秒就要去你家吃饭了~
[0610月2026 14:13:07.908] [Thread-99/INFO] [net.minecraft.server.MinecraftServer/]: 饕餮：还有 5 秒就要去你家吃饭了~
[0610月2026 14:13:08.908] [Thread-100/INFO] [net.minecraft.server.MinecraftServer/]: 饕餮：还有 4 秒就要去你家吃饭了~
[0610月2026 14:13:09.908] [Thread-101/INFO] [net.minecraft.server.MinecraftServer/]: 饕餮：还有 3 秒就要去你家吃饭了~
[0610月2026 14:13:10.908] [Thread-102/INFO] [net.minecraft.server.MinecraftServer/]: 饕餮：还有 2 秒就要去你家吃饭了~
[0610月2026 14:13:11.909] [Thread-103/INFO] [net.minecraft.server.MinecraftServer/]: 饕餮：还有 1 秒就要去你家吃饭了~
[0610月2026 14:13:12.910] [Thread-104/INFO] [net.minecraft.server.MinecraftServer/]: 饕餮：这次一共吃掉了 14 个掉落物， 38 个生物 0 个经验球和 0 个其他实体~
[0610月2026 14:14:15.260] [Server thread/INFO] [net.minecraft.server.network.ServerGamePacketListenerImpl/]: InkRedragon lost connection: Disconnected
[0610月2026 14:14:15.260] [Server thread/INFO] [net.minecraft.server.MinecraftServer/]: InkRedragon left the game
[0610月2026 14:14:15.264] [Server thread/INFO] [net.nicguzzo.wands.WandsMod/]: remove player wand
[0610月2026 14:14:16.102] [User Authenticator #2/INFO] [net.minecraft.server.network.ServerLoginPacketListenerImpl/]: UUID of player Liger_dragon is 8a889e06-a3cd-4ef9-8220-acdc1dc3d876
[0610月2026 14:14:17.115] [User Authenticator #3/INFO] [net.minecraft.server.network.ServerLoginPacketListenerImpl/]: UUID of player SSSYunLong is f087f7a9-2438-4bb9-8d32-f82533e9a9f6
[0610月2026 14:14:17.840] [Server thread/INFO] [net.minecraft.server.players.PlayerList/]: Liger_dragon[/117.159.38.145:44160] logged in with entity id 856 at (7337.792184944854, -22.878219342240513, 2400.2507583746115)
[0610月2026 14:14:17.850] [Server thread/INFO] [net.minecraft.server.MinecraftServer/]: Liger_dragon joined the game
[0610月2026 14:14:20.354] [Server thread/INFO] [net.nicguzzo.wands.WandsMod/]: add_player wand
[0610月2026 14:14:20.355] [Server thread/INFO] [net.nicguzzo.wands.WandsMod/]: player_data {}
[0610月2026 14:14:20.361] [Server thread/INFO] [artifacts.Artifacts/]: Sending item configs to client
[0610月2026 14:14:20.366] [Server thread/WARN] [net.minecraft.server.MinecraftServer/]: Can't keep up! Is the server overloaded? Running 2611ms or 52 ticks behind
[0610月2026 14:14:20.366] [TAB Processing Thread/WARN] [me.neznamy.tab.platforms.neoforge.NeoForgePlatform/]: [TAB] Player Liger_dragon's group (none) is not in sorting list! Sorting list: owner,admin,mod,helper,builder,vip,default. Player will be sorted on the bottom.
[0610月2026 14:14:20.631] [Worker-Main-22/ERROR] [net.minecraft.world.entity.decoration.BlockAttachedEntity/]: Block-attached entity at invalid position: BlockPos{x=103, y=149, z=694}
[0610月2026 14:14:20.648] [Worker-Main-22/ERROR] [net.minecraft.world.entity.decoration.BlockAttachedEntity/]: Block-attached entity at invalid position: BlockPos{x=105, y=146, z=694}
[0610月2026 14:14:20.649] [Worker-Main-22/ERROR] [net.minecraft.world.entity.decoration.BlockAttachedEntity/]: Block-attached entity at invalid position: BlockPos{x=101, y=146, z=694}
[0610月2026 14:14:22.017] [Server thread/INFO] [net.minecraft.server.players.PlayerList/]: SSSYunLong[/183.198.21.134:11890] logged in with entity id 1033 at (1155.7116223595394, 65.59258650599311, 1024.102291924711)
[0610月2026 14:14:22.023] [Server thread/INFO] [net.minecraft.server.MinecraftServer/]: SSSYunLong joined the game
[0610月2026 14:14:22.128] [Server thread/INFO] [net.nicguzzo.wands.WandsMod/]: add_player wand
[0610月2026 14:14:22.128] [Server thread/INFO] [net.nicguzzo.wands.WandsMod/]: player_data {}
[0610月2026 14:14:22.133] [Server thread/INFO] [artifacts.Artifacts/]: Sending item configs to client
[0610月2026 14:14:22.361] [TAB Processing Thread/WARN] [me.neznamy.tab.platforms.neoforge.NeoForgePlatform/]: [TAB] Player SSSYunLong's group (none) is not in sorting list! Sorting list: owner,admin,mod,helper,builder,vip,default. Player will be sorted on the bottom.
[0610月2026 14:14:33.010] [Server thread/ERROR] [net.neoforged.fml.common.asm.RuntimeDistCleaner/DISTXFORM]: Attempted to load class net/miauczel/legendary_monsters/Particle/custom/KnightSweepParticle for invalid dist DEDICATED_SERVER
[0610月2026 14:14:55.359] [Server thread/ERROR] [net.neoforged.fml.common.asm.RuntimeDistCleaner/DISTXFORM]: Attempted to load class net/miauczel/legendary_monsters/Particle/custom/Circle for invalid dist DEDICATED_SERVER
[0610月2026 14:15:06.912] [Server thread/INFO] [net.minecraft.server.MinecraftServer/]: Liger_dragon was slain by Possessed Paladin
[0610月2026 14:15:56.478] [Server thread/WARN] [net.minecraft.server.MinecraftServer/]: Can't keep up! Is the server overloaded? Running 2923ms or 58 ticks behind
[0610月2026 14:16:05.069] [spark-java-sampler-0-5/WARN] [spark/]: Timed out waiting for world statistics
[0610月2026 14:16:29.703] [Server thread/INFO] [net.minecraft.server.network.ServerGamePacketListenerImpl/]: SSSYunLong lost connection: Disconnected
[0610月2026 14:16:29.703] [Server thread/INFO] [net.minecraft.server.MinecraftServer/]: SSSYunLong left the game
[0610月2026 14:16:29.708] [Server thread/INFO] [net.nicguzzo.wands.WandsMod/]: remove player wand
[0610月2026 14:16:48.800] [User Authenticator #4/INFO] [net.minecraft.server.network.ServerLoginPacketListenerImpl/]: UUID of player SSSYunLong is f087f7a9-2438-4bb9-8d32-f82533e9a9f6
[0610月2026 14:16:56.655] [Server Watchdog/ERROR] [net.minecraft.server.dedicated.ServerWatchdog/FATAL]: A single server tick took 60.00 seconds (should be max 0.05)
[0610月2026 14:16:56.655] [Server Watchdog/ERROR] [net.minecraft.server.dedicated.ServerWatchdog/FATAL]: Considering it to be crashed, server will forcibly shutdown.
[0610月2026 14:16:59.234] [Server Watchdog/FATAL] [net.neoforged.neoforge.common.NeoForgeMod/]: Preparing crash report with UUID 38497bd5-0143-41ac-9a8e-5c4a026a7fa6
[0610月2026 14:17:07.928] [Server Watchdog/INFO] [STDOUT/]: [net.minecraft.server.Bootstrap:realStdoutPrintln:135]: Crash report:
---- Minecraft Crash Report ----
// Hi. I'm Minecraft, and I'm a crashaholic.

Time: 2026-10-06 14:16:59
Description: Watching Server

java.lang.Error: ServerHangWatchdog detected that a single server tick took 60000184.00 seconds (should be max 0.05)
	at TRANSFORMER/minecraft@1.21.1/net.minecraft.server.level.ChunkMap$TrackedEntity.updatePlayer(ChunkMap.java:1299) ~[server-1.21.1-20240808.144430-srg.jar%23309!/:?] {re:mixin,pl:accesstransformer:B,re:classloading,pl:accesstransformer:B,pl:mixin:APP:balm.mixins.json:TrackedEntityAccessor from mod balm,pl:mixin:A}
	at TRANSFORMER/minecraft@1.21.1/net.minecraft.server.level.ChunkMap.move(ChunkMap.java:1002) ~[server-1.21.1-20240808.144430-srg.jar%23309!/:?] {re:mixin,pl:accesstransformer:B,re:classloading,pl:accesstransformer:B,pl:mixin:APP:modernfix-modernfix.mixins.json:perf.release_protochunks.ChunkMapMixin from mod modernfix,pl:mixin:APP:balm.mixins.json:ChunkMapAccessor from mod balm,pl:mixin:APP:lithostitched.mixins.json:common.ChunkMapMixin from mod lithostitched,pl:mixin:APP:lootr-common.mixins.json:accessor.AccessorMixinChunkMap from mod lootr,pl:mixin:APP:ftbchunks-common.mixins.json:ChunkMapMixin from mod ftbchunks,pl:mixin:A}
	at TRANSFORMER/minecraft@1.21.1/net.minecraft.server.level.ServerChunkCache.move(ServerChunkCache.java:463) ~[server-1.21.1-20240808.144430-srg.jar%23309!/:?] {re:mixin,pl:accesstransformer:B,re:classloading,pl:accesstransformer:B,pl:mixin:APP:cupboard.mixins.json:ChunkLoadDebug from mod cupboard,pl:mixin:APP:modernfix-modernfix.mixins.json:bugfix.chunk_deadlock.ServerChunkCacheAccessor from mod modernfix,pl:mixin:A}
	at TRANSFORMER/minecraft@1.21.1/net.minecraft.server.network.ServerGamePacketListenerImpl.handleMovePlayer(ServerGamePacketListenerImpl.java:955) ~[server-1.21.1-20240808.144430-srg.jar%23309!/:?] {re:mixin,pl:accesstransformer:B,re:classloading,pl:accesstransformer:B,pl:mixin:APP:exposure-common.mixins.json:ServerGamePacketListenerMixin from mod exposure,pl:mixin:APP:vanillabackport.mixins.json:common.ServerGamePacketListenerImplMixin from mod vanillabackport,pl:mixin:APP:worldedit-neoforge.mixins.json:MixinServerGamePacketListenerImpl from mod worldedit,pl:mixin:APP:adventure-platform-mod-shared.accessor.mixins.json:minecraft.network.ServerGamePacketListenerImplAccess from mod adventure_platform_neoforge,pl:mixin:APP:lootr-common.mixins.json:spawn.MixinServerGamePacketListenerImpl from mod lootr,pl:mixin:APP:ftbquests-common.mixins.json:ServerGamePacketListenerImplMixin from mod ftbquests,pl:mixin:APP:dragonsurvival.mixins.json:ServerGamePacketListenerImplMixin from mod dragonsurvival,pl:mixin:APP:mixins.artifacts.common.json:item.umbrella.server.ServerGamePacketListenerImplMixin from mod artifacts,pl:mixin:APP:packetfixer.v1_20_5.neoforge.mixins.json:v1_20_5_neoforge.ServerGamePacketListenerImplMixin from mod packetfixer,pl:mixin:APP:expandability-common.mixins.json:swimming.server.ServerGamePacketListenerImplMixin from mod expandability,pl:mixin:A}
	at TRANSFORMER/minecraft@1.21.1/net.minecraft.network.protocol.game.ServerboundMovePlayerPacket.handle(ServerboundMovePlayerPacket.java:142) ~[server-1.21.1-20240808.144430-srg.jar%23309!/:?] {re:classloading}
	at TRANSFORMER/minecraft@1.21.1/net.minecraft.network.protocol.game.ServerboundMovePlayerPacket$PosRot.handle(ServerboundMovePlayerPacket.java:18) ~[server-1.21.1-20240808.144430-srg.jar%23309!/:?] {re:classloading}
	at TRANSFORMER/minecraft@1.21.1/net.minecraft.network.protocol.PacketUtils.lambda$ensureRunningOnSameThread$0(PacketUtils.java:27) ~[server-1.21.1-20240808.144430-srg.jar%23309!/:?] {re:mixin,re:classloading}
	at TRANSFORMER/minecraft@1.21.1/net.minecraft.network.protocol.PacketUtils$$Lambda/0x0000017c7d5dd000.run(Unknown Source) ~[?:?] {}
	at TRANSFORMER/minecraft@1.21.1/net.minecraft.server.TickTask.run(TickTask.java:18) ~[server-1.21.1-20240808.144430-srg.jar%23309!/:?] {re:classloading}
	at TRANSFORMER/minecraft@1.21.1/net.minecraft.util.thread.BlockableEventLoop.doRunTask(BlockableEventLoop.java:148) ~[server-1.21.1-20240808.144430-srg.jar%23309!/:?] {re:mixin,pl:accesstransformer:B,re:computing_frames,pl:accesstransformer:B,re:classloading,pl:accesstransformer:B}
	at TRANSFORMER/minecraft@1.21.1/net.minecraft.util.thread.ReentrantBlockableEventLoop.doRunTask(ReentrantBlockableEventLoop.java:23) ~[server-1.21.1-20240808.144430-srg.jar%23309!/:?] {re:mixin,re:computing_frames,re:classloading}
	at TRANSFORMER/minecraft@1.21.1/net.minecraft.server.MinecraftServer.doRunTask(MinecraftServer.java:872) ~[server-1.21.1-20240808.144430-srg.jar%23309!/:?] {re:mixin,pl:accesstransformer:B,re:classloading,pl:accesstransformer:B,pl:mixin:APP:modernfix-modernfix.mixins.json:perf.fix_loop_spin_waiting.MinecraftServerMixin from mod modernfix,pl:mixin:APP:resource_world.mixins.json:MinecraftServerMixin from mod resource_world,pl:mixin:APP:modernfix-modernfix.mixins.json:perf.dedicated_reload_executor.MinecraftServerMixin from mod modernfix,pl:mixin:APP:modernfix-modernfix.mixins.json:core.MinecraftServerMixin from mod modernfix,pl:mixin:APP:balm.neoforge.mixins.json:MinecraftServerMixin from mod balm,pl:mixin:APP:exposure-common.mixins.json:MinecraftServerMixin from mod exposure,pl:mixin:APP:adventure-platform-mod-shared.mixins.json:minecraft.server.MinecraftServerMixin from mod adventure_platform_neoforge,pl:mixin:APP:immersive_optimization.mixins.json:MinecraftServerMixin from mod immersive_optimization,pl:mixin:APP:alltheleaks.mixins.json:main.MinecraftServerMixin from mod alltheleaks,pl:mixin:APP:xaerohud.mixins.json:MixinMinecraftServer from mod xaerominimap,pl:mixin:APP:lootr-common.mixins.json:accessor.AccessorMixinMinecraftServer from mod lootr,pl:mixin:APP:xaeroworldmap.mixins.json:MixinMinecraftServer from mod xaeroworldmap,pl:mixin:APP:kubejs.mixins.json:MinecraftServerMixin from mod kubejs,pl:mixin:APP:moonlight.mixins.json:MinecraftServerMixin from mod moonlight,pl:mixin:A}
	at TRANSFORMER/minecraft@1.21.1/net.minecraft.server.MinecraftServer.doRunTask(MinecraftServer.java:170) ~[server-1.21.1-20240808.144430-srg.jar%23309!/:?] {re:mixin,pl:accesstransformer:B,re:classloading,pl:accesstransformer:B,pl:mixin:APP:modernfix-modernfix.mixins.json:perf.fix_loop_spin_waiting.MinecraftServerMixin from mod modernfix,pl:mixin:APP:resource_world.mixins.json:MinecraftServerMixin from mod resource_world,pl:mixin:APP:modernfix-modernfix.mixins.json:perf.dedicated_reload_executor.MinecraftServerMixin from mod modernfix,pl:mixin:APP:modernfix-modernfix.mixins.json:core.MinecraftServerMixin from mod modernfix,pl:mixin:APP:balm.neoforge.mixins.json:MinecraftServerMixin from mod balm,pl:mixin:APP:exposure-common.mixins.json:MinecraftServerMixin from mod exposure,pl:mixin:APP:adventure-platform-mod-shared.mixins.json:minecraft.server.MinecraftServerMixin from mod adventure_platform_neoforge,pl:mixin:APP:immersive_optimization.mixins.json:MinecraftServerMixin from mod immersive_optimization,pl:mixin:APP:alltheleaks.mixins.json:main.MinecraftServerMixin from mod alltheleaks,pl:mixin:APP:xaerohud.mixins.json:MixinMinecraftServer from mod xaerominimap,pl:mixin:APP:lootr-common.mixins.json:accessor.AccessorMixinMinecraftServer from mod lootr,pl:mixin:APP:xaeroworldmap.mixins.json:MixinMinecraftServer from mod xaeroworldmap,pl:mixin:APP:kubejs.mixins.json:MinecraftServerMixin from mod kubejs,pl:mixin:APP:moonlight.mixins.json:MinecraftServerMixin from mod moonlight,pl:mixin:A}
	at TRANSFORMER/minecraft@1.21.1/net.minecraft.util.thread.BlockableEventLoop.pollTask(BlockableEventLoop.java:122) ~[server-1.21.1-20240808.144430-srg.jar%23309!/:?] {re:mixin,pl:accesstransformer:B,re:computing_frames,pl:accesstransformer:B,re:classloading,pl:accesstransformer:B}
	at TRANSFORMER/minecraft@1.21.1/net.minecraft.server.MinecraftServer.pollTaskInternal(MinecraftServer.java:855) ~[server-1.21.1-20240808.144430-srg.jar%23309!/:?] {re:mixin,pl:accesstransformer:B,re:classloading,pl:accesstransformer:B,pl:mixin:APP:modernfix-modernfix.mixins.json:perf.fix_loop_spin_waiting.MinecraftServerMixin from mod modernfix,pl:mixin:APP:resource_world.mixins.json:MinecraftServerMixin from mod resource_world,pl:mixin:APP:modernfix-modernfix.mixins.json:perf.dedicated_reload_executor.MinecraftServerMixin from mod modernfix,pl:mixin:APP:modernfix-modernfix.mixins.json:core.MinecraftServerMixin from mod modernfix,pl:mixin:APP:balm.neoforge.mixins.json:MinecraftServerMixin from mod balm,pl:mixin:APP:exposure-common.mixins.json:MinecraftServerMixin from mod exposure,pl:mixin:APP:adventure-platform-mod-shared.mixins.json:minecraft.server.MinecraftServerMixin from mod adventure_platform_neoforge,pl:mixin:APP:immersive_optimization.mixins.json:MinecraftServerMixin from mod immersive_optimization,pl:mixin:APP:alltheleaks.mixins.json:main.MinecraftServerMixin from mod alltheleaks,pl:mixin:APP:xaerohud.mixins.json:MixinMinecraftServer from mod xaerominimap,pl:mixin:APP:lootr-common.mixins.json:accessor.AccessorMixinMinecraftServer from mod lootr,pl:mixin:APP:xaeroworldmap.mixins.json:MixinMinecraftServer from mod xaeroworldmap,pl:mixin:APP:kubejs.mixins.json:MinecraftServerMixin from mod kubejs,pl:mixin:APP:moonlight.mixins.json:MinecraftServerMixin from mod moonlight,pl:mixin:A}
	at TRANSFORMER/minecraft@1.21.1/net.minecraft.server.MinecraftServer.pollTask(MinecraftServer.java:849) ~[server-1.21.1-20240808.144430-srg.jar%23309!/:?] {re:mixin,pl:accesstransformer:B,re:classloading,pl:accesstransformer:B,pl:mixin:APP:modernfix-modernfix.mixins.json:perf.fix_loop_spin_waiting.MinecraftServerMixin from mod modernfix,pl:mixin:APP:resource_world.mixins.json:MinecraftServerMixin from mod resource_world,pl:mixin:APP:modernfix-modernfix.mixins.json:perf.dedicated_reload_executor.MinecraftServerMixin from mod modernfix,pl:mixin:APP:modernfix-modernfix.mixins.json:core.MinecraftServerMixin from mod modernfix,pl:mixin:APP:balm.neoforge.mixins.json:MinecraftServerMixin from mod balm,pl:mixin:APP:exposure-common.mixins.json:MinecraftServerMixin from mod exposure,pl:mixin:APP:adventure-platform-mod-shared.mixins.json:minecraft.server.MinecraftServerMixin from mod adventure_platform_neoforge,pl:mixin:APP:immersive_optimization.mixins.json:MinecraftServerMixin from mod immersive_optimization,pl:mixin:APP:alltheleaks.mixins.json:main.MinecraftServerMixin from mod alltheleaks,pl:mixin:APP:xaerohud.mixins.json:MixinMinecraftServer from mod xaerominimap,pl:mixin:APP:lootr-common.mixins.json:accessor.AccessorMixinMinecraftServer from mod lootr,pl:mixin:APP:xaeroworldmap.mixins.json:MixinMinecraftServer from mod xaeroworldmap,pl:mixin:APP:kubejs.mixins.json:MinecraftServerMixin from mod kubejs,pl:mixin:APP:moonlight.mixins.json:MinecraftServerMixin from mod moonlight,pl:mixin:A}
	at TRANSFORMER/minecraft@1.21.1/net.minecraft.util.thread.BlockableEventLoop.runAllTasks(BlockableEventLoop.java:111) ~[server-1.21.1-20240808.144430-srg.jar%23309!/:?] {re:mixin,pl:accesstransformer:B,re:computing_frames,pl:accesstransformer:B,re:classloading,pl:accesstransformer:B}
	at TRANSFORMER/minecraft@1.21.1/net.minecraft.server.MinecraftServer.waitUntilNextTick(MinecraftServer.java:825) ~[server-1.21.1-20240808.144430-srg.jar%23309!/:?] {re:mixin,pl:accesstransformer:B,re:classloading,pl:accesstransformer:B,pl:mixin:APP:modernfix-modernfix.mixins.json:perf.fix_loop_spin_waiting.MinecraftServerMixin from mod modernfix,pl:mixin:APP:resource_world.mixins.json:MinecraftServerMixin from mod resource_world,pl:mixin:APP:modernfix-modernfix.mixins.json:perf.dedicated_reload_executor.MinecraftServerMixin from mod modernfix,pl:mixin:APP:modernfix-modernfix.mixins.json:core.MinecraftServerMixin from mod modernfix,pl:mixin:APP:balm.neoforge.mixins.json:MinecraftServerMixin from mod balm,pl:mixin:APP:exposure-common.mixins.json:MinecraftServerMixin from mod exposure,pl:mixin:APP:adventure-platform-mod-shared.mixins.json:minecraft.server.MinecraftServerMixin from mod adventure_platform_neoforge,pl:mixin:APP:immersive_optimization.mixins.json:MinecraftServerMixin from mod immersive_optimization,pl:mixin:APP:alltheleaks.mixins.json:main.MinecraftServerMixin from mod alltheleaks,pl:mixin:APP:xaerohud.mixins.json:MixinMinecraftServer from mod xaerominimap,pl:mixin:APP:lootr-common.mixins.json:accessor.AccessorMixinMinecraftServer from mod lootr,pl:mixin:APP:xaeroworldmap.mixins.json:MixinMinecraftServer from mod xaeroworldmap,pl:mixin:APP:kubejs.mixins.json:MinecraftServerMixin from mod kubejs,pl:mixin:APP:moonlight.mixins.json:MinecraftServerMixin from mod moonlight,pl:mixin:A}
	at TRANSFORMER/minecraft@1.21.1/net.minecraft.server.MinecraftServer.runServer(MinecraftServer.java:712) ~[server-1.21.1-20240808.144430-srg.jar%23309!/:?] {re:mixin,pl:accesstransformer:B,re:classloading,pl:accesstransformer:B,pl:mixin:APP:modernfix-modernfix.mixins.json:perf.fix_loop_spin_waiting.MinecraftServerMixin from mod modernfix,pl:mixin:APP:resource_world.mixins.json:MinecraftServerMixin from mod resource_world,pl:mixin:APP:modernfix-modernfix.mixins.json:perf.dedicated_reload_executor.MinecraftServerMixin from mod modernfix,pl:mixin:APP:modernfix-modernfix.mixins.json:core.MinecraftServerMixin from mod modernfix,pl:mixin:APP:balm.neoforge.mixins.json:MinecraftServerMixin from mod balm,pl:mixin:APP:exposure-common.mixins.json:MinecraftServerMixin from mod exposure,pl:mixin:APP:adventure-platform-mod-shared.mixins.json:minecraft.server.MinecraftServerMixin from mod adventure_platform_neoforge,pl:mixin:APP:immersive_optimization.mixins.json:MinecraftServerMixin from mod immersive_optimization,pl:mixin:APP:alltheleaks.mixins.json:main.MinecraftServerMixin from mod alltheleaks,pl:mixin:APP:xaerohud.mixins.json:MixinMinecraftServer from mod xaerominimap,pl:mixin:APP:lootr-common.mixins.json:accessor.AccessorMixinMinecraftServer from mod lootr,pl:mixin:APP:xaeroworldmap.mixins.json:MixinMinecraftServer from mod xaeroworldmap,pl:mixin:APP:kubejs.mixins.json:MinecraftServerMixin from mod kubejs,pl:mixin:APP:moonlight.mixins.json:MinecraftServerMixin from mod moonlight,pl:mixin:A}
	at TRANSFORMER/minecraft@1.21.1/net.minecraft.server.MinecraftServer.lambda$spin$2(MinecraftServer.java:267) ~[server-1.21.1-20240808.144430-srg.jar%23309!/:?] {re:mixin,pl:accesstransformer:B,re:classloading,pl:accesstransformer:B,pl:mixin:APP:modernfix-modernfix.mixins.json:perf.fix_loop_spin_waiting.MinecraftServerMixin from mod modernfix,pl:mixin:APP:resource_world.mixins.json:MinecraftServerMixin from mod resource_world,pl:mixin:APP:modernfix-modernfix.mixins.json:perf.dedicated_reload_executor.MinecraftServerMixin from mod modernfix,pl:mixin:APP:modernfix-modernfix.mixins.json:core.MinecraftServerMixin from mod modernfix,pl:mixin:APP:balm.neoforge.mixins.json:MinecraftServerMixin from mod balm,pl:mixin:APP:exposure-common.mixins.json:MinecraftServerMixin from mod exposure,pl:mixin:APP:adventure-platform-mod-shared.mixins.json:minecraft.server.MinecraftServerMixin from mod adventure_platform_neoforge,pl:mixin:APP:immersive_optimization.mixins.json:MinecraftServerMixin from mod immersive_optimization,pl:mixin:APP:alltheleaks.mixins.json:main.MinecraftServerMixin from mod alltheleaks,pl:mixin:APP:xaerohud.mixins.json:MixinMinecraftServer from mod xaerominimap,pl:mixin:APP:lootr-common.mixins.json:accessor.AccessorMixinMinecraftServer from mod lootr,pl:mixin:APP:xaeroworldmap.mixins.json:MixinMinecraftServer from mod xaeroworldmap,pl:mixin:APP:kubejs.mixins.json:MinecraftServerMixin from mod kubejs,pl:mixin:APP:moonlight.mixins.json:MinecraftServerMixin from mod moonlight,pl:mixin:A}
	at TRANSFORMER/minecraft@1.21.1/net.minecraft.server.MinecraftServer$$Lambda/0x0000017c7d1e7668.run(Unknown Source) ~[?:?] {}
	at java.base/java.lang.Thread.runWith(Thread.java:1596) [?:?] {re:mixin}
	at java.base/java.lang.Thread.run(Thread.java:1583) [?:?] {re:mixin}


A detailed walkthrough of the error, its code path and all known details is as follows:
---------------------------------------------------------------------------------------

-- Head --
Thread: Server Watchdog
Stacktrace:
	at TRANSFORMER/minecraft@1.21.1/net.minecraft.server.level.ChunkMap$TrackedEntity.updatePlayer(ChunkMap.java:1299) ~[server-1.21.1-20240808.144430-srg.jar%23309!/:?] {re:mixin,pl:accesstransformer:B,re:classloading,pl:accesstransformer:B,pl:mixin:APP:balm.mixins.json:TrackedEntityAccessor from mod balm,pl:mixin:A}
	at TRANSFORMER/minecraft@1.21.1/net.minecraft.server.level.ChunkMap.move(ChunkMap.java:1002) ~[server-1.21.1-20240808.144430-srg.jar%23309!/:?] {re:mixin,pl:accesstransformer:B,re:classloading,pl:accesstransformer:B,pl:mixin:APP:modernfix-modernfix.mixins.json:perf.release_protochunks.ChunkMapMixin from mod modernfix,pl:mixin:APP:balm.mixins.json:ChunkMapAccessor from mod balm,pl:mixin:APP:lithostitched.mixins.json:common.ChunkMapMixin from mod lithostitched,pl:mixin:APP:lootr-common.mixins.json:accessor.AccessorMixinChunkMap from mod lootr,pl:mixin:APP:ftbchunks-common.mixins.json:ChunkMapMixin from mod ftbchunks,pl:mixin:A}
	at TRANSFORMER/minecraft@1.21.1/net.minecraft.server.level.ServerChunkCache.move(ServerChunkCache.java:463) ~[server-1.21.1-20240808.144430-srg.jar%23309!/:?] {re:mixin,pl:accesstransformer:B,re:classloading,pl:accesstransformer:B,pl:mixin:APP:cupboard.mixins.json:ChunkLoadDebug from mod cupboard,pl:mixin:APP:modernfix-modernfix.mixins.json:bugfix.chunk_deadlock.ServerChunkCacheAccessor from mod modernfix,pl:mixin:A}
	at TRANSFORMER/minecraft@1.21.1/net.minecraft.server.network.ServerGamePacketListenerImpl.handleMovePlayer(ServerGamePacketListenerImpl.java:955) ~[server-1.21.1-20240808.144430-srg.jar%23309!/:?] {re:mixin,pl:accesstransformer:B,re:classloading,pl:accesstransformer:B,pl:mixin:APP:exposure-common.mixins.json:ServerGamePacketListenerMixin from mod exposure,pl:mixin:APP:vanillabackport.mixins.json:common.ServerGamePacketListenerImplMixin from mod vanillabackport,pl:mixin:APP:worldedit-neoforge.mixins.json:MixinServerGamePacketListenerImpl from mod worldedit,pl:mixin:APP:adventure-platform-mod-shared.accessor.mixins.json:minecraft.network.ServerGamePacketListenerImplAccess from mod adventure_platform_neoforge,pl:mixin:APP:lootr-common.mixins.json:spawn.MixinServerGamePacketListenerImpl from mod lootr,pl:mixin:APP:ftbquests-common.mixins.json:ServerGamePacketListenerImplMixin from mod ftbquests,pl:mixin:APP:dragonsurvival.mixins.json:ServerGamePacketListenerImplMixin from mod dragonsurvival,pl:mixin:APP:mixins.artifacts.common.json:item.umbrella.server.ServerGamePacketListenerImplMixin from mod artifacts,pl:mixin:APP:packetfixer.v1_20_5.neoforge.mixins.json:v1_20_5_neoforge.ServerGamePacketListenerImplMixin from mod packetfixer,pl:mixin:APP:expandability-common.mixins.json:swimming.server.ServerGamePacketListenerImplMixin from mod expandability,pl:mixin:A}
	at TRANSFORMER/minecraft@1.21.1/net.minecraft.network.protocol.game.ServerboundMovePlayerPacket.handle(ServerboundMovePlayerPacket.java:142) ~[server-1.21.1-20240808.144430-srg.jar%23309!/:?] {re:classloading}
	at TRANSFORMER/minecraft@1.21.1/net.minecraft.network.protocol.game.ServerboundMovePlayerPacket$PosRot.handle(ServerboundMovePlayerPacket.java:18) ~[server-1.21.1-20240808.144430-srg.jar%23309!/:?] {re:classloading}
	at TRANSFORMER/minecraft@1.21.1/net.minecraft.network.protocol.PacketUtils.lambda$ensureRunningOnSameThread$0(PacketUtils.java:27) ~[server-1.21.1-20240808.144430-srg.jar%23309!/:?] {re:mixin,re:classloading}
	at TRANSFORMER/minecraft@1.21.1/net.minecraft.network.protocol.PacketUtils$$Lambda/0x0000017c7d5dd000.run(Unknown Source) ~[?:?] {}
	at TRANSFORMER/minecraft@1.21.1/net.minecraft.server.TickTask.run(TickTask.java:18) ~[server-1.21.1-20240808.144430-srg.jar%23309!/:?] {re:classloading}
	at TRANSFORMER/minecraft@1.21.1/net.minecraft.util.thread.BlockableEventLoop.doRunTask(BlockableEventLoop.java:148) ~[server-1.21.1-20240808.144430-srg.jar%23309!/:?] {re:mixin,pl:accesstransformer:B,re:computing_frames,pl:accesstransformer:B,re:classloading,pl:accesstransformer:B}
	at TRANSFORMER/minecraft@1.21.1/net.minecraft.util.thread.ReentrantBlockableEventLoop.doRunTask(ReentrantBlockableEventLoop.java:23) ~[server-1.21.1-20240808.144430-srg.jar%23309!/:?] {re:mixin,re:computing_frames,re:classloading}
	at TRANSFORMER/minecraft@1.21.1/net.minecraft.server.MinecraftServer.doRunTask(MinecraftServer.java:872) ~[server-1.21.1-20240808.144430-srg.jar%23309!/:?] {re:mixin,pl:accesstransformer:B,re:classloading,pl:accesstransformer:B,pl:mixin:APP:modernfix-modernfix.mixins.json:perf.fix_loop_spin_waiting.MinecraftServerMixin from mod modernfix,pl:mixin:APP:resource_world.mixins.json:MinecraftServerMixin from mod resource_world,pl:mixin:APP:modernfix-modernfix.mixins.json:perf.dedicated_reload_executor.MinecraftServerMixin from mod modernfix,pl:mixin:APP:modernfix-modernfix.mixins.json:core.MinecraftServerMixin from mod modernfix,pl:mixin:APP:balm.neoforge.mixins.json:MinecraftServerMixin from mod balm,pl:mixin:APP:exposure-common.mixins.json:MinecraftServerMixin from mod exposure,pl:mixin:APP:adventure-platform-mod-shared.mixins.json:minecraft.server.MinecraftServerMixin from mod adventure_platform_neoforge,pl:mixin:APP:immersive_optimization.mixins.json:MinecraftServerMixin from mod immersive_optimization,pl:mixin:APP:alltheleaks.mixins.json:main.MinecraftServerMixin from mod alltheleaks,pl:mixin:APP:xaerohud.mixins.json:MixinMinecraftServer from mod xaerominimap,pl:mixin:APP:lootr-common.mixins.json:accessor.AccessorMixinMinecraftServer from mod lootr,pl:mixin:APP:xaeroworldmap.mixins.json:MixinMinecraftServer from mod xaeroworldmap,pl:mixin:APP:kubejs.mixins.json:MinecraftServerMixin from mod kubejs,pl:mixin:APP:moonlight.mixins.json:MinecraftServerMixin from mod moonlight,pl:mixin:A}
	at TRANSFORMER/minecraft@1.21.1/net.minecraft.server.MinecraftServer.doRunTask(MinecraftServer.java:170) ~[server-1.21.1-20240808.144430-srg.jar%23309!/:?] {re:mixin,pl:accesstransformer:B,re:classloading,pl:accesstransformer:B,pl:mixin:APP:modernfix-modernfix.mixins.json:perf.fix_loop_spin_waiting.MinecraftServerMixin from mod modernfix,pl:mixin:APP:resource_world.mixins.json:MinecraftServerMixin from mod resource_world,pl:mixin:APP:modernfix-modernfix.mixins.json:perf.dedicated_reload_executor.MinecraftServerMixin from mod modernfix,pl:mixin:APP:modernfix-modernfix.mixins.json:core.MinecraftServerMixin from mod modernfix,pl:mixin:APP:balm.neoforge.mixins.json:MinecraftServerMixin from mod balm,pl:mixin:APP:exposure-common.mixins.json:MinecraftServerMixin from mod exposure,pl:mixin:APP:adventure-platform-mod-shared.mixins.json:minecraft.server.MinecraftServerMixin from mod adventure_platform_neoforge,pl:mixin:APP:immersive_optimization.mixins.json:MinecraftServerMixin from mod immersive_optimization,pl:mixin:APP:alltheleaks.mixins.json:main.MinecraftServerMixin from mod alltheleaks,pl:mixin:APP:xaerohud.mixins.json:MixinMinecraftServer from mod xaerominimap,pl:mixin:APP:lootr-common.mixins.json:accessor.AccessorMixinMinecraftServer from mod lootr,pl:mixin:APP:xaeroworldmap.mixins.json:MixinMinecraftServer from mod xaeroworldmap,pl:mixin:APP:kubejs.mixins.json:MinecraftServerMixin from mod kubejs,pl:mixin:APP:moonlight.mixins.json:MinecraftServerMixin from mod moonlight,pl:mixin:A}
	at TRANSFORMER/minecraft@1.21.1/net.minecraft.util.thread.BlockableEventLoop.pollTask(BlockableEventLoop.java:122) ~[server-1.21.1-20240808.144430-srg.jar%23309!/:?] {re:mixin,pl:accesstransformer:B,re:computing_frames,pl:accesstransformer:B,re:classloading,pl:accesstransformer:B}
	at TRANSFORMER/minecraft@1.21.1/net.minecraft.server.MinecraftServer.pollTaskInternal(MinecraftServer.java:855) ~[server-1.21.1-20240808.144430-srg.jar%23309!/:?] {re:mixin,pl:accesstransformer:B,re:classloading,pl:accesstransformer:B,pl:mixin:APP:modernfix-modernfix.mixins.json:perf.fix_loop_spin_waiting.MinecraftServerMixin from mod modernfix,pl:mixin:APP:resource_world.mixins.json:MinecraftServerMixin from mod resource_world,pl:mixin:APP:modernfix-modernfix.mixins.json:perf.dedicated_reload_executor.MinecraftServerMixin from mod modernfix,pl:mixin:APP:modernfix-modernfix.mixins.json:core.MinecraftServerMixin from mod modernfix,pl:mixin:APP:balm.neoforge.mixins.json:MinecraftServerMixin from mod balm,pl:mixin:APP:exposure-common.mixins.json:MinecraftServerMixin from mod exposure,pl:mixin:APP:adventure-platform-mod-shared.mixins.json:minecraft.server.MinecraftServerMixin from mod adventure_platform_neoforge,pl:mixin:APP:immersive_optimization.mixins.json:MinecraftServerMixin from mod immersive_optimization,pl:mixin:APP:alltheleaks.mixins.json:main.MinecraftServerMixin from mod alltheleaks,pl:mixin:APP:xaerohud.mixins.json:MixinMinecraftServer from mod xaerominimap,pl:mixin:APP:lootr-common.mixins.json:accessor.AccessorMixinMinecraftServer from mod lootr,pl:mixin:APP:xaeroworldmap.mixins.json:MixinMinecraftServer from mod xaeroworldmap,pl:mixin:APP:kubejs.mixins.json:MinecraftServerMixin from mod kubejs,pl:mixin:APP:moonlight.mixins.json:MinecraftServerMixin from mod moonlight,pl:mixin:A}
	at TRANSFORMER/minecraft@1.21.1/net.minecraft.server.MinecraftServer.pollTask(MinecraftServer.java:849) ~[server-1.21.1-20240808.144430-srg.jar%23309!/:?] {re:mixin,pl:accesstransformer:B,re:classloading,pl:accesstransformer:B,pl:mixin:APP:modernfix-modernfix.mixins.json:perf.fix_loop_spin_waiting.MinecraftServerMixin from mod modernfix,pl:mixin:APP:resource_world.mixins.json:MinecraftServerMixin from mod resource_world,pl:mixin:APP:modernfix-modernfix.mixins.json:perf.dedicated_reload_executor.MinecraftServerMixin from mod modernfix,pl:mixin:APP:modernfix-modernfix.mixins.json:core.MinecraftServerMixin from mod modernfix,pl:mixin:APP:balm.neoforge.mixins.json:MinecraftServerMixin from mod balm,pl:mixin:APP:exposure-common.mixins.json:MinecraftServerMixin from mod exposure,pl:mixin:APP:adventure-platform-mod-shared.mixins.json:minecraft.server.MinecraftServerMixin from mod adventure_platform_neoforge,pl:mixin:APP:immersive_optimization.mixins.json:MinecraftServerMixin from mod immersive_optimization,pl:mixin:APP:alltheleaks.mixins.json:main.MinecraftServerMixin from mod alltheleaks,pl:mixin:APP:xaerohud.mixins.json:MixinMinecraftServer from mod xaerominimap,pl:mixin:APP:lootr-common.mixins.json:accessor.AccessorMixinMinecraftServer from mod lootr,pl:mixin:APP:xaeroworldmap.mixins.json:MixinMinecraftServer from mod xaeroworldmap,pl:mixin:APP:kubejs.mixins.json:MinecraftServerMixin from mod kubejs,pl:mixin:APP:moonlight.mixins.json:MinecraftServerMixin from mod moonlight,pl:mixin:A}
	at TRANSFORMER/minecraft@1.21.1/net.minecraft.util.thread.BlockableEventLoop.runAllTasks(BlockableEventLoop.java:111) ~[server-1.21.1-20240808.144430-srg.jar%23309!/:?] {re:mixin,pl:accesstransformer:B,re:computing_frames,pl:accesstransformer:B,re:classloading,pl:accesstransformer:B}
	at TRANSFORMER/minecraft@1.21.1/net.minecraft.server.MinecraftServer.waitUntilNextTick(MinecraftServer.java:825) ~[server-1.21.1-20240808.144430-srg.jar%23309!/:?] {re:mixin,pl:accesstransformer:B,re:classloading,pl:accesstransformer:B,pl:mixin:APP:modernfix-modernfix.mixins.json:perf.fix_loop_spin_waiting.MinecraftServerMixin from mod modernfix,pl:mixin:APP:resource_world.mixins.json:MinecraftServerMixin from mod resource_world,pl:mixin:APP:modernfix-modernfix.mixins.json:perf.dedicated_reload_executor.MinecraftServerMixin from mod modernfix,pl:mixin:APP:modernfix-modernfix.mixins.json:core.MinecraftServerMixin from mod modernfix,pl:mixin:APP:balm.neoforge.mixins.json:MinecraftServerMixin from mod balm,pl:mixin:APP:exposure-common.mixins.json:MinecraftServerMixin from mod exposure,pl:mixin:APP:adventure-platform-mod-shared.mixins.json:minecraft.server.MinecraftServerMixin from mod adventure_platform_neoforge,pl:mixin:APP:immersive_optimization.mixins.json:MinecraftServerMixin from mod immersive_optimization,pl:mixin:APP:alltheleaks.mixins.json:main.MinecraftServerMixin from mod alltheleaks,pl:mixin:APP:xaerohud.mixins.json:MixinMinecraftServer from mod xaerominimap,pl:mixin:APP:lootr-common.mixins.json:accessor.AccessorMixinMinecraftServer from mod lootr,pl:mixin:APP:xaeroworldmap.mixins.json:MixinMinecraftServer from mod xaeroworldmap,pl:mixin:APP:kubejs.mixins.json:MinecraftServerMixin from mod kubejs,pl:mixin:APP:moonlight.mixins.json:MinecraftServerMixin from mod moonlight,pl:mixin:A}
	at TRANSFORMER/minecraft@1.21.1/net.minecraft.server.MinecraftServer.runServer(MinecraftServer.java:712) ~[server-1.21.1-20240808.144430-srg.jar%23309!/:?] {re:mixin,pl:accesstransformer:B,re:classloading,pl:accesstransformer:B,pl:mixin:APP:modernfix-modernfix.mixins.json:perf.fix_loop_spin_waiting.MinecraftServerMixin from mod modernfix,pl:mixin:APP:resource_world.mixins.json:MinecraftServerMixin from mod resource_world,pl:mixin:APP:modernfix-modernfix.mixins.json:perf.dedicated_reload_executor.MinecraftServerMixin from mod modernfix,pl:mixin:APP:modernfix-modernfix.mixins.json:core.MinecraftServerMixin from mod modernfix,pl:mixin:APP:balm.neoforge.mixins.json:MinecraftServerMixin from mod balm,pl:mixin:APP:exposure-common.mixins.json:MinecraftServerMixin from mod exposure,pl:mixin:APP:adventure-platform-mod-shared.mixins.json:minecraft.server.MinecraftServerMixin from mod adventure_platform_neoforge,pl:mixin:APP:immersive_optimization.mixins.json:MinecraftServerMixin from mod immersive_optimization,pl:mixin:APP:alltheleaks.mixins.json:main.MinecraftServerMixin from mod alltheleaks,pl:mixin:APP:xaerohud.mixins.json:MixinMinecraftServer from mod xaerominimap,pl:mixin:APP:lootr-common.mixins.json:accessor.AccessorMixinMinecraftServer from mod lootr,pl:mixin:APP:xaeroworldmap.mixins.json:MixinMinecraftServer from mod xaeroworldmap,pl:mixin:APP:kubejs.mixins.json:MinecraftServerMixin from mod kubejs,pl:mixin:APP:moonlight.mixins.json:MinecraftServerMixin from mod moonlight,pl:mixin:A}
	at TRANSFORMER/minecraft@1.21.1/net.minecraft.server.MinecraftServer.lambda$spin$2(MinecraftServer.java:267) ~[server-1.21.1-20240808.144430-srg.jar%23309!/:?] {re:mixin,pl:accesstransformer:B,re:classloading,pl:accesstransformer:B,pl:mixin:APP:modernfix-modernfix.mixins.json:perf.fix_loop_spin_waiting.MinecraftServerMixin from mod modernfix,pl:mixin:APP:resource_world.mixins.json:MinecraftServerMixin from mod resource_world,pl:mixin:APP:modernfix-modernfix.mixins.json:perf.dedicated_reload_executor.MinecraftServerMixin from mod modernfix,pl:mixin:APP:modernfix-modernfix.mixins.json:core.MinecraftServerMixin from mod modernfix,pl:mixin:APP:balm.neoforge.mixins.json:MinecraftServerMixin from mod balm,pl:mixin:APP:exposure-common.mixins.json:MinecraftServerMixin from mod exposure,pl:mixin:APP:adventure-platform-mod-shared.mixins.json:minecraft.server.MinecraftServerMixin from mod adventure_platform_neoforge,pl:mixin:APP:immersive_optimization.mixins.json:MinecraftServerMixin from mod immersive_optimization,pl:mixin:APP:alltheleaks.mixins.json:main.MinecraftServerMixin from mod alltheleaks,pl:mixin:APP:xaerohud.mixins.json:MixinMinecraftServer from mod xaerominimap,pl:mixin:APP:lootr-common.mixins.json:accessor.AccessorMixinMinecraftServer from mod lootr,pl:mixin:APP:xaeroworldmap.mixins.json:MixinMinecraftServer from mod xaeroworldmap,pl:mixin:APP:kubejs.mixins.json:MinecraftServerMixin from mod kubejs,pl:mixin:APP:moonlight.mixins.json:MinecraftServerMixin from mod moonlight,pl:mixin:A}
	at TRANSFORMER/minecraft@1.21.1/net.minecraft.server.MinecraftServer$$Lambda/0x0000017c7d1e7668.run(Unknown Source) ~[?:?] {}
-- Thread Dump --
Details:
	Threads: "Reference Handler" daemon prio=10 Id=10 RUNNABLE
	at java.base@21.0.8/java.lang.ref.Reference.waitForReferencePendingList(Native Method)
	at java.base@21.0.8/java.lang.ref.Reference.processPendingReferences(Reference.java:246)
	at java.base@21.0.8/java.lang.ref.Reference$ReferenceHandler.run(Reference.java:208)


"Finalizer" daemon prio=8 Id=11 WAITING on java.lang.ref.NativeReferenceQueue$Lock@7dc1ad57
	at java.base@21.0.8/java.lang.Object.wait0(Native Method)
	-  waiting on java.lang.ref.NativeReferenceQueue$Lock@7dc1ad57
	at java.base@21.0.8/java.lang.Object.wait(Object.java:366)
	at java.base@21.0.8/java.lang.Object.wait(Object.java:339)
	at java.base@21.0.8/java.lang.ref.NativeReferenceQueue.await(NativeReferenceQueue.java:48)
	at java.base@21.0.8/java.lang.ref.ReferenceQueue.remove0(ReferenceQueue.java:158)
	at java.base@21.0.8/java.lang.ref.NativeReferenceQueue.remove(NativeReferenceQueue.java:89)
	at java.base@21.0.8/java.lang.ref.Finalizer$FinalizerThread.run(Finalizer.java:173)


"Signal Dispatcher" daemon prio=9 Id=12 RUNNABLE


"Attach Listener" daemon prio=5 Id=13 RUNNABLE


"Common-Cleaner" daemon prio=8 Id=31 TIMED_WAITING on java.util.concurrent.locks.AbstractQueuedSynchronizer$ConditionObject@73065c9f
	at java.base@21.0.8/jdk.internal.misc.Unsafe.park(Native Method)
	-  waiting on java.util.concurrent.locks.AbstractQueuedSynchronizer$ConditionObject@73065c9f
	at java.base@21.0.8/java.util.concurrent.locks.LockSupport.parkNanos(LockSupport.java:269)
	at java.base@21.0.8/java.util.concurrent.locks.AbstractQueuedSynchronizer$ConditionObject.await(AbstractQueuedSynchronizer.java:1852)
	at java.base@21.0.8/java.lang.ref.ReferenceQueue.await(ReferenceQueue.java:71)
	at java.base@21.0.8/java.lang.ref.ReferenceQueue.remove0(ReferenceQueue.java:143)
	at java.base@21.0.8/java.lang.ref.ReferenceQueue.remove(ReferenceQueue.java:218)
	at java.base@21.0.8/jdk.internal.ref.CleanerImpl.run(CleanerImpl.java:140)
	at java.base@21.0.8/java.lang.Thread.runWith(Thread.java:1596)
	at java.base@21.0.8/java.lang.Thread.run(Thread.java:1583)
	at java.base@21.0.8/jdk.internal.misc.InnocuousThread.run(InnocuousThread.java:186)


"Notification Thread" daemon prio=9 Id=32 RUNNABLE


"ForkJoinPool.commonPool-worker-2" daemon prio=5 Id=34 TIMED_WAITING on java.util.concurrent.ForkJoinPool@7739c627
	at java.base@21.0.8/jdk.internal.misc.Unsafe.park(Native Method)
	-  waiting on java.util.concurrent.ForkJoinPool@7739c627
	at java.base@21.0.8/java.util.concurrent.locks.LockSupport.parkUntil(LockSupport.java:449)
	at java.base@21.0.8/java.util.concurrent.ForkJoinPool.awaitWork(ForkJoinPool.java:1891)
	at java.base@21.0.8/java.util.concurrent.ForkJoinPool.runWorker(ForkJoinPool.java:1809)
	at java.base@21.0.8/java.util.concurrent.ForkJoinWorkerThread.run(ForkJoinWorkerThread.java:188)


"ForkJoinPool.commonPool-worker-3" daemon prio=5 Id=35 WAITING on java.util.concurrent.ForkJoinPool@7739c627
	at java.base@21.0.8/jdk.internal.misc.Unsafe.park(Native Method)
	-  waiting on java.util.concurrent.ForkJoinPool@7739c627
	at java.base@21.0.8/java.util.concurrent.locks.LockSupport.park(LockSupport.java:371)
	at java.base@21.0.8/java.util.concurrent.ForkJoinPool.awaitWork(ForkJoinPool.java:1893)
	at java.base@21.0.8/java.util.concurrent.ForkJoinPool.runWorker(ForkJoinPool.java:1809)
	at java.base@21.0.8/java.util.concurrent.ForkJoinWorkerThread.run(ForkJoinWorkerThread.java:188)


"ForkJoinPool.commonPool-worker-4" daemon prio=5 Id=36 WAITING on java.util.concurrent.ForkJoinPool@7739c627
	at java.base@21.0.8/jdk.internal.misc.Unsafe.park(Native Method)
	-  waiting on java.util.concurrent.ForkJoinPool@7739c627
	at java.base@21.0.8/java.util.concurrent.locks.LockSupport.park(LockSupport.java:371)
	at java.base@21.0.8/java.util.concurrent.ForkJoinPool.awaitWork(ForkJoinPool.java:1893)
	at java.base@21.0.8/java.util.concurrent.ForkJoinPool.runWorker(ForkJoinPool.java:1809)
	at java.base@21.0.8/java.util.concurrent.ForkJoinWorkerThread.run(ForkJoinWorkerThread.java:188)


"ForkJoinPool.commonPool-worker-7" daemon prio=5 Id=39 WAITING on java.util.concurrent.ForkJoinPool@7739c627
	at java.base@21.0.8/jdk.internal.misc.Unsafe.park(Native Method)
	-  waiting on java.util.concurrent.ForkJoinPool@7739c627
	at java.base@21.0.8/java.util.concurrent.locks.LockSupport.park(LockSupport.java:371)
	at java.base@21.0.8/java.util.concurrent.ForkJoinPool.awaitWork(ForkJoinPool.java:1893)
	at java.base@21.0.8/java.util.concurrent.ForkJoinPool.runWorker(ForkJoinPool.java:1809)
	at java.base@21.0.8/java.util.concurrent.ForkJoinWorkerThread.run(ForkJoinWorkerThread.java:188)


"ForkJoinPool.commonPool-worker-11" daemon prio=5 Id=43 WAITING on java.util.concurrent.ForkJoinPool@7739c627
	at java.base@21.0.8/jdk.internal.misc.Unsafe.park(Native Method)
	-  waiting on java.util.concurrent.ForkJoinPool@7739c627
	at java.base@21.0.8/java.util.concurrent.locks.LockSupport.park(LockSupport.java:371)
	at java.base@21.0.8/java.util.concurrent.ForkJoinPool.awaitWork(ForkJoinPool.java:1893)
	at java.base@21.0.8/java.util.concurrent.ForkJoinPool.runWorker(ForkJoinPool.java:1809)
	at java.base@21.0.8/java.util.concurrent.ForkJoinWorkerThread.run(ForkJoinWorkerThread.java:188)


"ForkJoinPool.commonPool-worker-12" daemon prio=5 Id=44 WAITING on java.util.concurrent.ForkJoinPool@7739c627
	at java.base@21.0.8/jdk.internal.misc.Unsafe.park(Native Method)
	-  waiting on java.util.concurrent.ForkJoinPool@7739c627
	at java.base@21.0.8/java.util.concurrent.locks.LockSupport.park(LockSupport.java:371)
	at java.base@21.0.8/java.util.concurrent.ForkJoinPool.awaitWork(ForkJoinPool.java:1893)
	at java.base@21.0.8/java.util.concurrent.ForkJoinPool.runWorker(ForkJoinPool.java:1809)
	at java.base@21.0.8/java.util.concurrent.ForkJoinWorkerThread.run(ForkJoinWorkerThread.java:188)


"ForkJoinPool.commonPool-worker-13" daemon prio=5 Id=45 WAITING on java.util.concurrent.ForkJoinPool@7739c627
	at java.base@21.0.8/jdk.internal.misc.Unsafe.park(Native Method)
	-  waiting on java.util.concurrent.ForkJoinPool@7739c627
	at java.base@21.0.8/java.util.concurrent.locks.LockSupport.park(LockSupport.java:371)
	at java.base@21.0.8/java.util.concurrent.ForkJoinPool.awaitWork(ForkJoinPool.java:1893)
	at java.base@21.0.8/java.util.concurrent.ForkJoinPool.runWorker(ForkJoinPool.java:1809)
	at java.base@21.0.8/java.util.concurrent.ForkJoinWorkerThread.run(ForkJoinWorkerThread.java:188)


"ForkJoinPool.commonPool-worker-15" daemon prio=5 Id=47 WAITING on java.util.concurrent.ForkJoinPool@7739c627
	at java.base@21.0.8/jdk.internal.misc.Unsafe.park(Native Method)
	-  waiting on java.util.concurrent.ForkJoinPool@7739c627
	at java.base@21.0.8/java.util.concurrent.locks.LockSupport.park(LockSupport.java:371)
	at java.base@21.0.8/java.util.concurrent.ForkJoinPool.awaitWork(ForkJoinPool.java:1893)
	at java.base@21.0.8/java.util.concurrent.ForkJoinPool.runWorker(ForkJoinPool.java:1809)
	at java.base@21.0.8/java.util.concurrent.ForkJoinWorkerThread.run(ForkJoinWorkerThread.java:188)


"ForkJoinPool.commonPool-worker-16" daemon prio=5 Id=48 WAITING on java.util.concurrent.ForkJoinPool@7739c627
	at java.base@21.0.8/jdk.internal.misc.Unsafe.park(Native Method)
	-  waiting on java.util.concurrent.ForkJoinPool@7739c627
	at java.base@21.0.8/java.util.concurrent.locks.LockSupport.park(LockSupport.java:371)
	at java.base@21.0.8/java.util.concurrent.ForkJoinPool.awaitWork(ForkJoinPool.java:1893)
	at java.base@21.0.8/java.util.concurrent.ForkJoinPool.runWorker(ForkJoinPool.java:1809)
	at java.base@21.0.8/java.util.concurrent.ForkJoinWorkerThread.run(ForkJoinWorkerThread.java:188)


"ForkJoinPool.commonPool-worker-17" daemon prio=5 Id=49 WAITING on java.util.concurrent.ForkJoinPool@7739c627
	at java.base@21.0.8/jdk.internal.misc.Unsafe.park(Native Method)
	-  waiting on java.util.concurrent.ForkJoinPool@7739c627
	at java.base@21.0.8/java.util.concurrent.locks.LockSupport.park(LockSupport.java:371)
	at java.base@21.0.8/java.util.concurrent.ForkJoinPool.awaitWork(ForkJoinPool.java:1893)
	at java.base@21.0.8/java.util.concurrent.ForkJoinPool.runWorker(ForkJoinPool.java:1809)
	at java.base@21.0.8/java.util.concurrent.ForkJoinWorkerThread.run(ForkJoinWorkerThread.java:188)


"ForkJoinPool.commonPool-worker-24" daemon prio=5 Id=56 WAITING on java.util.concurrent.ForkJoinPool@7739c627
	at java.base@21.0.8/jdk.internal.misc.Unsafe.park(Native Method)
	-  waiting on java.util.concurrent.ForkJoinPool@7739c627
	at java.base@21.0.8/java.util.concurrent.locks.LockSupport.park(LockSupport.java:371)
	at java.base@21.0.8/java.util.concurrent.ForkJoinPool.awaitWork(ForkJoinPool.java:1893)
	at java.base@21.0.8/java.util.concurrent.ForkJoinPool.runWorker(ForkJoinPool.java:1809)
	at java.base@21.0.8/java.util.concurrent.ForkJoinWorkerThread.run(ForkJoinWorkerThread.java:188)


"ForkJoinPool.commonPool-worker-22" daemon prio=5 Id=54 WAITING on java.util.concurrent.ForkJoinPool@7739c627
	at java.base@21.0.8/jdk.internal.misc.Unsafe.park(Native Method)
	-  waiting on java.util.concurrent.ForkJoinPool@7739c627
	at java.base@21.0.8/java.util.concurrent.locks.LockSupport.park(LockSupport.java:371)
	at java.base@21.0.8/java.util.concurrent.ForkJoinPool.awaitWork(ForkJoinPool.java:1893)
	at java.base@21.0.8/java.util.concurrent.ForkJoinPool.runWorker(ForkJoinPool.java:1809)
	at java.base@21.0.8/java.util.concurrent.ForkJoinWorkerThread.run(ForkJoinWorkerThread.java:188)


"ForkJoinPool.commonPool-worker-23" daemon prio=5 Id=55 WAITING on java.util.concurrent.ForkJoinPool@7739c627
	at java.base@21.0.8/jdk.internal.misc.Unsafe.park(Native Method)
	-  waiting on java.util.concurrent.ForkJoinPool@7739c627
	at java.base@21.0.8/java.util.concurrent.locks.LockSupport.park(LockSupport.java:371)
	at java.base@21.0.8/java.util.concurrent.ForkJoinPool.awaitWork(ForkJoinPool.java:1893)
	at java.base@21.0.8/java.util.concurrent.ForkJoinPool.runWorker(ForkJoinPool.java:1809)
	at java.base@21.0.8/java.util.concurrent.ForkJoinWorkerThread.run(ForkJoinWorkerThread.java:188)


"ForkJoinPool.commonPool-worker-18" daemon prio=5 Id=50 WAITING on java.util.concurrent.ForkJoinPool@7739c627
	at java.base@21.0.8/jdk.internal.misc.Unsafe.park(Native Method)
	-  waiting on java.util.concurrent.ForkJoinPool@7739c627
	at java.base@21.0.8/java.util.concurrent.locks.LockSupport.park(LockSupport.java:371)
	at java.base@21.0.8/java.util.concurrent.ForkJoinPool.awaitWork(ForkJoinPool.java:1893)
	at java.base@21.0.8/java.util.concurrent.ForkJoinPool.runWorker(ForkJoinPool.java:1809)
	at java.base@21.0.8/java.util.concurrent.ForkJoinWorkerThread.run(ForkJoinWorkerThread.java:188)


"ForkJoinPool.commonPool-worker-26" daemon prio=5 Id=58 WAITING on java.util.concurrent.ForkJoinPool@7739c627
	at java.base@21.0.8/jdk.internal.misc.Unsafe.park(Native Method)
	-  waiting on java.util.concurrent.ForkJoinPool@7739c627
	at java.base@21.0.8/java.util.concurrent.locks.LockSupport.park(LockSupport.java:371)
	at java.base@21.0.8/java.util.concurrent.ForkJoinPool.awaitWork(ForkJoinPool.java:1893)
	at java.base@21.0.8/java.util.concurrent.ForkJoinPool.runWorker(ForkJoinPool.java:1809)
	at java.base@21.0.8/java.util.concurrent.ForkJoinWorkerThread.run(ForkJoinWorkerThread.java:188)


"ForkJoinPool.commonPool-worker-27" daemon prio=5 Id=59 WAITING on java.util.concurrent.ForkJoinPool@7739c627
	at java.base@21.0.8/jdk.internal.misc.Unsafe.park(Native Method)
	-  waiting on java.util.concurrent.ForkJoinPool@7739c627
	at java.base@21.0.8/java.util.concurrent.locks.LockSupport.park(LockSupport.java:371)
	at java.base@21.0.8/java.util.concurrent.ForkJoinPool.awaitWork(ForkJoinPool.java:1893)
	at java.base@21.0.8/java.util.concurrent.ForkJoinPool.runWorker(ForkJoinPool.java:1809)
	at java.base@21.0.8/java.util.concurrent.ForkJoinWorkerThread.run(ForkJoinWorkerThread.java:188)


"ForkJoinPool.commonPool-worker-29" daemon prio=5 Id=61 WAITING on java.util.concurrent.ForkJoinPool@7739c627
	at java.base@21.0.8/jdk.internal.misc.Unsafe.park(Native Method)
	-  waiting on java.util.concurrent.ForkJoinPool@7739c627
	at java.base@21.0.8/java.util.concurrent.locks.LockSupport.park(LockSupport.java:371)
	at java.base@21.0.8/java.util.concurrent.ForkJoinPool.awaitWork(ForkJoinPool.java:1893)
	at java.base@21.0.8/java.util.concurrent.ForkJoinPool.runWorker(ForkJoinPool.java:1809)
	at java.base@21.0.8/java.util.concurrent.ForkJoinWorkerThread.run(ForkJoinWorkerThread.java:188)


"JNA Cleaner" daemon prio=5 Id=125 TIMED_WAITING on java.util.concurrent.locks.AbstractQueuedSynchronizer$ConditionObject@323b56a4
	at java.base@21.0.8/jdk.internal.misc.Unsafe.park(Native Method)
	-  waiting on java.util.concurrent.locks.AbstractQueuedSynchronizer$ConditionObject@323b56a4
	at java.base@21.0.8/java.util.concurrent.locks.LockSupport.parkNanos(LockSupport.java:269)
	at java.base@21.0.8/java.util.concurrent.locks.AbstractQueuedSynchronizer$ConditionObject.await(AbstractQueuedSynchronizer.java:1852)
	at java.base@21.0.8/java.lang.ref.ReferenceQueue.await(ReferenceQueue.java:71)
	at java.base@21.0.8/java.lang.ref.ReferenceQueue.remove0(ReferenceQueue.java:143)
	at java.base@21.0.8/java.lang.ref.ReferenceQueue.remove(ReferenceQueue.java:218)
	at MC-BOOTSTRAP/com.sun.jna@5.14.0/com.sun.jna.internal.Cleaner$CleanerThread.run(Cleaner.java:154)


"DFU cleaning thread" daemon prio=1 Id=126 TIMED_WAITING
	at java.base@21.0.8/jdk.internal.misc.Unsafe.park(Native Method)
	at java.base@21.0.8/java.util.concurrent.locks.LockSupport.parkNanos(LockSupport.java:410)
	at TRANSFORMER/modernfix@5.27.24+mc1.21.1/org.embeddedt.modernfix.dfu.DFUBlaster$CleanerThread.run(DFUBlaster.java:61)


"Timer hack thread" daemon prio=5 Id=127 TIMED_WAITING
	at java.base@21.0.8/java.lang.Thread.sleep0(Native Method)
	at java.base@21.0.8/java.lang.Thread.sleep(Thread.java:509)
	at TRANSFORMER/minecraft@1.21.1/net.minecraft.Util$7.run(Util.java:759)


"modloading-worker-0" daemon prio=5 Id=128 WAITING on java.util.concurrent.ForkJoinPool@42e0fea1
	at java.base@21.0.8/jdk.internal.misc.Unsafe.park(Native Method)
	-  waiting on java.util.concurrent.ForkJoinPool@42e0fea1
	at java.base@21.0.8/java.util.concurrent.locks.LockSupport.park(LockSupport.java:371)
	at java.base@21.0.8/java.util.concurrent.ForkJoinPool.awaitWork(ForkJoinPool.java:1893)
	at java.base@21.0.8/java.util.concurrent.ForkJoinPool.runWorker(ForkJoinPool.java:1809)
	at java.base@21.0.8/java.util.concurrent.ForkJoinWorkerThread.run(ForkJoinWorkerThread.java:188)


"modloading-worker-0" daemon prio=5 Id=129 WAITING on java.util.concurrent.ForkJoinPool@42e0fea1
	at java.base@21.0.8/jdk.internal.misc.Unsafe.park(Native Method)
	-  waiting on java.util.concurrent.ForkJoinPool@42e0fea1
	at java.base@21.0.8/java.util.concurrent.locks.LockSupport.park(LockSupport.java:371)
	at java.base@21.0.8/java.util.concurrent.ForkJoinPool.awaitWork(ForkJoinPool.java:1893)
	at java.base@21.0.8/java.util.concurrent.ForkJoinPool.runWorker(ForkJoinPool.java:1809)
	at java.base@21.0.8/java.util.concurrent.ForkJoinWorkerThread.run(ForkJoinWorkerThread.java:188)


"modloading-worker-0" daemon prio=5 Id=130 WAITING on java.util.concurrent.ForkJoinPool@42e0fea1
	at java.base@21.0.8/jdk.internal.misc.Unsafe.park(Native Method)
	-  waiting on java.util.concurrent.ForkJoinPool@42e0fea1
	at java.base@21.0.8/java.util.concurrent.locks.LockSupport.park(LockSupport.java:371)
	at java.base@21.0.8/java.util.concurrent.ForkJoinPool.awaitWork(ForkJoinPool.java:1893)
	at java.base@21.0.8/java.util.concurrent.ForkJoinPool.runWorker(ForkJoinPool.java:1809)
	at java.base@21.0.8/java.util.concurrent.ForkJoinWorkerThread.run(ForkJoinWorkerThread.java:188)


"modloading-worker-0" daemon prio=5 Id=134 WAITING on java.util.concurrent.ForkJoinPool@42e0fea1
	at java.base@21.0.8/jdk.internal.misc.Unsafe.park(Native Method)
	-  waiting on java.util.concurrent.ForkJoinPool@42e0fea1
	at java.base@21.0.8/java.util.concurrent.locks.LockSupport.park(LockSupport.java:371)
	at java.base@21.0.8/java.util.concurrent.ForkJoinPool.awaitWork(ForkJoinPool.java:1893)
	at java.base@21.0.8/java.util.concurrent.ForkJoinPool.runWorker(ForkJoinPool.java:1809)
	at java.base@21.0.8/java.util.concurrent.ForkJoinWorkerThread.run(ForkJoinWorkerThread.java:188)


"modloading-worker-0" daemon prio=5 Id=135 WAITING on java.util.concurrent.ForkJoinPool@42e0fea1
	at java.base@21.0.8/jdk.internal.misc.Unsafe.park(Native Method)
	-  waiting on java.util.concurrent.ForkJoinPool@42e0fea1
	at java.base@21.0.8/java.util.concurrent.locks.LockSupport.park(LockSupport.java:371)
	at java.base@21.0.8/java.util.concurrent.ForkJoinPool.awaitWork(ForkJoinPool.java:1893)
	at java.base@21.0.8/java.util.concurrent.ForkJoinPool.runWorker(ForkJoinPool.java:1809)
	at java.base@21.0.8/java.util.concurrent.ForkJoinWorkerThread.run(ForkJoinWorkerThread.java:188)


"modloading-worker-0" daemon prio=5 Id=136 WAITING on java.util.concurrent.ForkJoinPool@42e0fea1
	at java.base@21.0.8/jdk.internal.misc.Unsafe.park(Native Method)
	-  waiting on java.util.concurrent.ForkJoinPool@42e0fea1
	at java.base@21.0.8/java.util.concurrent.locks.LockSupport.park(LockSupport.java:371)
	at java.base@21.0.8/java.util.concurrent.ForkJoinPool.awaitWork(ForkJoinPool.java:1893)
	at java.base@21.0.8/java.util.concurrent.ForkJoinPool.runWorker(ForkJoinPool.java:1809)
	at java.base@21.0.8/java.util.concurrent.ForkJoinWorkerThread.run(ForkJoinWorkerThread.java:188)


"modloading-worker-0" daemon prio=5 Id=138 WAITING on java.util.concurrent.ForkJoinPool@42e0fea1
	at java.base@21.0.8/jdk.internal.misc.Unsafe.park(Native Method)
	-  waiting on java.util.concurrent.ForkJoinPool@42e0fea1
	at java.base@21.0.8/java.util.concurrent.locks.LockSupport.park(LockSupport.java:371)
	at java.base@21.0.8/java.util.concurrent.ForkJoinPool.awaitWork(ForkJoinPool.java:1893)
	at java.base@21.0.8/java.util.concurrent.ForkJoinPool.runWorker(ForkJoinPool.java:1809)
	at java.base@21.0.8/java.util.concurrent.ForkJoinWorkerThread.run(ForkJoinWorkerThread.java:188)


"modloading-worker-0" daemon prio=5 Id=139 WAITING on java.util.concurrent.ForkJoinPool@42e0fea1
	at java.base@21.0.8/jdk.internal.misc.Unsafe.park(Native Method)
	-  waiting on java.util.concurrent.ForkJoinPool@42e0fea1
	at java.base@21.0.8/java.util.concurrent.locks.LockSupport.park(LockSupport.java:371)
	at java.base@21.0.8/java.util.concurrent.ForkJoinPool.awaitWork(ForkJoinPool.java:1893)
	at java.base@21.0.8/java.util.concurrent.ForkJoinPool.runWorker(ForkJoinPool.java:1809)
	at java.base@21.0.8/java.util.concurrent.ForkJoinWorkerThread.run(ForkJoinWorkerThread.java:188)


"modloading-worker-0" daemon prio=5 Id=140 WAITING on java.util.concurrent.ForkJoinPool@42e0fea1
	at java.base@21.0.8/jdk.internal.misc.Unsafe.park(Native Method)
	-  waiting on java.util.concurrent.ForkJoinPool@42e0fea1
	at java.base@21.0.8/java.util.concurrent.locks.LockSupport.park(LockSupport.java:371)
	at java.base@21.0.8/java.util.concurrent.ForkJoinPool.awaitWork(ForkJoinPool.java:1893)
	at java.base@21.0.8/java.util.concurrent.ForkJoinPool.runWorker(ForkJoinPool.java:1809)
	at java.base@21.0.8/java.util.concurrent.ForkJoinWorkerThread.run(ForkJoinWorkerThread.java:188)


"modloading-worker-0" daemon prio=5 Id=142 WAITING on java.util.concurrent.ForkJoinPool@42e0fea1
	at java.base@21.0.8/jdk.internal.misc.Unsafe.park(Native Method)
	-  waiting on java.util.concurrent.ForkJoinPool@42e0fea1
	at java.base@21.0.8/java.util.concurrent.locks.LockSupport.park(LockSupport.java:371)
	at java.base@21.0.8/java.util.concurrent.ForkJoinPool.awaitWork(ForkJoinPool.java:1893)
	at java.base@21.0.8/java.util.concurrent.ForkJoinPool.runWorker(ForkJoinPool.java:1809)
	at java.base@21.0.8/java.util.concurrent.ForkJoinWorkerThread.run(ForkJoinWorkerThread.java:188)


"modloading-worker-0" daemon prio=5 Id=146 TIMED_WAITING on java.util.concurrent.ForkJoinPool@42e0fea1
	at java.base@21.0.8/jdk.internal.misc.Unsafe.park(Native Method)
	-  waiting on java.util.concurrent.ForkJoinPool@42e0fea1
	at java.base@21.0.8/java.util.concurrent.locks.LockSupport.parkUntil(LockSupport.java:449)
	at java.base@21.0.8/java.util.concurrent.ForkJoinPool.awaitWork(ForkJoinPool.java:1891)
	at java.base@21.0.8/java.util.concurrent.ForkJoinPool.runWorker(ForkJoinPool.java:1809)
	at java.base@21.0.8/java.util.concurrent.ForkJoinWorkerThread.run(ForkJoinWorkerThread.java:188)


"modloading-worker-0" daemon prio=5 Id=147 WAITING on java.util.concurrent.ForkJoinPool@42e0fea1
	at java.base@21.0.8/jdk.internal.misc.Unsafe.park(Native Method)
	-  waiting on java.util.concurrent.ForkJoinPool@42e0fea1
	at java.base@21.0.8/java.util.concurrent.locks.LockSupport.park(LockSupport.java:371)
	at java.base@21.0.8/java.util.concurrent.ForkJoinPool.awaitWork(ForkJoinPool.java:1893)
	at java.base@21.0.8/java.util.concurrent.ForkJoinPool.runWorker(ForkJoinPool.java:1809)
	at java.base@21.0.8/java.util.concurrent.ForkJoinWorkerThread.run(ForkJoinWorkerThread.java:188)


"modloading-worker-0" daemon prio=5 Id=152 WAITING on java.util.concurrent.ForkJoinPool@42e0fea1
	at java.base@21.0.8/jdk.internal.misc.Unsafe.park(Native Method)
	-  waiting on java.util.concurrent.ForkJoinPool@42e0fea1
	at java.base@21.0.8/java.util.concurrent.locks.LockSupport.park(LockSupport.java:371)
	at java.base@21.0.8/java.util.concurrent.ForkJoinPool.awaitWork(ForkJoinPool.java:1893)
	at java.base@21.0.8/java.util.concurrent.ForkJoinPool.runWorker(ForkJoinPool.java:1809)
	at java.base@21.0.8/java.util.concurrent.ForkJoinWorkerThread.run(ForkJoinWorkerThread.java:188)


"modloading-worker-0" daemon prio=5 Id=153 WAITING on java.util.concurrent.ForkJoinPool@42e0fea1
	at java.base@21.0.8/jdk.internal.misc.Unsafe.park(Native Method)
	-  waiting on java.util.concurrent.ForkJoinPool@42e0fea1
	at java.base@21.0.8/java.util.concurrent.locks.LockSupport.park(LockSupport.java:371)
	at java.base@21.0.8/java.util.concurrent.ForkJoinPool.awaitWork(ForkJoinPool.java:1893)
	at java.base@21.0.8/java.util.concurrent.ForkJoinPool.runWorker(ForkJoinPool.java:1809)
	at java.base@21.0.8/java.util.concurrent.ForkJoinWorkerThread.run(ForkJoinWorkerThread.java:188)


"modloading-worker-0" daemon prio=5 Id=154 WAITING on java.util.concurrent.ForkJoinPool@42e0fea1
	at java.base@21.0.8/jdk.internal.misc.Unsafe.park(Native Method)
	-  waiting on java.util.concurrent.ForkJoinPool@42e0fea1
	at java.base@21.0.8/java.util.concurrent.locks.LockSupport.park(LockSupport.java:371)
	at java.base@21.0.8/java.util.concurrent.ForkJoinPool.awaitWork(ForkJoinPool.java:1893)
	at java.base@21.0.8/java.util.concurrent.ForkJoinPool.runWorker(ForkJoinPool.java:1809)
	at java.base@21.0.8/java.util.concurrent.ForkJoinWorkerThread.run(ForkJoinWorkerThread.java:188)


"modloading-worker-0" daemon prio=5 Id=155 WAITING on java.util.concurrent.ForkJoinPool@42e0fea1
	at java.base@21.0.8/jdk.internal.misc.Unsafe.park(Native Method)
	-  waiting on java.util.concurrent.ForkJoinPool@42e0fea1
	at java.base@21.0.8/java.util.concurrent.locks.LockSupport.park(LockSupport.java:371)
	at java.base@21.0.8/java.util.concurrent.ForkJoinPool.awaitWork(ForkJoinPool.java:1893)
	at java.base@21.0.8/java.util.concurrent.ForkJoinPool.runWorker(ForkJoinPool.java:1809)
	at java.base@21.0.8/java.util.concurrent.ForkJoinWorkerThread.run(ForkJoinWorkerThread.java:188)


"modloading-worker-0" daemon prio=5 Id=156 WAITING on java.util.concurrent.ForkJoinPool@42e0fea1
	at java.base@21.0.8/jdk.internal.misc.Unsafe.park(Native Method)
	-  waiting on java.util.concurrent.ForkJoinPool@42e0fea1
	at java.base@21.0.8/java.util.concurrent.locks.LockSupport.park(LockSupport.java:371)
	at java.base@21.0.8/java.util.concurrent.ForkJoinPool.awaitWork(ForkJoinPool.java:1893)
	at java.base@21.0.8/java.util.concurrent.ForkJoinPool.runWorker(ForkJoinPool.java:1809)
	at java.base@21.0.8/java.util.concurrent.ForkJoinWorkerThread.run(ForkJoinWorkerThread.java:188)


"modloading-worker-0" daemon prio=5 Id=158 WAITING on java.util.concurrent.ForkJoinPool@42e0fea1
	at java.base@21.0.8/jdk.internal.misc.Unsafe.park(Native Method)
	-  waiting on java.util.concurrent.ForkJoinPool@42e0fea1
	at java.base@21.0.8/java.util.concurrent.locks.LockSupport.park(LockSupport.java:371)
	at java.base@21.0.8/java.util.concurrent.ForkJoinPool.awaitWork(ForkJoinPool.java:1893)
	at java.base@21.0.8/java.util.concurrent.ForkJoinPool.runWorker(ForkJoinPool.java:1809)
	at java.base@21.0.8/java.util.concurrent.ForkJoinWorkerThread.run(ForkJoinWorkerThread.java:188)


"FileSystemWatchService" daemon prio=5 Id=160 RUNNABLE (in native)
	at java.base@21.0.8/sun.nio.fs.WindowsNativeDispatcher.GetQueuedCompletionStatus0(Native Method)
	at java.base@21.0.8/sun.nio.fs.WindowsNativeDispatcher.GetQueuedCompletionStatus(WindowsNativeDispatcher.java:1075)
	at java.base@21.0.8/sun.nio.fs.WindowsWatchService$Poller.run(WindowsWatchService.java:587)
	at java.base@21.0.8/java.lang.Thread.runWith(Thread.java:1596)
	at java.base@21.0.8/java.lang.Thread.run(Thread.java:1583)


"FileSystemWatchService" daemon prio=5 Id=163 RUNNABLE (in native)
	at java.base@21.0.8/sun.nio.fs.WindowsNativeDispatcher.GetQueuedCompletionStatus0(Native Method)
	at java.base@21.0.8/sun.nio.fs.WindowsNativeDispatcher.GetQueuedCompletionStatus(WindowsNativeDispatcher.java:1075)
	at java.base@21.0.8/sun.nio.fs.WindowsWatchService$Poller.run(WindowsWatchService.java:587)
	at java.base@21.0.8/java.lang.Thread.runWith(Thread.java:1596)
	at java.base@21.0.8/java.lang.Thread.run(Thread.java:1583)


"adventure-platform-mod-scheduler-0" daemon prio=5 Id=164 TIMED_WAITING on java.util.concurrent.locks.AbstractQueuedSynchronizer$ConditionObject@3c3a0c6
	at java.base@21.0.8/jdk.internal.misc.Unsafe.park(Native Method)
	-  waiting on java.util.concurrent.locks.AbstractQueuedSynchronizer$ConditionObject@3c3a0c6
	at java.base@21.0.8/java.util.concurrent.locks.LockSupport.parkNanos(LockSupport.java:269)
	at java.base@21.0.8/java.util.concurrent.locks.AbstractQueuedSynchronizer$ConditionObject.awaitNanos(AbstractQueuedSynchronizer.java:1763)
	at java.base@21.0.8/java.util.concurrent.ScheduledThreadPoolExecutor$DelayedWorkQueue.take(ScheduledThreadPoolExecutor.java:1182)
	at java.base@21.0.8/java.util.concurrent.ScheduledThreadPoolExecutor$DelayedWorkQueue.take(ScheduledThreadPoolExecutor.java:899)
	at java.base@21.0.8/java.util.concurrent.ThreadPoolExecutor.getTask(ThreadPoolExecutor.java:1070)
	at java.base@21.0.8/java.util.concurrent.ThreadPoolExecutor.runWorker(ThreadPoolExecutor.java:1130)
	at java.base@21.0.8/java.util.concurrent.ThreadPoolExecutor$Worker.run(ThreadPoolExecutor.java:642)
	at java.base@21.0.8/java.lang.Thread.runWith(Thread.java:1596)
	at java.base@21.0.8/java.lang.Thread.run(Thread.java:1583)


"config-file-watcher-0-0" daemon prio=5 Id=165 TIMED_WAITING on java.util.concurrent.locks.AbstractQueuedSynchronizer$ConditionObject@3af25667
	at java.base@21.0.8/jdk.internal.misc.Unsafe.park(Native Method)
	-  waiting on java.util.concurrent.locks.AbstractQueuedSynchronizer$ConditionObject@3af25667
	at java.base@21.0.8/java.util.concurrent.locks.LockSupport.parkNanos(LockSupport.java:269)
	at java.base@21.0.8/java.util.concurrent.locks.AbstractQueuedSynchronizer$ConditionObject.awaitNanos(AbstractQueuedSynchronizer.java:1763)
	at java.base@21.0.8/java.util.concurrent.LinkedBlockingDeque.pollFirst(LinkedBlockingDeque.java:515)
	at java.base@21.0.8/java.util.concurrent.LinkedBlockingDeque.poll(LinkedBlockingDeque.java:677)
	at java.base@21.0.8/sun.nio.fs.AbstractWatchService.poll(AbstractWatchService.java:108)
	at MC-BOOTSTRAP/com.electronwill.nightconfig.core@3.8.3/com.electronwill.nightconfig.core.file.FileWatcher$FsWatcher.run(FileWatcher.java:531)
	at java.base@21.0.8/java.lang.Thread.runWith(Thread.java:1596)
	at java.base@21.0.8/java.lang.Thread.run(Thread.java:1583)


"Java2D Disposer" daemon prio=10 Id=167 WAITING on java.util.concurrent.locks.AbstractQueuedSynchronizer$ConditionObject@5214a9eb
	at java.base@21.0.8/jdk.internal.misc.Unsafe.park(Native Method)
	-  waiting on java.util.concurrent.locks.AbstractQueuedSynchronizer$ConditionObject@5214a9eb
	at java.base@21.0.8/java.util.concurrent.locks.LockSupport.park(LockSupport.java:371)
	at java.base@21.0.8/java.util.concurrent.locks.AbstractQueuedSynchronizer$ConditionNode.block(AbstractQueuedSynchronizer.java:519)
	at java.base@21.0.8/java.util.concurrent.ForkJoinPool.unmanagedBlock(ForkJoinPool.java:3780)
	at java.base@21.0.8/java.util.concurrent.ForkJoinPool.managedBlock(ForkJoinPool.java:3725)
	at java.base@21.0.8/java.util.concurrent.locks.AbstractQueuedSynchronizer$ConditionObject.await(AbstractQueuedSynchronizer.java:1712)
	at java.base@21.0.8/java.lang.ref.ReferenceQueue.await(ReferenceQueue.java:67)
	at java.base@21.0.8/java.lang.ref.ReferenceQueue.remove0(ReferenceQueue.java:158)
	at java.base@21.0.8/java.lang.ref.ReferenceQueue.remove(ReferenceQueue.java:234)
	at java.desktop@21.0.8/sun.java2d.Disposer.run(Disposer.java:145)
	at java.base@21.0.8/java.lang.Thread.runWith(Thread.java:1596)
	at java.base@21.0.8/java.lang.Thread.run(Thread.java:1583)


"kubejs-background-thread" daemon prio=5 Id=168 TIMED_WAITING
	at java.base@21.0.8/java.lang.Thread.sleep0(Native Method)
	at java.base@21.0.8/java.lang.Thread.sleep(Thread.java:509)
	at TRANSFORMER/kubejs@2101.7.2-build.377/dev.latvian.mods.kubejs.script.KubeJSBackgroundThread.run(KubeJSBackgroundThread.java:25)


"HttpClient-1-SelectorManager" daemon prio=5 Id=173 RUNNABLE (in native)
	at java.base@21.0.8/sun.nio.ch.WEPoll.wait(Native Method)
	at java.base@21.0.8/sun.nio.ch.WEPollSelectorImpl.doSelect(WEPollSelectorImpl.java:114)
	at java.base@21.0.8/sun.nio.ch.SelectorImpl.lockAndDoSelect(SelectorImpl.java:130)
	-  locked sun.nio.ch.Util$2@17c440fe
	-  locked sun.nio.ch.WEPollSelectorImpl@91f0750
	at java.base@21.0.8/sun.nio.ch.SelectorImpl.select(SelectorImpl.java:142)
	at platform/java.net.http@21.0.8/jdk.internal.net.http.HttpClientImpl$SelectorManager.run(HttpClientImpl.java:1376)


"Worker-Main-3" daemon prio=4 Id=177 WAITING on java.util.concurrent.ForkJoinPool@21f6397a
	at java.base@21.0.8/jdk.internal.misc.Unsafe.park(Native Method)
	-  waiting on java.util.concurrent.ForkJoinPool@21f6397a
	at java.base@21.0.8/java.util.concurrent.locks.LockSupport.park(LockSupport.java:371)
	at java.base@21.0.8/java.util.concurrent.ForkJoinPool.awaitWork(ForkJoinPool.java:1893)
	at java.base@21.0.8/java.util.concurrent.ForkJoinPool.runWorker(ForkJoinPool.java:1809)
	at java.base@21.0.8/java.util.concurrent.ForkJoinWorkerThread.run(ForkJoinWorkerThread.java:188)


"modloading-sync-worker" daemon prio=5 Id=180 WAITING on java.util.concurrent.locks.AbstractQueuedSynchronizer$ConditionObject@565a975e
	at java.base@21.0.8/jdk.internal.misc.Unsafe.park(Native Method)
	-  waiting on java.util.concurrent.locks.AbstractQueuedSynchronizer$ConditionObject@565a975e
	at java.base@21.0.8/java.util.concurrent.locks.LockSupport.park(LockSupport.java:371)
	at java.base@21.0.8/java.util.concurrent.locks.AbstractQueuedSynchronizer$ConditionNode.block(AbstractQueuedSynchronizer.java:519)
	at java.base@21.0.8/java.util.concurrent.ForkJoinPool.unmanagedBlock(ForkJoinPool.java:3780)
	at java.base@21.0.8/java.util.concurrent.ForkJoinPool.managedBlock(ForkJoinPool.java:3725)
	at java.base@21.0.8/java.util.concurrent.locks.AbstractQueuedSynchronizer$ConditionObject.await(AbstractQueuedSynchronizer.java:1712)
	at java.base@21.0.8/java.util.concurrent.LinkedBlockingQueue.take(LinkedBlockingQueue.java:435)
	at java.base@21.0.8/java.util.concurrent.ThreadPoolExecutor.getTask(ThreadPoolExecutor.java:1070)
	at java.base@21.0.8/java.util.concurrent.ThreadPoolExecutor.runWorker(ThreadPoolExecutor.java:1130)
	at java.base@21.0.8/java.util.concurrent.ThreadPoolExecutor$Worker.run(ThreadPoolExecutor.java:642)
	at java.base@21.0.8/java.lang.Thread.runWith(Thread.java:1596)
	at java.base@21.0.8/java.lang.Thread.run(Thread.java:1583)


"WorldEdit Session Manager" prio=5 Id=182 TIMED_WAITING on java.util.TaskQueue@632cfedb
	at java.base@21.0.8/java.lang.Object.wait0(Native Method)
	-  waiting on java.util.TaskQueue@632cfedb
	at java.base@21.0.8/java.lang.Object.wait(Object.java:366)
	at java.base@21.0.8/java.util.TimerThread.mainLoop(Timer.java:563)
	at java.base@21.0.8/java.util.TimerThread.run(Timer.java:516)


"HttpClient-2-SelectorManager" daemon prio=5 Id=183 RUNNABLE
	at java.base@21.0.8/sun.nio.ch.WEPoll.wait(Native Method)
	at java.base@21.0.8/sun.nio.ch.WEPollSelectorImpl.doSelect(WEPollSelectorImpl.java:114)
	at java.base@21.0.8/sun.nio.ch.SelectorImpl.lockAndDoSelect(SelectorImpl.java:130)
	-  locked sun.nio.ch.Util$2@12785069
	-  locked sun.nio.ch.WEPollSelectorImpl@2d586b5
	at java.base@21.0.8/sun.nio.ch.SelectorImpl.select(SelectorImpl.java:142)
	at platform/java.net.http@21.0.8/jdk.internal.net.http.HttpClientImpl$SelectorManager.run(HttpClientImpl.java:1376)


"HttpClient-3-SelectorManager" daemon prio=5 Id=184 RUNNABLE
	at java.base@21.0.8/sun.nio.ch.WEPoll.wait(Native Method)
	at java.base@21.0.8/sun.nio.ch.WEPollSelectorImpl.doSelect(WEPollSelectorImpl.java:114)
	at java.base@21.0.8/sun.nio.ch.SelectorImpl.lockAndDoSelect(SelectorImpl.java:130)
	-  locked sun.nio.ch.Util$2@3711d6
	-  locked sun.nio.ch.WEPollSelectorImpl@4e9fd2d
	at java.base@21.0.8/sun.nio.ch.SelectorImpl.select(SelectorImpl.java:142)
	at platform/java.net.http@21.0.8/jdk.internal.net.http.HttpClientImpl$SelectorManager.run(HttpClientImpl.java:1376)


"HttpClient-4-SelectorManager" daemon prio=5 Id=185 RUNNABLE
	at java.base@21.0.8/sun.nio.ch.WEPoll.wait(Native Method)
	at java.base@21.0.8/sun.nio.ch.WEPollSelectorImpl.doSelect(WEPollSelectorImpl.java:114)
	at java.base@21.0.8/sun.nio.ch.SelectorImpl.lockAndDoSelect(SelectorImpl.java:130)
	-  locked sun.nio.ch.Util$2@54c20ec1
	-  locked sun.nio.ch.WEPollSelectorImpl@7a0ccac2
	at java.base@21.0.8/sun.nio.ch.SelectorImpl.select(SelectorImpl.java:142)
	at platform/java.net.http@21.0.8/jdk.internal.net.http.HttpClientImpl$SelectorManager.run(HttpClientImpl.java:1376)


"Yggdrasil Key Fetcher" daemon prio=5 Id=191 TIMED_WAITING on java.util.concurrent.locks.AbstractQueuedSynchronizer$ConditionObject@428dddf4
	at java.base@21.0.8/jdk.internal.misc.Unsafe.park(Native Method)
	-  waiting on java.util.concurrent.locks.AbstractQueuedSynchronizer$ConditionObject@428dddf4
	at java.base@21.0.8/java.util.concurrent.locks.LockSupport.parkNanos(LockSupport.java:269)
	at java.base@21.0.8/java.util.concurrent.locks.AbstractQueuedSynchronizer$ConditionObject.awaitNanos(AbstractQueuedSynchronizer.java:1763)
	at java.base@21.0.8/java.util.concurrent.ScheduledThreadPoolExecutor$DelayedWorkQueue.take(ScheduledThreadPoolExecutor.java:1182)
	at java.base@21.0.8/java.util.concurrent.ScheduledThreadPoolExecutor$DelayedWorkQueue.take(ScheduledThreadPoolExecutor.java:899)
	at java.base@21.0.8/java.util.concurrent.ThreadPoolExecutor.getTask(ThreadPoolExecutor.java:1070)
	at java.base@21.0.8/java.util.concurrent.ThreadPoolExecutor.runWorker(ThreadPoolExecutor.java:1130)
	at java.base@21.0.8/java.util.concurrent.ThreadPoolExecutor$Worker.run(ThreadPoolExecutor.java:642)
	at java.base@21.0.8/java.lang.Thread.runWith(Thread.java:1596)
	at java.base@21.0.8/java.lang.Thread.run(Thread.java:1583)


"Worker-Main-4" daemon prio=4 Id=195 WAITING on java.util.concurrent.ForkJoinPool@21f6397a
	at java.base@21.0.8/jdk.internal.misc.Unsafe.park(Native Method)
	-  waiting on java.util.concurrent.ForkJoinPool@21f6397a
	at java.base@21.0.8/java.util.concurrent.locks.LockSupport.park(LockSupport.java:371)
	at java.base@21.0.8/java.util.concurrent.ForkJoinPool.awaitWork(ForkJoinPool.java:1893)
	at java.base@21.0.8/java.util.concurrent.ForkJoinPool.runWorker(ForkJoinPool.java:1809)
	at java.base@21.0.8/java.util.concurrent.ForkJoinWorkerThread.run(ForkJoinWorkerThread.java:188)


"Worker-Main-7" daemon prio=4 Id=198 WAITING on java.util.concurrent.ForkJoinPool@21f6397a
	at java.base@21.0.8/jdk.internal.misc.Unsafe.park(Native Method)
	-  waiting on java.util.concurrent.ForkJoinPool@21f6397a
	at java.base@21.0.8/java.util.concurrent.locks.LockSupport.park(LockSupport.java:371)
	at java.base@21.0.8/java.util.concurrent.ForkJoinPool.awaitWork(ForkJoinPool.java:1893)
	at java.base@21.0.8/java.util.concurrent.ForkJoinPool.runWorker(ForkJoinPool.java:1809)
	at java.base@21.0.8/java.util.concurrent.ForkJoinWorkerThread.run(ForkJoinWorkerThread.java:188)


"Worker-Main-8" daemon prio=4 Id=199 WAITING on java.util.concurrent.ForkJoinPool@21f6397a
	at java.base@21.0.8/jdk.internal.misc.Unsafe.park(Native Method)
	-  waiting on java.util.concurrent.ForkJoinPool@21f6397a
	at java.base@21.0.8/java.util.concurrent.locks.LockSupport.park(LockSupport.java:371)
	at java.base@21.0.8/java.util.concurrent.ForkJoinPool.awaitWork(ForkJoinPool.java:1893)
	at java.base@21.0.8/java.util.concurrent.ForkJoinPool.runWorker(ForkJoinPool.java:1809)
	at java.base@21.0.8/java.util.concurrent.ForkJoinWorkerThread.run(ForkJoinWorkerThread.java:188)


"Worker-Main-9" daemon prio=4 Id=200 WAITING on java.util.concurrent.ForkJoinPool@21f6397a
	at java.base@21.0.8/jdk.internal.misc.Unsafe.park(Native Method)
	-  waiting on java.util.concurrent.ForkJoinPool@21f6397a
	at java.base@21.0.8/java.util.concurrent.locks.LockSupport.park(LockSupport.java:371)
	at java.base@21.0.8/java.util.concurrent.ForkJoinPool.awaitWork(ForkJoinPool.java:1893)
	at java.base@21.0.8/java.util.concurrent.ForkJoinPool.runWorker(ForkJoinPool.java:1809)
	at java.base@21.0.8/java.util.concurrent.ForkJoinWorkerThread.run(ForkJoinWorkerThread.java:188)


"Worker-Main-11" daemon prio=4 Id=201 WAITING on java.util.concurrent.ForkJoinPool@21f6397a
	at java.base@21.0.8/jdk.internal.misc.Unsafe.park(Native Method)
	-  waiting on java.util.concurrent.ForkJoinPool@21f6397a
	at java.base@21.0.8/java.util.concurrent.locks.LockSupport.park(LockSupport.java:371)
	at java.base@21.0.8/java.util.concurrent.ForkJoinPool.awaitWork(ForkJoinPool.java:1893)
	at java.base@21.0.8/java.util.concurrent.ForkJoinPool.runWorker(ForkJoinPool.java:1809)
	at java.base@21.0.8/java.util.concurrent.ForkJoinWorkerThread.run(ForkJoinWorkerThread.java:188)


"Worker-Main-10" daemon prio=4 Id=202 WAITING on java.util.concurrent.ForkJoinPool@21f6397a
	at java.base@21.0.8/jdk.internal.misc.Unsafe.park(Native Method)
	-  waiting on java.util.concurrent.ForkJoinPool@21f6397a
	at java.base@21.0.8/java.util.concurrent.locks.LockSupport.park(LockSupport.java:371)
	at java.base@21.0.8/java.util.concurrent.ForkJoinPool.awaitWork(ForkJoinPool.java:1893)
	at java.base@21.0.8/java.util.concurrent.ForkJoinPool.runWorker(ForkJoinPool.java:1809)
	at java.base@21.0.8/java.util.concurrent.ForkJoinWorkerThread.run(ForkJoinWorkerThread.java:188)


"Worker-Main-13" daemon prio=4 Id=204 WAITING on java.util.concurrent.ForkJoinPool@21f6397a
	at java.base@21.0.8/jdk.internal.misc.Unsafe.park(Native Method)
	-  waiting on java.util.concurrent.ForkJoinPool@21f6397a
	at java.base@21.0.8/java.util.concurrent.locks.LockSupport.park(LockSupport.java:371)
	at java.base@21.0.8/java.util.concurrent.ForkJoinPool.awaitWork(ForkJoinPool.java:1893)
	at java.base@21.0.8/java.util.concurrent.ForkJoinPool.runWorker(ForkJoinPool.java:1809)
	at java.base@21.0.8/java.util.concurrent.ForkJoinWorkerThread.run(ForkJoinWorkerThread.java:188)


"Worker-Main-14" daemon prio=4 Id=205 WAITING on java.util.concurrent.ForkJoinPool@21f6397a
	at java.base@21.0.8/jdk.internal.misc.Unsafe.park(Native Method)
	-  waiting on java.util.concurrent.ForkJoinPool@21f6397a
	at java.base@21.0.8/java.util.concurrent.locks.LockSupport.park(LockSupport.java:371)
	at java.base@21.0.8/java.util.concurrent.ForkJoinPool.awaitWork(ForkJoinPool.java:1893)
	at java.base@21.0.8/java.util.concurrent.ForkJoinPool.runWorker(ForkJoinPool.java:1809)
	at java.base@21.0.8/java.util.concurrent.ForkJoinWorkerThread.run(ForkJoinWorkerThread.java:188)


"Worker-Main-15" daemon prio=4 Id=206 WAITING on java.util.concurrent.ForkJoinPool@21f6397a
	at java.base@21.0.8/jdk.internal.misc.Unsafe.park(Native Method)
	-  waiting on java.util.concurrent.ForkJoinPool@21f6397a
	at java.base@21.0.8/java.util.concurrent.locks.LockSupport.park(LockSupport.java:371)
	at java.base@21.0.8/java.util.concurrent.ForkJoinPool.awaitWork(ForkJoinPool.java:1893)
	at java.base@21.0.8/java.util.concurrent.ForkJoinPool.runWorker(ForkJoinPool.java:1809)
	at java.base@21.0.8/java.util.concurrent.ForkJoinWorkerThread.run(ForkJoinWorkerThread.java:188)


"Worker-Main-16" daemon prio=4 Id=207 WAITING on java.util.concurrent.ForkJoinPool@21f6397a
	at java.base@21.0.8/jdk.internal.misc.Unsafe.park(Native Method)
	-  waiting on java.util.concurrent.ForkJoinPool@21f6397a
	at java.base@21.0.8/java.util.concurrent.locks.LockSupport.park(LockSupport.java:371)
	at java.base@21.0.8/java.util.concurrent.ForkJoinPool.awaitWork(ForkJoinPool.java:1893)
	at java.base@21.0.8/java.util.concurrent.ForkJoinPool.runWorker(ForkJoinPool.java:1809)
	at java.base@21.0.8/java.util.concurrent.ForkJoinWorkerThread.run(ForkJoinWorkerThread.java:188)


"Worker-Main-18" daemon prio=4 Id=209 WAITING on java.util.concurrent.ForkJoinPool@21f6397a
	at java.base@21.0.8/jdk.internal.misc.Unsafe.park(Native Method)
	-  waiting on java.util.concurrent.ForkJoinPool@21f6397a
	at java.base@21.0.8/java.util.concurrent.locks.LockSupport.park(LockSupport.java:371)
	at java.base@21.0.8/java.util.concurrent.ForkJoinPool.awaitWork(ForkJoinPool.java:1893)
	at java.base@21.0.8/java.util.concurrent.ForkJoinPool.runWorker(ForkJoinPool.java:1809)
	at java.base@21.0.8/java.util.concurrent.ForkJoinWorkerThread.run(ForkJoinWorkerThread.java:188)


"Worker-Main-21" daemon prio=4 Id=212 WAITING on java.util.concurrent.ForkJoinPool@21f6397a
	at java.base@21.0.8/jdk.internal.misc.Unsafe.park(Native Method)
	-  waiting on java.util.concurrent.ForkJoinPool@21f6397a
	at java.base@21.0.8/java.util.concurrent.locks.LockSupport.park(LockSupport.java:371)
	at java.base@21.0.8/java.util.concurrent.ForkJoinPool.awaitWork(ForkJoinPool.java:1893)
	at java.base@21.0.8/java.util.concurrent.ForkJoinPool.runWorker(ForkJoinPool.java:1809)
	at java.base@21.0.8/java.util.concurrent.ForkJoinWorkerThread.run(ForkJoinWorkerThread.java:188)


"Worker-Main-22" daemon prio=4 Id=213 WAITING on java.util.concurrent.ForkJoinPool@21f6397a
	at java.base@21.0.8/jdk.internal.misc.Unsafe.park(Native Method)
	-  waiting on java.util.concurrent.ForkJoinPool@21f6397a
	at java.base@21.0.8/java.util.concurrent.locks.LockSupport.park(LockSupport.java:371)
	at java.base@21.0.8/java.util.concurrent.ForkJoinPool.awaitWork(ForkJoinPool.java:1893)
	at java.base@21.0.8/java.util.concurrent.ForkJoinPool.runWorker(ForkJoinPool.java:1809)
	at java.base@21.0.8/java.util.concurrent.ForkJoinWorkerThread.run(ForkJoinWorkerThread.java:188)


"Worker-Main-24" daemon prio=4 Id=215 WAITING on java.util.concurrent.ForkJoinPool@21f6397a
	at java.base@21.0.8/jdk.internal.misc.Unsafe.park(Native Method)
	-  waiting on java.util.concurrent.ForkJoinPool@21f6397a
	at java.base@21.0.8/java.util.concurrent.locks.LockSupport.park(LockSupport.java:371)
	at java.base@21.0.8/java.util.concurrent.ForkJoinPool.awaitWork(ForkJoinPool.java:1893)
	at java.base@21.0.8/java.util.concurrent.ForkJoinPool.runWorker(ForkJoinPool.java:1809)
	at java.base@21.0.8/java.util.concurrent.ForkJoinWorkerThread.run(ForkJoinWorkerThread.java:188)


"Worker-Main-25" daemon prio=4 Id=216 WAITING on java.util.concurrent.ForkJoinPool@21f6397a
	at java.base@21.0.8/jdk.internal.misc.Unsafe.park(Native Method)
	-  waiting on java.util.concurrent.ForkJoinPool@21f6397a
	at java.base@21.0.8/java.util.concurrent.locks.LockSupport.park(LockSupport.java:371)
	at java.base@21.0.8/java.util.concurrent.ForkJoinPool.awaitWork(ForkJoinPool.java:1893)
	at java.base@21.0.8/java.util.concurrent.ForkJoinPool.runWorker(ForkJoinPool.java:1809)
	at java.base@21.0.8/java.util.concurrent.ForkJoinWorkerThread.run(ForkJoinWorkerThread.java:188)


"Worker-Main-26" daemon prio=4 Id=217 WAITING on java.util.concurrent.ForkJoinPool@21f6397a
	at java.base@21.0.8/jdk.internal.misc.Unsafe.park(Native Method)
	-  waiting on java.util.concurrent.ForkJoinPool@21f6397a
	at java.base@21.0.8/java.util.concurrent.locks.LockSupport.park(LockSupport.java:371)
	at java.base@21.0.8/java.util.concurrent.ForkJoinPool.awaitWork(ForkJoinPool.java:1893)
	at java.base@21.0.8/java.util.concurrent.ForkJoinPool.runWorker(ForkJoinPool.java:1809)
	at java.base@21.0.8/java.util.concurrent.ForkJoinWorkerThread.run(ForkJoinWorkerThread.java:188)


"Worker-Main-27" daemon prio=4 Id=218 WAITING on java.util.concurrent.ForkJoinPool@21f6397a
	at java.base@21.0.8/jdk.internal.misc.Unsafe.park(Native Method)
	-  waiting on java.util.concurrent.ForkJoinPool@21f6397a
	at java.base@21.0.8/java.util.concurrent.locks.LockSupport.park(LockSupport.java:371)
	at java.base@21.0.8/java.util.concurrent.ForkJoinPool.awaitWork(ForkJoinPool.java:1893)
	at java.base@21.0.8/java.util.concurrent.ForkJoinPool.runWorker(ForkJoinPool.java:1809)
	at java.base@21.0.8/java.util.concurrent.ForkJoinWorkerThread.run(ForkJoinWorkerThread.java:188)


"Worker-Main-29" daemon prio=4 Id=220 WAITING on java.util.concurrent.ForkJoinPool@21f6397a
	at java.base@21.0.8/jdk.internal.misc.Unsafe.park(Native Method)
	-  waiting on java.util.concurrent.ForkJoinPool@21f6397a
	at java.base@21.0.8/java.util.concurrent.locks.LockSupport.park(LockSupport.java:371)
	at java.base@21.0.8/java.util.concurrent.ForkJoinPool.awaitWork(ForkJoinPool.java:1893)
	at java.base@21.0.8/java.util.concurrent.ForkJoinPool.runWorker(ForkJoinPool.java:1809)
	at java.base@21.0.8/java.util.concurrent.ForkJoinWorkerThread.run(ForkJoinWorkerThread.java:188)


"Worker-Main-30" daemon prio=4 Id=221 WAITING on java.util.concurrent.ForkJoinPool@21f6397a
	at java.base@21.0.8/jdk.internal.misc.Unsafe.park(Native Method)
	-  waiting on java.util.concurrent.ForkJoinPool@21f6397a
	at java.base@21.0.8/java.util.concurrent.locks.LockSupport.park(LockSupport.java:371)
	at java.base@21.0.8/java.util.concurrent.ForkJoinPool.awaitWork(ForkJoinPool.java:1893)
	at java.base@21.0.8/java.util.concurrent.ForkJoinPool.runWorker(ForkJoinPool.java:1809)
	at java.base@21.0.8/java.util.concurrent.ForkJoinWorkerThread.run(ForkJoinWorkerThread.java:188)


"Worker-Main-31" daemon prio=4 Id=222 WAITING on java.util.concurrent.ForkJoinPool@21f6397a
	at java.base@21.0.8/jdk.internal.misc.Unsafe.park(Native Method)
	-  waiting on java.util.concurrent.ForkJoinPool@21f6397a
	at java.base@21.0.8/java.util.concurrent.locks.LockSupport.park(LockSupport.java:371)
	at java.base@21.0.8/java.util.concurrent.ForkJoinPool.awaitWork(ForkJoinPool.java:1893)
	at java.base@21.0.8/java.util.concurrent.ForkJoinPool.runWorker(ForkJoinPool.java:1809)
	at java.base@21.0.8/java.util.concurrent.ForkJoinWorkerThread.run(ForkJoinWorkerThread.java:188)


"AWT-Shutdown" prio=5 Id=224 WAITING on java.lang.Object@946401d
	at java.base@21.0.8/java.lang.Object.wait0(Native Method)
	-  waiting on java.lang.Object@946401d
	at java.base@21.0.8/java.lang.Object.wait(Object.java:366)
	at java.base@21.0.8/java.lang.Object.wait(Object.java:339)
	at java.desktop@21.0.8/sun.awt.AWTAutoShutdown.run(AWTAutoShutdown.java:291)
	at java.base@21.0.8/java.lang.Thread.runWith(Thread.java:1596)
	at java.base@21.0.8/java.lang.Thread.run(Thread.java:1583)


"AWT-Windows" daemon prio=6 Id=225 RUNNABLE (in native)
	at java.desktop@21.0.8/sun.awt.windows.WToolkit.eventLoop(Native Method)
	at java.desktop@21.0.8/sun.awt.windows.WToolkit.run(WToolkit.java:360)
	at java.base@21.0.8/java.lang.Thread.runWith(Thread.java:1596)
	at java.base@21.0.8/java.lang.Thread.run(Thread.java:1583)


"AWT-EventQueue-0" prio=6 Id=227 RUNNABLE
	at java.desktop@21.0.8/javax.swing.plaf.basic.BasicTextUI$UpdateHandler.invalidateLayout(BasicTextUI.java:2169)
	at java.desktop@21.0.8/java.awt.Container.invalidate(Container.java:1615)
	at java.desktop@21.0.8/javax.swing.JComponent.revalidate(JComponent.java:4954)
	at java.desktop@21.0.8/javax.swing.plaf.basic.BasicTextUI$RootView.preferenceChanged(BasicTextUI.java:1507)
	at java.desktop@21.0.8/javax.swing.text.View.preferenceChanged(View.java:286)
	at java.desktop@21.0.8/javax.swing.text.PlainView.updateDamage(PlainView.java:697)
	at java.desktop@21.0.8/javax.swing.text.PlainView.insertUpdate(PlainView.java:591)
	at java.desktop@21.0.8/javax.swing.plaf.basic.BasicTextUI$RootView.insertUpdate(BasicTextUI.java:1711)
	at java.desktop@21.0.8/javax.swing.plaf.basic.BasicTextUI$UpdateHandler.insertUpdate(BasicTextUI.java:1978)
	at java.desktop@21.0.8/javax.swing.text.AbstractDocument.fireInsertUpdate(AbstractDocument.java:227)
	at java.desktop@21.0.8/javax.swing.text.AbstractDocument.handleInsertString(AbstractDocument.java:781)
	at java.desktop@21.0.8/javax.swing.text.AbstractDocument.insertString(AbstractDocument.java:740)
	at java.desktop@21.0.8/javax.swing.text.PlainDocument.insertString(PlainDocument.java:131)
	at TRANSFORMER/minecraft@1.21.1/net.minecraft.server.gui.MinecraftServerGui.print(MinecraftServerGui.java:171)
	at TRANSFORMER/minecraft@1.21.1/net.minecraft.server.gui.MinecraftServerGui.lambda$print$2(MinecraftServerGui.java:161)
	at TRANSFORMER/minecraft@1.21.1/net.minecraft.server.gui.MinecraftServerGui$$Lambda/0x0000017c7d2811e0.run(Unknown Source)
	at java.desktop@21.0.8/java.awt.event.InvocationEvent.dispatch(InvocationEvent.java:318)
	at java.desktop@21.0.8/java.awt.EventQueue.dispatchEventImpl(EventQueue.java:773)
	at java.desktop@21.0.8/java.awt.EventQueue$4.run(EventQueue.java:720)
	at java.desktop@21.0.8/java.awt.EventQueue$4.run(EventQueue.java:714)
	at java.base@21.0.8/java.security.AccessController.executePrivileged(AccessController.java:778)
	at java.base@21.0.8/java.security.AccessController.doPrivileged(AccessController.java:400)
	at java.base@21.0.8/java.security.ProtectionDomain$JavaSecurityAccessImpl.doIntersectionPrivilege(ProtectionDomain.java:87)
	at java.desktop@21.0.8/java.awt.EventQueue.dispatchEvent(EventQueue.java:742)
	at java.desktop@21.0.8/java.awt.EventDispatchThread.pumpOneEventForFilters(EventDispatchThread.java:203)
	at java.desktop@21.0.8/java.awt.EventDispatchThread.pumpEventsForFilter(EventDispatchThread.java:124)
	at java.desktop@21.0.8/java.awt.EventDispatchThread.pumpEventsForHierarchy(EventDispatchThread.java:113)
	at java.desktop@21.0.8/java.awt.EventDispatchThread.pumpEvents(EventDispatchThread.java:109)
	at java.desktop@21.0.8/java.awt.EventDispatchThread.pumpEvents(EventDispatchThread.java:101)
	at java.desktop@21.0.8/java.awt.EventDispatchThread.run(EventDispatchThread.java:90)


"TimerQueue" daemon prio=5 Id=229 TIMED_WAITING on java.util.concurrent.locks.AbstractQueuedSynchronizer$ConditionObject@51f07a5c
	at java.base@21.0.8/jdk.internal.misc.Unsafe.park(Native Method)
	-  waiting on java.util.concurrent.locks.AbstractQueuedSynchronizer$ConditionObject@51f07a5c
	at java.base@21.0.8/java.util.concurrent.locks.LockSupport.parkNanos(LockSupport.java:269)
	at java.base@21.0.8/java.util.concurrent.locks.AbstractQueuedSynchronizer$ConditionObject.awaitNanos(AbstractQueuedSynchronizer.java:1763)
	at java.base@21.0.8/java.util.concurrent.DelayQueue.take(DelayQueue.java:254)
	at java.desktop@21.0.8/javax.swing.TimerQueue.run(TimerQueue.java:165)
	at java.base@21.0.8/java.lang.Thread.runWith(Thread.java:1596)
	at java.base@21.0.8/java.lang.Thread.run(Thread.java:1583)

	Number of locked synchronizers = 1
	- java.util.concurrent.locks.ReentrantLock$NonfairSync@4db6e3f2


"Thread-6" daemon prio=5 Id=228 WAITING on java.util.concurrent.locks.AbstractQueuedSynchronizer$ConditionObject@7dbe7feb
	at java.base@21.0.8/jdk.internal.misc.Unsafe.park(Native Method)
	-  waiting on java.util.concurrent.locks.AbstractQueuedSynchronizer$ConditionObject@7dbe7feb
	at java.base@21.0.8/java.util.concurrent.locks.LockSupport.park(LockSupport.java:371)
	at java.base@21.0.8/java.util.concurrent.locks.AbstractQueuedSynchronizer$ConditionNode.block(AbstractQueuedSynchronizer.java:519)
	at java.base@21.0.8/java.util.concurrent.ForkJoinPool.unmanagedBlock(ForkJoinPool.java:3780)
	at java.base@21.0.8/java.util.concurrent.ForkJoinPool.managedBlock(ForkJoinPool.java:3725)
	at java.base@21.0.8/java.util.concurrent.locks.AbstractQueuedSynchronizer$ConditionObject.await(AbstractQueuedSynchronizer.java:1712)
	at java.base@21.0.8/java.util.concurrent.LinkedBlockingQueue.take(LinkedBlockingQueue.java:435)
	at MC-BOOTSTRAP/logging@1.2.7/com.mojang.logging.LogQueues.getNextLogEvent(LogQueues.java:41)
	at TRANSFORMER/minecraft@1.21.1/net.minecraft.server.gui.MinecraftServerGui.lambda$buildChatPanel$1(MinecraftServerGui.java:131)
	at TRANSFORMER/minecraft@1.21.1/net.minecraft.server.gui.MinecraftServerGui$$Lambda/0x0000017c7d280000.run(Unknown Source)
	at java.base@21.0.8/java.lang.Thread.runWith(Thread.java:1596)
	at java.base@21.0.8/java.lang.Thread.run(Thread.java:1583)


"Server thread" prio=8 Id=223 RUNNABLE
	at TRANSFORMER/minecraft@1.21.1/net.minecraft.server.level.ChunkMap$TrackedEntity.updatePlayer(ChunkMap.java:1299)
	at TRANSFORMER/minecraft@1.21.1/net.minecraft.server.level.ChunkMap.move(ChunkMap.java:1002)
	at TRANSFORMER/minecraft@1.21.1/net.minecraft.server.level.ServerChunkCache.move(ServerChunkCache.java:463)
	at TRANSFORMER/minecraft@1.21.1/net.minecraft.server.network.ServerGamePacketListenerImpl.handleMovePlayer(ServerGamePacketListenerImpl.java:955)
	at TRANSFORMER/minecraft@1.21.1/net.minecraft.network.protocol.game.ServerboundMovePlayerPacket.handle(ServerboundMovePlayerPacket.java:142)
	at TRANSFORMER/minecraft@1.21.1/net.minecraft.network.protocol.game.ServerboundMovePlayerPacket$PosRot.handle(ServerboundMovePlayerPacket.java:18)
	at TRANSFORMER/minecraft@1.21.1/net.minecraft.network.protocol.PacketUtils.lambda$ensureRunningOnSameThread$0(PacketUtils.java:27)
	at TRANSFORMER/minecraft@1.21.1/net.minecraft.network.protocol.PacketUtils$$Lambda/0x0000017c7d5dd000.run(Unknown Source)
	at TRANSFORMER/minecraft@1.21.1/net.minecraft.server.TickTask.run(TickTask.java:18)
	at TRANSFORMER/minecraft@1.21.1/net.minecraft.util.thread.BlockableEventLoop.doRunTask(BlockableEventLoop.java:148)
	at TRANSFORMER/minecraft@1.21.1/net.minecraft.util.thread.ReentrantBlockableEventLoop.doRunTask(ReentrantBlockableEventLoop.java:23)
	at TRANSFORMER/minecraft@1.21.1/net.minecraft.server.MinecraftServer.doRunTask(MinecraftServer.java:872)
	at TRANSFORMER/minecraft@1.21.1/net.minecraft.server.MinecraftServer.doRunTask(MinecraftServer.java:170)
	at TRANSFORMER/minecraft@1.21.1/net.minecraft.util.thread.BlockableEventLoop.pollTask(BlockableEventLoop.java:122)
	at TRANSFORMER/minecraft@1.21.1/net.minecraft.server.MinecraftServer.pollTaskInternal(MinecraftServer.java:855)
	at TRANSFORMER/minecraft@1.21.1/net.minecraft.server.MinecraftServer.pollTask(MinecraftServer.java:849)
	at TRANSFORMER/minecraft@1.21.1/net.minecraft.util.thread.BlockableEventLoop.runAllTasks(BlockableEventLoop.java:111)
	at TRANSFORMER/minecraft@1.21.1/net.minecraft.server.MinecraftServer.waitUntilNextTick(MinecraftServer.java:825)
	at TRANSFORMER/minecraft@1.21.1/net.minecraft.server.MinecraftServer.runServer(MinecraftServer.java:712)
	at TRANSFORMER/minecraft@1.21.1/net.minecraft.server.MinecraftServer.lambda$spin$2(MinecraftServer.java:267)
	at TRANSFORMER/minecraft@1.21.1/net.minecraft.server.MinecraftServer$$Lambda/0x0000017c7d1e7668.run(Unknown Source)
	at java.base@21.0.8/java.lang.Thread.runWith(Thread.java:1596)
	at java.base@21.0.8/java.lang.Thread.run(Thread.java:1583)


"Server console handler" daemon prio=8 Id=232 RUNNABLE (in native)
	at java.base@21.0.8/java.io.FileInputStream.readBytes(Native Method)
	at java.base@21.0.8/java.io.FileInputStream.read(FileInputStream.java:287)
	at java.base@21.0.8/java.io.BufferedInputStream.read1(BufferedInputStream.java:345)
	at java.base@21.0.8/java.io.BufferedInputStream.implRead(BufferedInputStream.java:420)
	at java.base@21.0.8/java.io.BufferedInputStream.read(BufferedInputStream.java:399)
	at java.base@21.0.8/sun.nio.cs.StreamDecoder.readBytes(StreamDecoder.java:350)
	at java.base@21.0.8/sun.nio.cs.StreamDecoder.implRead(StreamDecoder.java:393)
	at java.base@21.0.8/sun.nio.cs.StreamDecoder.lockedRead(StreamDecoder.java:217)
	at java.base@21.0.8/sun.nio.cs.StreamDecoder.read(StreamDecoder.java:171)
	at java.base@21.0.8/java.io.InputStreamReader.read(InputStreamReader.java:188)
	at java.base@21.0.8/java.io.BufferedReader.fill(BufferedReader.java:160)
	at java.base@21.0.8/java.io.BufferedReader.implReadLine(BufferedReader.java:370)
	at java.base@21.0.8/java.io.BufferedReader.readLine(BufferedReader.java:347)
	at java.base@21.0.8/java.io.BufferedReader.readLine(BufferedReader.java:436)
	at TRANSFORMER/minecraft@1.21.1/net.minecraft.server.dedicated.DedicatedServer$1.run(DedicatedServer.java:113)

	Number of locked synchronizers = 3
	- java.util.concurrent.locks.ReentrantLock$NonfairSync@46438ee9
	- java.util.concurrent.locks.ReentrantLock$NonfairSync@3c905ca0
	- java.util.concurrent.locks.ReentrantLock$NonfairSync@6ee0e3f4


"DestroyJavaVM" prio=5 Id=233 RUNNABLE


"D3D Screen Updater" daemon prio=7 Id=234 TIMED_WAITING on java.lang.Object@60af88e4
	at java.base@21.0.8/java.lang.Object.wait0(Native Method)
	-  waiting on java.lang.Object@60af88e4
	at java.base@21.0.8/java.lang.Object.wait(Object.java:366)
	at java.desktop@21.0.8/sun.java2d.d3d.D3DScreenUpdateManager.run(D3DScreenUpdateManager.java:425)
	at java.base@21.0.8/java.lang.Thread.runWith(Thread.java:1596)
	at java.base@21.0.8/java.lang.Thread.run(Thread.java:1583)


"Netty Server IO #0" daemon prio=8 Id=235 RUNNABLE (in native)
	at java.base@21.0.8/sun.nio.ch.WEPoll.wait(Native Method)
	at java.base@21.0.8/sun.nio.ch.WEPollSelectorImpl.doSelect(WEPollSelectorImpl.java:114)
	at java.base@21.0.8/sun.nio.ch.SelectorImpl.lockAndDoSelect(SelectorImpl.java:130)
	-  locked io.netty.channel.nio.SelectedSelectionKeySet@3ac176de
	-  locked sun.nio.ch.WEPollSelectorImpl@183ad0a8
	at java.base@21.0.8/sun.nio.ch.SelectorImpl.select(SelectorImpl.java:147)
	at MC-BOOTSTRAP/io.netty.transport@4.1.97.Final/io.netty.channel.nio.SelectedSelectionKeySetSelector.select(SelectedSelectionKeySetSelector.java:68)
	at MC-BOOTSTRAP/io.netty.transport@4.1.97.Final/io.netty.channel.nio.NioEventLoop.select(NioEventLoop.java:879)
	at MC-BOOTSTRAP/io.netty.transport@4.1.97.Final/io.netty.channel.nio.NioEventLoop.run(NioEventLoop.java:526)
	at MC-BOOTSTRAP/io.netty.common@4.1.97.Final/io.netty.util.concurrent.SingleThreadEventExecutor$4.run(SingleThreadEventExecutor.java:997)
	at MC-BOOTSTRAP/io.netty.common@4.1.97.Final/io.netty.util.internal.ThreadExecutorMap$2.run(ThreadExecutorMap.java:74)
	at java.base@21.0.8/java.lang.Thread.runWith(Thread.java:1596)
	at java.base@21.0.8/java.lang.Thread.run(Thread.java:1583)


"spark-monitoring-thread" daemon prio=5 Id=236 TIMED_WAITING on java.util.concurrent.locks.AbstractQueuedSynchronizer$ConditionObject@40a587a
	at java.base@21.0.8/jdk.internal.misc.Unsafe.park(Native Method)
	-  waiting on java.util.concurrent.locks.AbstractQueuedSynchronizer$ConditionObject@40a587a
	at java.base@21.0.8/java.util.concurrent.locks.LockSupport.parkNanos(LockSupport.java:269)
	at java.base@21.0.8/java.util.concurrent.locks.AbstractQueuedSynchronizer$ConditionObject.awaitNanos(AbstractQueuedSynchronizer.java:1763)
	at java.base@21.0.8/java.util.concurrent.ScheduledThreadPoolExecutor$DelayedWorkQueue.take(ScheduledThreadPoolExecutor.java:1182)
	at java.base@21.0.8/java.util.concurrent.ScheduledThreadPoolExecutor$DelayedWorkQueue.take(ScheduledThreadPoolExecutor.java:899)
	at java.base@21.0.8/java.util.concurrent.ThreadPoolExecutor.getTask(ThreadPoolExecutor.java:1070)
	at java.base@21.0.8/java.util.concurrent.ThreadPoolExecutor.runWorker(ThreadPoolExecutor.java:1130)
	at java.base@21.0.8/java.util.concurrent.ThreadPoolExecutor$Worker.run(ThreadPoolExecutor.java:642)
	at java.base@21.0.8/java.lang.Thread.runWith(Thread.java:1596)
	at java.base@21.0.8/java.lang.Thread.run(Thread.java:1583)


"spark-worker-pool-1-thread-1" daemon prio=8 Id=237 WAITING on java.util.concurrent.locks.AbstractQueuedSynchronizer$ConditionObject@6d9cf44c
	at java.base@21.0.8/jdk.internal.misc.Unsafe.park(Native Method)
	-  waiting on java.util.concurrent.locks.AbstractQueuedSynchronizer$ConditionObject@6d9cf44c
	at java.base@21.0.8/java.util.concurrent.locks.LockSupport.park(LockSupport.java:371)
	at java.base@21.0.8/java.util.concurrent.locks.AbstractQueuedSynchronizer$ConditionNode.block(AbstractQueuedSynchronizer.java:519)
	at java.base@21.0.8/java.util.concurrent.ForkJoinPool.unmanagedBlock(ForkJoinPool.java:3780)
	at java.base@21.0.8/java.util.concurrent.ForkJoinPool.managedBlock(ForkJoinPool.java:3725)
	at java.base@21.0.8/java.util.concurrent.locks.AbstractQueuedSynchronizer$ConditionObject.await(AbstractQueuedSynchronizer.java:1712)
	at java.base@21.0.8/java.util.concurrent.ScheduledThreadPoolExecutor$DelayedWorkQueue.take(ScheduledThreadPoolExecutor.java:1170)
	at java.base@21.0.8/java.util.concurrent.ScheduledThreadPoolExecutor$DelayedWorkQueue.take(ScheduledThreadPoolExecutor.java:899)
	at java.base@21.0.8/java.util.concurrent.ThreadPoolExecutor.getTask(ThreadPoolExecutor.java:1070)
	at java.base@21.0.8/java.util.concurrent.ThreadPoolExecutor.runWorker(ThreadPoolExecutor.java:1130)
	at java.base@21.0.8/java.util.concurrent.ThreadPoolExecutor$Worker.run(ThreadPoolExecutor.java:642)
	at java.base@21.0.8/java.lang.Thread.runWith(Thread.java:1596)
	at java.base@21.0.8/java.lang.Thread.run(Thread.java:1583)


"spark-java-sampler-0-0" prio=5 Id=238 WAITING on java.util.concurrent.locks.AbstractQueuedSynchronizer$ConditionObject@7168a9b3
	at java.base@21.0.8/jdk.internal.misc.Unsafe.park(Native Method)
	-  waiting on java.util.concurrent.locks.AbstractQueuedSynchronizer$ConditionObject@7168a9b3
	at java.base@21.0.8/java.util.concurrent.locks.LockSupport.park(LockSupport.java:371)
	at java.base@21.0.8/java.util.concurrent.locks.AbstractQueuedSynchronizer$ConditionNode.block(AbstractQueuedSynchronizer.java:519)
	at java.base@21.0.8/java.util.concurrent.ForkJoinPool.unmanagedBlock(ForkJoinPool.java:3780)
	at java.base@21.0.8/java.util.concurrent.ForkJoinPool.managedBlock(ForkJoinPool.java:3725)
	at java.base@21.0.8/java.util.concurrent.locks.AbstractQueuedSynchronizer$ConditionObject.await(AbstractQueuedSynchronizer.java:1712)
	at java.base@21.0.8/java.util.concurrent.ScheduledThreadPoolExecutor$DelayedWorkQueue.take(ScheduledThreadPoolExecutor.java:1177)
	at java.base@21.0.8/java.util.concurrent.ScheduledThreadPoolExecutor$DelayedWorkQueue.take(ScheduledThreadPoolExecutor.java:899)
	at java.base@21.0.8/java.util.concurrent.ThreadPoolExecutor.getTask(ThreadPoolExecutor.java:1070)
	at java.base@21.0.8/java.util.concurrent.ThreadPoolExecutor.runWorker(ThreadPoolExecutor.java:1130)
	at java.base@21.0.8/java.util.concurrent.ThreadPoolExecutor$Worker.run(ThreadPoolExecutor.java:642)
	at java.base@21.0.8/java.lang.Thread.runWith(Thread.java:1596)
	at java.base@21.0.8/java.lang.Thread.run(Thread.java:1583)


"spark-java-sampler-0-1" prio=5 Id=239 TIMED_WAITING on java.util.concurrent.locks.AbstractQueuedSynchronizer$ConditionObject@7168a9b3
	at java.base@21.0.8/jdk.internal.misc.Unsafe.park(Native Method)
	-  waiting on java.util.concurrent.locks.AbstractQueuedSynchronizer$ConditionObject@7168a9b3
	at java.base@21.0.8/java.util.concurrent.locks.LockSupport.parkNanos(LockSupport.java:269)
	at java.base@21.0.8/java.util.concurrent.locks.AbstractQueuedSynchronizer$ConditionObject.awaitNanos(AbstractQueuedSynchronizer.java:1763)
	at java.base@21.0.8/java.util.concurrent.ScheduledThreadPoolExecutor$DelayedWorkQueue.take(ScheduledThreadPoolExecutor.java:1182)
	at java.base@21.0.8/java.util.concurrent.ScheduledThreadPoolExecutor$DelayedWorkQueue.take(ScheduledThreadPoolExecutor.java:899)
	at java.base@21.0.8/java.util.concurrent.ThreadPoolExecutor.getTask(ThreadPoolExecutor.java:1070)
	at java.base@21.0.8/java.util.concurrent.ThreadPoolExecutor.runWorker(ThreadPoolExecutor.java:1130)
	at java.base@21.0.8/java.util.concurrent.ThreadPoolExecutor$Worker.run(ThreadPoolExecutor.java:642)
	at java.base@21.0.8/java.lang.Thread.runWith(Thread.java:1596)
	at java.base@21.0.8/java.lang.Thread.run(Thread.java:1583)


"spark-java-sampler-0-2" prio=5 Id=240 WAITING on java.util.concurrent.locks.AbstractQueuedSynchronizer$ConditionObject@7168a9b3
	at java.base@21.0.8/jdk.internal.misc.Unsafe.park(Native Method)
	-  waiting on java.util.concurrent.locks.AbstractQueuedSynchronizer$ConditionObject@7168a9b3
	at java.base@21.0.8/java.util.concurrent.locks.LockSupport.park(LockSupport.java:371)
	at java.base@21.0.8/java.util.concurrent.locks.AbstractQueuedSynchronizer$ConditionNode.block(AbstractQueuedSynchronizer.java:519)
	at java.base@21.0.8/java.util.concurrent.ForkJoinPool.unmanagedBlock(ForkJoinPool.java:3780)
	at java.base@21.0.8/java.util.concurrent.ForkJoinPool.managedBlock(ForkJoinPool.java:3725)
	at java.base@21.0.8/java.util.concurrent.locks.AbstractQueuedSynchronizer$ConditionObject.await(AbstractQueuedSynchronizer.java:1712)
	at java.base@21.0.8/java.util.concurrent.ScheduledThreadPoolExecutor$DelayedWorkQueue.take(ScheduledThreadPoolExecutor.java:1177)
	at java.base@21.0.8/java.util.concurrent.ScheduledThreadPoolExecutor$DelayedWorkQueue.take(ScheduledThreadPoolExecutor.java:899)
	at java.base@21.0.8/java.util.concurrent.ThreadPoolExecutor.getTask(ThreadPoolExecutor.java:1070)
	at java.base@21.0.8/java.util.concurrent.ThreadPoolExecutor.runWorker(ThreadPoolExecutor.java:1130)
	at java.base@21.0.8/java.util.concurrent.ThreadPoolExecutor$Worker.run(ThreadPoolExecutor.java:642)
	at java.base@21.0.8/java.lang.Thread.runWith(Thread.java:1596)
	at java.base@21.0.8/java.lang.Thread.run(Thread.java:1583)


"spark-java-sampler-0-3" prio=5 Id=241 WAITING on java.util.concurrent.locks.AbstractQueuedSynchronizer$ConditionObject@7168a9b3
	at java.base@21.0.8/jdk.internal.misc.Unsafe.park(Native Method)
	-  waiting on java.util.concurrent.locks.AbstractQueuedSynchronizer$ConditionObject@7168a9b3
	at java.base@21.0.8/java.util.concurrent.locks.LockSupport.park(LockSupport.java:371)
	at java.base@21.0.8/java.util.concurrent.locks.AbstractQueuedSynchronizer$ConditionNode.block(AbstractQueuedSynchronizer.java:519)
	at java.base@21.0.8/java.util.concurrent.ForkJoinPool.unmanagedBlock(ForkJoinPool.java:3780)
	at java.base@21.0.8/java.util.concurrent.ForkJoinPool.managedBlock(ForkJoinPool.java:3725)
	at java.base@21.0.8/java.util.concurrent.locks.AbstractQueuedSynchronizer$ConditionObject.await(AbstractQueuedSynchronizer.java:1712)
	at java.base@21.0.8/java.util.concurrent.ScheduledThreadPoolExecutor$DelayedWorkQueue.take(ScheduledThreadPoolExecutor.java:1177)
	at java.base@21.0.8/java.util.concurrent.ScheduledThreadPoolExecutor$DelayedWorkQueue.take(ScheduledThreadPoolExecutor.java:899)
	at java.base@21.0.8/java.util.concurrent.ThreadPoolExecutor.getTask(ThreadPoolExecutor.java:1070)
	at java.base@21.0.8/java.util.concurrent.ThreadPoolExecutor.runWorker(ThreadPoolExecutor.java:1130)
	at java.base@21.0.8/java.util.concurrent.ThreadPoolExecutor$Worker.run(ThreadPoolExecutor.java:642)
	at java.base@21.0.8/java.lang.Thread.runWith(Thread.java:1596)
	at java.base@21.0.8/java.lang.Thread.run(Thread.java:1583)


"spark-java-sampler-0-4" prio=5 Id=242 WAITING on java.util.concurrent.locks.AbstractQueuedSynchronizer$ConditionObject@7168a9b3
	at java.base@21.0.8/jdk.internal.misc.Unsafe.park(Native Method)
	-  waiting on java.util.concurrent.locks.AbstractQueuedSynchronizer$ConditionObject@7168a9b3
	at java.base@21.0.8/java.util.concurrent.locks.LockSupport.park(LockSupport.java:371)
	at java.base@21.0.8/java.util.concurrent.locks.AbstractQueuedSynchronizer$ConditionNode.block(AbstractQueuedSynchronizer.java:519)
	at java.base@21.0.8/java.util.concurrent.ForkJoinPool.unmanagedBlock(ForkJoinPool.java:3780)
	at java.base@21.0.8/java.util.concurrent.ForkJoinPool.managedBlock(ForkJoinPool.java:3725)
	at java.base@21.0.8/java.util.concurrent.locks.AbstractQueuedSynchronizer$ConditionObject.await(AbstractQueuedSynchronizer.java:1712)
	at java.base@21.0.8/java.util.concurrent.ScheduledThreadPoolExecutor$DelayedWorkQueue.take(ScheduledThreadPoolExecutor.java:1177)
	at java.base@21.0.8/java.util.concurrent.ScheduledThreadPoolExecutor$DelayedWorkQueue.take(ScheduledThreadPoolExecutor.java:899)
	at java.base@21.0.8/java.util.concurrent.ThreadPoolExecutor.getTask(ThreadPoolExecutor.java:1070)
	at java.base@21.0.8/java.util.concurrent.ThreadPoolExecutor.runWorker(ThreadPoolExecutor.java:1130)
	at java.base@21.0.8/java.util.concurrent.ThreadPoolExecutor$Worker.run(ThreadPoolExecutor.java:642)
	at java.base@21.0.8/java.lang.Thread.runWith(Thread.java:1596)
	at java.base@21.0.8/java.lang.Thread.run(Thread.java:1583)


"HttpClient-6-SelectorManager" daemon prio=8 Id=243 RUNNABLE
	at java.base@21.0.8/sun.nio.ch.WEPoll.wait(Native Method)
	at java.base@21.0.8/sun.nio.ch.WEPollSelectorImpl.doSelect(WEPollSelectorImpl.java:114)
	at java.base@21.0.8/sun.nio.ch.SelectorImpl.lockAndDoSelect(SelectorImpl.java:130)
	-  locked sun.nio.ch.Util$2@402e46c6
	-  locked sun.nio.ch.WEPollSelectorImpl@16311f31
	at java.base@21.0.8/sun.nio.ch.SelectorImpl.select(SelectorImpl.java:142)
	at platform/java.net.http@21.0.8/jdk.internal.net.http.HttpClientImpl$SelectorManager.run(HttpClientImpl.java:1376)


"spark-java-sampler-0-5" prio=5 Id=244 WAITING on java.util.concurrent.locks.AbstractQueuedSynchronizer$ConditionObject@7168a9b3
	at java.base@21.0.8/jdk.internal.misc.Unsafe.park(Native Method)
	-  waiting on java.util.concurrent.locks.AbstractQueuedSynchronizer$ConditionObject@7168a9b3
	at java.base@21.0.8/java.util.concurrent.locks.LockSupport.park(LockSupport.java:371)
	at java.base@21.0.8/java.util.concurrent.locks.AbstractQueuedSynchronizer$ConditionNode.block(AbstractQueuedSynchronizer.java:519)
	at java.base@21.0.8/java.util.concurrent.ForkJoinPool.unmanagedBlock(ForkJoinPool.java:3780)
	at java.base@21.0.8/java.util.concurrent.ForkJoinPool.managedBlock(ForkJoinPool.java:3725)
	at java.base@21.0.8/java.util.concurrent.locks.AbstractQueuedSynchronizer$ConditionObject.await(AbstractQueuedSynchronizer.java:1712)
	at java.base@21.0.8/java.util.concurrent.ScheduledThreadPoolExecutor$DelayedWorkQueue.take(ScheduledThreadPoolExecutor.java:1177)
	at java.base@21.0.8/java.util.concurrent.ScheduledThreadPoolExecutor$DelayedWorkQueue.take(ScheduledThreadPoolExecutor.java:899)
	at java.base@21.0.8/java.util.concurrent.ThreadPoolExecutor.getTask(ThreadPoolExecutor.java:1070)
	at java.base@21.0.8/java.util.concurrent.ThreadPoolExecutor.runWorker(ThreadPoolExecutor.java:1130)
	at java.base@21.0.8/java.util.concurrent.ThreadPoolExecutor$Worker.run(ThreadPoolExecutor.java:642)
	at java.base@21.0.8/java.lang.Thread.runWith(Thread.java:1596)
	at java.base@21.0.8/java.lang.Thread.run(Thread.java:1583)


"Immersive Optimization Worker" daemon prio=1 Id=245 TIMED_WAITING
	at java.base@21.0.8/java.lang.Thread.sleep0(Native Method)
	at java.base@21.0.8/java.lang.Thread.sleep(Thread.java:509)
	at TRANSFORMER/immersive_optimization@0.2.0/net.conczin.immersive_optimization.TickScheduler$Worker.run(TickScheduler.java:68)
	at java.base@21.0.8/java.lang.Thread.runWith(Thread.java:1596)
	at java.base@21.0.8/java.lang.Thread.run(Thread.java:1583)


"Server Watchdog" daemon prio=8 Id=249 RUNNABLE
	at java.management@21.0.8/sun.management.ThreadImpl.dumpThreads0(Native Method)
	at java.management@21.0.8/sun.management.ThreadImpl.dumpAllThreads(ThreadImpl.java:518)
	at java.management@21.0.8/sun.management.ThreadImpl.dumpAllThreads(ThreadImpl.java:506)
	at TRANSFORMER/minecraft@1.21.1/net.minecraft.server.dedicated.ServerWatchdog.run(ServerWatchdog.java:50)
	at java.base@21.0.8/java.lang.Thread.runWith(Thread.java:1596)
	at java.base@21.0.8/java.lang.Thread.run(Thread.java:1583)


"LanServerPinger #1" daemon prio=8 Id=250 TIMED_WAITING
	at java.base@21.0.8/java.lang.Thread.sleep0(Native Method)
	at java.base@21.0.8/java.lang.Thread.sleep(Thread.java:509)
	at TRANSFORMER/minecraft@1.21.1/net.minecraft.client.server.LanServerPinger.run(LanServerPinger.java:52)


"HttpClient-7-SelectorManager" daemon prio=8 Id=251 RUNNABLE
	at java.base@21.0.8/sun.nio.ch.WEPoll.wait(Native Method)
	at java.base@21.0.8/sun.nio.ch.WEPollSelectorImpl.doSelect(WEPollSelectorImpl.java:114)
	at java.base@21.0.8/sun.nio.ch.SelectorImpl.lockAndDoSelect(SelectorImpl.java:130)
	-  locked sun.nio.ch.Util$2@1c05b72f
	-  locked sun.nio.ch.WEPollSelectorImpl@2894a02d
	at java.base@21.0.8/sun.nio.ch.SelectorImpl.select(SelectorImpl.java:142)
	at platform/java.net.http@21.0.8/jdk.internal.net.http.HttpClientImpl$SelectorManager.run(HttpClientImpl.java:1376)


"iron431-patreon-service" daemon prio=8 Id=252 WAITING on java.util.concurrent.locks.AbstractQueuedSynchronizer$ConditionObject@1a3edb8f
	at java.base@21.0.8/jdk.internal.misc.Unsafe.park(Native Method)
	-  waiting on java.util.concurrent.locks.AbstractQueuedSynchronizer$ConditionObject@1a3edb8f
	at java.base@21.0.8/java.util.concurrent.locks.LockSupport.park(LockSupport.java:371)
	at java.base@21.0.8/java.util.concurrent.locks.AbstractQueuedSynchronizer$ConditionNode.block(AbstractQueuedSynchronizer.java:519)
	at java.base@21.0.8/java.util.concurrent.ForkJoinPool.unmanagedBlock(ForkJoinPool.java:3780)
	at java.base@21.0.8/java.util.concurrent.ForkJoinPool.managedBlock(ForkJoinPool.java:3725)
	at java.base@21.0.8/java.util.concurrent.locks.AbstractQueuedSynchronizer$ConditionObject.await(AbstractQueuedSynchronizer.java:1712)
	at java.base@21.0.8/java.util.concurrent.ScheduledThreadPoolExecutor$DelayedWorkQueue.take(ScheduledThreadPoolExecutor.java:1170)
	at java.base@21.0.8/java.util.concurrent.ScheduledThreadPoolExecutor$DelayedWorkQueue.take(ScheduledThreadPoolExecutor.java:899)
	at java.base@21.0.8/java.util.concurrent.ThreadPoolExecutor.getTask(ThreadPoolExecutor.java:1070)
	at java.base@21.0.8/java.util.concurrent.ThreadPoolExecutor.runWorker(ThreadPoolExecutor.java:1130)
	at java.base@21.0.8/java.util.concurrent.ThreadPoolExecutor$Worker.run(ThreadPoolExecutor.java:642)
	at java.base@21.0.8/java.lang.Thread.runWith(Thread.java:1596)
	at java.base@21.0.8/java.lang.Thread.run(Thread.java:1583)


"TAB Permission Group Refreshing Thread" prio=5 Id=256 TIMED_WAITING on java.util.concurrent.locks.AbstractQueuedSynchronizer$ConditionObject@468876e
	at java.base@21.0.8/jdk.internal.misc.Unsafe.park(Native Method)
	-  waiting on java.util.concurrent.locks.AbstractQueuedSynchronizer$ConditionObject@468876e
	at java.base@21.0.8/java.util.concurrent.locks.LockSupport.parkNanos(LockSupport.java:269)
	at java.base@21.0.8/java.util.concurrent.locks.AbstractQueuedSynchronizer$ConditionObject.awaitNanos(AbstractQueuedSynchronizer.java:1763)
	at java.base@21.0.8/java.util.concurrent.ScheduledThreadPoolExecutor$DelayedWorkQueue.take(ScheduledThreadPoolExecutor.java:1182)
	at java.base@21.0.8/java.util.concurrent.ScheduledThreadPoolExecutor$DelayedWorkQueue.take(ScheduledThreadPoolExecutor.java:899)
	at java.base@21.0.8/java.util.concurrent.ThreadPoolExecutor.getTask(ThreadPoolExecutor.java:1070)
	at java.base@21.0.8/java.util.concurrent.ThreadPoolExecutor.runWorker(ThreadPoolExecutor.java:1130)
	at java.base@21.0.8/java.util.concurrent.ThreadPoolExecutor$Worker.run(ThreadPoolExecutor.java:642)
	at java.base@21.0.8/java.lang.Thread.runWith(Thread.java:1596)
	at java.base@21.0.8/java.lang.Thread.run(Thread.java:1583)


"TAB TabList Entry Checker Thread" prio=5 Id=257 TIMED_WAITING on java.util.concurrent.locks.AbstractQueuedSynchronizer$ConditionObject@35e5e403
	at java.base@21.0.8/jdk.internal.misc.Unsafe.park(Native Method)
	-  waiting on java.util.concurrent.locks.AbstractQueuedSynchronizer$ConditionObject@35e5e403
	at java.base@21.0.8/java.util.concurrent.locks.LockSupport.parkNanos(LockSupport.java:269)
	at java.base@21.0.8/java.util.concurrent.locks.AbstractQueuedSynchronizer$ConditionObject.awaitNanos(AbstractQueuedSynchronizer.java:1763)
	at java.base@21.0.8/java.util.concurrent.ScheduledThreadPoolExecutor$DelayedWorkQueue.take(ScheduledThreadPoolExecutor.java:1182)
	at java.base@21.0.8/java.util.concurrent.ScheduledThreadPoolExecutor$DelayedWorkQueue.take(ScheduledThreadPoolExecutor.java:899)
	at java.base@21.0.8/java.util.concurrent.ThreadPoolExecutor.getTask(ThreadPoolExecutor.java:1070)
	at java.base@21.0.8/java.util.concurrent.ThreadPoolExecutor.runWorker(ThreadPoolExecutor.java:1130)
	at java.base@21.0.8/java.util.concurrent.ThreadPoolExecutor$Worker.run(ThreadPoolExecutor.java:642)
	at java.base@21.0.8/java.lang.Thread.runWith(Thread.java:1596)
	at java.base@21.0.8/java.lang.Thread.run(Thread.java:1583)


"TAB Processing Thread" prio=5 Id=258 TIMED_WAITING on java.util.concurrent.locks.AbstractQueuedSynchronizer$ConditionObject@387daf5a
	at java.base@21.0.8/jdk.internal.misc.Unsafe.park(Native Method)
	-  waiting on java.util.concurrent.locks.AbstractQueuedSynchronizer$ConditionObject@387daf5a
	at java.base@21.0.8/java.util.concurrent.locks.LockSupport.parkNanos(LockSupport.java:269)
	at java.base@21.0.8/java.util.concurrent.locks.AbstractQueuedSynchronizer$ConditionObject.awaitNanos(AbstractQueuedSynchronizer.java:1763)
	at java.base@21.0.8/java.util.concurrent.ScheduledThreadPoolExecutor$DelayedWorkQueue.take(ScheduledThreadPoolExecutor.java:1182)
	at java.base@21.0.8/java.util.concurrent.ScheduledThreadPoolExecutor$DelayedWorkQueue.take(ScheduledThreadPoolExecutor.java:899)
	at java.base@21.0.8/java.util.concurrent.ThreadPoolExecutor.getTask(ThreadPoolExecutor.java:1070)
	at java.base@21.0.8/java.util.concurrent.ThreadPoolExecutor.runWorker(ThreadPoolExecutor.java:1130)
	at java.base@21.0.8/java.util.concurrent.ThreadPoolExecutor$Worker.run(ThreadPoolExecutor.java:642)
	at java.base@21.0.8/java.lang.Thread.runWith(Thread.java:1596)
	at java.base@21.0.8/java.lang.Thread.run(Thread.java:1583)


"TAB Placeholder Refreshing Thread" prio=5 Id=259 WAITING on java.util.concurrent.locks.AbstractQueuedSynchronizer$ConditionObject@5473f979
	at java.base@21.0.8/jdk.internal.misc.Unsafe.park(Native Method)
	-  waiting on java.util.concurrent.locks.AbstractQueuedSynchronizer$ConditionObject@5473f979
	at java.base@21.0.8/java.util.concurrent.locks.LockSupport.park(LockSupport.java:371)
	at java.base@21.0.8/java.util.concurrent.locks.AbstractQueuedSynchronizer$ConditionNode.block(AbstractQueuedSynchronizer.java:519)
	at java.base@21.0.8/java.util.concurrent.ForkJoinPool.unmanagedBlock(ForkJoinPool.java:3780)
	at java.base@21.0.8/java.util.concurrent.ForkJoinPool.managedBlock(ForkJoinPool.java:3725)
	at java.base@21.0.8/java.util.concurrent.locks.AbstractQueuedSynchronizer$ConditionObject.await(AbstractQueuedSynchronizer.java:1712)
	at java.base@21.0.8/java.util.concurrent.ScheduledThreadPoolExecutor$DelayedWorkQueue.take(ScheduledThreadPoolExecutor.java:1170)
	at java.base@21.0.8/java.util.concurrent.ScheduledThreadPoolExecutor$DelayedWorkQueue.take(ScheduledThreadPoolExecutor.java:899)
	at java.base@21.0.8/java.util.concurrent.ThreadPoolExecutor.getTask(ThreadPoolExecutor.java:1070)
	at java.base@21.0.8/java.util.concurrent.ThreadPoolExecutor.runWorker(ThreadPoolExecutor.java:1130)
	at java.base@21.0.8/java.util.concurrent.ThreadPoolExecutor$Worker.run(ThreadPoolExecutor.java:642)
	at java.base@21.0.8/java.lang.Thread.runWith(Thread.java:1596)
	at java.base@21.0.8/java.lang.Thread.run(Thread.java:1583)


"Timer-0" prio=8 Id=260 TIMED_WAITING on java.util.TaskQueue@14e0576e
	at java.base@21.0.8/java.lang.Object.wait0(Native Method)
	-  waiting on java.util.TaskQueue@14e0576e
	at java.base@21.0.8/java.lang.Object.wait(Object.java:366)
	at java.base@21.0.8/java.util.TimerThread.mainLoop(Timer.java:563)
	at java.base@21.0.8/java.util.TimerThread.run(Timer.java:516)


"Netty Server IO #1" daemon prio=8 Id=264 RUNNABLE (in native)
	at java.base@21.0.8/sun.nio.ch.WEPoll.wait(Native Method)
	at java.base@21.0.8/sun.nio.ch.WEPollSelectorImpl.doSelect(WEPollSelectorImpl.java:114)
	at java.base@21.0.8/sun.nio.ch.SelectorImpl.lockAndDoSelect(SelectorImpl.java:130)
	-  locked io.netty.channel.nio.SelectedSelectionKeySet@ebf7c0d
	-  locked sun.nio.ch.WEPollSelectorImpl@6611f4a7
	at java.base@21.0.8/sun.nio.ch.SelectorImpl.select(SelectorImpl.java:147)
	at MC-BOOTSTRAP/io.netty.transport@4.1.97.Final/io.netty.channel.nio.SelectedSelectionKeySetSelector.select(SelectedSelectionKeySetSelector.java:68)
	at MC-BOOTSTRAP/io.netty.transport@4.1.97.Final/io.netty.channel.nio.NioEventLoop.select(NioEventLoop.java:879)
	at MC-BOOTSTRAP/io.netty.transport@4.1.97.Final/io.netty.channel.nio.NioEventLoop.run(NioEventLoop.java:526)
	at MC-BOOTSTRAP/io.netty.common@4.1.97.Final/io.netty.util.concurrent.SingleThreadEventExecutor$4.run(SingleThreadEventExecutor.java:997)
	at MC-BOOTSTRAP/io.netty.common@4.1.97.Final/io.netty.util.internal.ThreadExecutorMap$2.run(ThreadExecutorMap.java:74)
	at java.base@21.0.8/java.lang.Thread.runWith(Thread.java:1596)
	at java.base@21.0.8/java.lang.Thread.run(Thread.java:1583)


"Read-Poller" daemon prio=5 Id=266 RUNNABLE (in native)
	at java.base@21.0.8/sun.nio.ch.WEPoll.wait(Native Method)
	at java.base@21.0.8/sun.nio.ch.WEPollPoller.poll(WEPollPoller.java:62)
	at java.base@21.0.8/sun.nio.ch.Poller.poll(Poller.java:370)
	at java.base@21.0.8/sun.nio.ch.Poller.pollLoop(Poller.java:277)
	at java.base@21.0.8/sun.nio.ch.Poller$$Lambda/0x0000017c7d2f05c8.run(Unknown Source)
	at java.base@21.0.8/java.lang.Thread.runWith(Thread.java:1596)
	at java.base@21.0.8/java.lang.Thread.run(Thread.java:1583)
	at java.base@21.0.8/jdk.internal.misc.InnocuousThread.run(InnocuousThread.java:186)


"Read-Updater" daemon prio=5 Id=267 WAITING on java.util.concurrent.LinkedTransferQueue@5bed05ff
	at java.base@21.0.8/jdk.internal.misc.Unsafe.park(Native Method)
	-  waiting on java.util.concurrent.LinkedTransferQueue@5bed05ff
	at java.base@21.0.8/java.util.concurrent.locks.LockSupport.park(LockSupport.java:371)
	at java.base@21.0.8/java.util.concurrent.LinkedTransferQueue$DualNode.await(LinkedTransferQueue.java:458)
	at java.base@21.0.8/java.util.concurrent.LinkedTransferQueue.xfer(LinkedTransferQueue.java:613)
	at java.base@21.0.8/java.util.concurrent.LinkedTransferQueue.take(LinkedTransferQueue.java:1257)
	at java.base@21.0.8/sun.nio.ch.Poller.updateLoop(Poller.java:293)
	at java.base@21.0.8/sun.nio.ch.Poller$$Lambda/0x0000017c7d2f0a18.run(Unknown Source)
	at java.base@21.0.8/java.lang.Thread.runWith(Thread.java:1596)
	at java.base@21.0.8/java.lang.Thread.run(Thread.java:1583)
	at java.base@21.0.8/jdk.internal.misc.InnocuousThread.run(InnocuousThread.java:186)


"Write-Poller" daemon prio=5 Id=268 RUNNABLE (in native)
	at java.base@21.0.8/sun.nio.ch.WEPoll.wait(Native Method)
	at java.base@21.0.8/sun.nio.ch.WEPollPoller.poll(WEPollPoller.java:62)
	at java.base@21.0.8/sun.nio.ch.Poller.poll(Poller.java:370)
	at java.base@21.0.8/sun.nio.ch.Poller.pollLoop(Poller.java:277)
	at java.base@21.0.8/sun.nio.ch.Poller$$Lambda/0x0000017c7d2f05c8.run(Unknown Source)
	at java.base@21.0.8/java.lang.Thread.runWith(Thread.java:1596)
	at java.base@21.0.8/java.lang.Thread.run(Thread.java:1583)
	at java.base@21.0.8/jdk.internal.misc.InnocuousThread.run(InnocuousThread.java:186)


"Write-Updater" daemon prio=5 Id=269 WAITING on java.util.concurrent.LinkedTransferQueue@109e87ca
	at java.base@21.0.8/jdk.internal.misc.Unsafe.park(Native Method)
	-  waiting on java.util.concurrent.LinkedTransferQueue@109e87ca
	at java.base@21.0.8/java.util.concurrent.locks.LockSupport.park(LockSupport.java:371)
	at java.base@21.0.8/java.util.concurrent.LinkedTransferQueue$DualNode.await(LinkedTransferQueue.java:458)
	at java.base@21.0.8/java.util.concurrent.LinkedTransferQueue.xfer(LinkedTransferQueue.java:613)
	at java.base@21.0.8/java.util.concurrent.LinkedTransferQueue.take(LinkedTransferQueue.java:1257)
	at java.base@21.0.8/sun.nio.ch.Poller.updateLoop(Poller.java:293)
	at java.base@21.0.8/sun.nio.ch.Poller$$Lambda/0x0000017c7d2f0a18.run(Unknown Source)
	at java.base@21.0.8/java.lang.Thread.runWith(Thread.java:1596)
	at java.base@21.0.8/java.lang.Thread.run(Thread.java:1583)
	at java.base@21.0.8/jdk.internal.misc.InnocuousThread.run(InnocuousThread.java:186)


"VirtualThread-unparker" daemon prio=5 Id=270 WAITING on java.util.concurrent.locks.AbstractQueuedSynchronizer$ConditionObject@653e990
	at java.base@21.0.8/jdk.internal.misc.Unsafe.park(Native Method)
	-  waiting on java.util.concurrent.locks.AbstractQueuedSynchronizer$ConditionObject@653e990
	at java.base@21.0.8/java.util.concurrent.locks.LockSupport.park(LockSupport.java:371)
	at java.base@21.0.8/java.util.concurrent.locks.AbstractQueuedSynchronizer$ConditionNode.block(AbstractQueuedSynchronizer.java:519)
	at java.base@21.0.8/java.util.concurrent.ForkJoinPool.unmanagedBlock(ForkJoinPool.java:3780)
	at java.base@21.0.8/java.util.concurrent.ForkJoinPool.managedBlock(ForkJoinPool.java:3725)
	at java.base@21.0.8/java.util.concurrent.locks.AbstractQueuedSynchronizer$ConditionObject.await(AbstractQueuedSynchronizer.java:1712)
	at java.base@21.0.8/java.util.concurrent.ScheduledThreadPoolExecutor$DelayedWorkQueue.take(ScheduledThreadPoolExecutor.java:1170)
	at java.base@21.0.8/java.util.concurrent.ScheduledThreadPoolExecutor$DelayedWorkQueue.take(ScheduledThreadPoolExecutor.java:899)
	at java.base@21.0.8/java.util.concurrent.ThreadPoolExecutor.getTask(ThreadPoolExecutor.java:1070)
	at java.base@21.0.8/java.util.concurrent.ThreadPoolExecutor.runWorker(ThreadPoolExecutor.java:1130)
	at java.base@21.0.8/java.util.concurrent.ThreadPoolExecutor$Worker.run(ThreadPoolExecutor.java:642)
	at java.base@21.0.8/java.lang.Thread.runWith(Thread.java:1596)
	at java.base@21.0.8/java.lang.Thread.run(Thread.java:1583)
	at java.base@21.0.8/jdk.internal.misc.InnocuousThread.run(InnocuousThread.java:186)


"TAB Header/Footer Thread" prio=5 Id=272 WAITING on java.util.concurrent.locks.AbstractQueuedSynchronizer$ConditionObject@73f9a243
	at java.base@21.0.8/jdk.internal.misc.Unsafe.park(Native Method)
	-  waiting on java.util.concurrent.locks.AbstractQueuedSynchronizer$ConditionObject@73f9a243
	at java.base@21.0.8/java.util.concurrent.locks.LockSupport.park(LockSupport.java:371)
	at java.base@21.0.8/java.util.concurrent.locks.AbstractQueuedSynchronizer$ConditionNode.block(AbstractQueuedSynchronizer.java:519)
	at java.base@21.0.8/java.util.concurrent.ForkJoinPool.unmanagedBlock(ForkJoinPool.java:3780)
	at java.base@21.0.8/java.util.concurrent.ForkJoinPool.managedBlock(ForkJoinPool.java:3725)
	at java.base@21.0.8/java.util.concurrent.locks.AbstractQueuedSynchronizer$ConditionObject.await(AbstractQueuedSynchronizer.java:1712)
	at java.base@21.0.8/java.util.concurrent.ScheduledThreadPoolExecutor$DelayedWorkQueue.take(ScheduledThreadPoolExecutor.java:1170)
	at java.base@21.0.8/java.util.concurrent.ScheduledThreadPoolExecutor$DelayedWorkQueue.take(ScheduledThreadPoolExecutor.java:899)
	at java.base@21.0.8/java.util.concurrent.ThreadPoolExecutor.getTask(ThreadPoolExecutor.java:1070)
	at java.base@21.0.8/java.util.concurrent.ThreadPoolExecutor.runWorker(ThreadPoolExecutor.java:1130)
	at java.base@21.0.8/java.util.concurrent.ThreadPoolExecutor$Worker.run(ThreadPoolExecutor.java:642)
	at java.base@21.0.8/java.lang.Thread.runWith(Thread.java:1596)
	at java.base@21.0.8/java.lang.Thread.run(Thread.java:1583)


"TAB Playerlist Objective Thread" prio=5 Id=273 WAITING on java.util.concurrent.locks.AbstractQueuedSynchronizer$ConditionObject@4008833e
	at java.base@21.0.8/jdk.internal.misc.Unsafe.park(Native Method)
	-  waiting on java.util.concurrent.locks.AbstractQueuedSynchronizer$ConditionObject@4008833e
	at java.base@21.0.8/java.util.concurrent.locks.LockSupport.park(LockSupport.java:371)
	at java.base@21.0.8/java.util.concurrent.locks.AbstractQueuedSynchronizer$ConditionNode.block(AbstractQueuedSynchronizer.java:519)
	at java.base@21.0.8/java.util.concurrent.ForkJoinPool.unmanagedBlock(ForkJoinPool.java:3780)
	at java.base@21.0.8/java.util.concurrent.ForkJoinPool.managedBlock(ForkJoinPool.java:3725)
	at java.base@21.0.8/java.util.concurrent.locks.AbstractQueuedSynchronizer$ConditionObject.await(AbstractQueuedSynchronizer.java:1712)
	at java.base@21.0.8/java.util.concurrent.ScheduledThreadPoolExecutor$DelayedWorkQueue.take(ScheduledThreadPoolExecutor.java:1170)
	at java.base@21.0.8/java.util.concurrent.ScheduledThreadPoolExecutor$DelayedWorkQueue.take(ScheduledThreadPoolExecutor.java:899)
	at java.base@21.0.8/java.util.concurrent.ThreadPoolExecutor.getTask(ThreadPoolExecutor.java:1070)
	at java.base@21.0.8/java.util.concurrent.ThreadPoolExecutor.runWorker(ThreadPoolExecutor.java:1130)
	at java.base@21.0.8/java.util.concurrent.ThreadPoolExecutor$Worker.run(ThreadPoolExecutor.java:642)
	at java.base@21.0.8/java.lang.Thread.runWith(Thread.java:1596)
	at java.base@21.0.8/java.lang.Thread.run(Thread.java:1583)


"TAB NameTag Thread" prio=5 Id=274 WAITING on java.util.concurrent.locks.AbstractQueuedSynchronizer$ConditionObject@24ccec22
	at java.base@21.0.8/jdk.internal.misc.Unsafe.park(Native Method)
	-  waiting on java.util.concurrent.locks.AbstractQueuedSynchronizer$ConditionObject@24ccec22
	at java.base@21.0.8/java.util.concurrent.locks.LockSupport.park(LockSupport.java:371)
	at java.base@21.0.8/java.util.concurrent.locks.AbstractQueuedSynchronizer$ConditionNode.block(AbstractQueuedSynchronizer.java:519)
	at java.base@21.0.8/java.util.concurrent.ForkJoinPool.unmanagedBlock(ForkJoinPool.java:3780)
	at java.base@21.0.8/java.util.concurrent.ForkJoinPool.managedBlock(ForkJoinPool.java:3725)
	at java.base@21.0.8/java.util.concurrent.locks.AbstractQueuedSynchronizer$ConditionObject.await(AbstractQueuedSynchronizer.java:1712)
	at java.base@21.0.8/java.util.concurrent.ScheduledThreadPoolExecutor$DelayedWorkQueue.take(ScheduledThreadPoolExecutor.java:1170)
	at java.base@21.0.8/java.util.concurrent.ScheduledThreadPoolExecutor$DelayedWorkQueue.take(ScheduledThreadPoolExecutor.java:899)
	at java.base@21.0.8/java.util.concurrent.ThreadPoolExecutor.getTask(ThreadPoolExecutor.java:1070)
	at java.base@21.0.8/java.util.concurrent.ThreadPoolExecutor.runWorker(ThreadPoolExecutor.java:1130)
	at java.base@21.0.8/java.util.concurrent.ThreadPoolExecutor$Worker.run(ThreadPoolExecutor.java:642)
	at java.base@21.0.8/java.lang.Thread.runWith(Thread.java:1596)
	at java.base@21.0.8/java.lang.Thread.run(Thread.java:1583)


"Netty Server IO #2" daemon prio=8 Id=275 RUNNABLE (in native)
	at java.base@21.0.8/sun.nio.ch.WEPoll.wait(Native Method)
	at java.base@21.0.8/sun.nio.ch.WEPollSelectorImpl.doSelect(WEPollSelectorImpl.java:114)
	at java.base@21.0.8/sun.nio.ch.SelectorImpl.lockAndDoSelect(SelectorImpl.java:130)
	-  locked io.netty.channel.nio.SelectedSelectionKeySet@3d4a8e42
	-  locked sun.nio.ch.WEPollSelectorImpl@54e1c1b
	at java.base@21.0.8/sun.nio.ch.SelectorImpl.select(SelectorImpl.java:147)
	at MC-BOOTSTRAP/io.netty.transport@4.1.97.Final/io.netty.channel.nio.SelectedSelectionKeySetSelector.select(SelectedSelectionKeySetSelector.java:68)
	at MC-BOOTSTRAP/io.netty.transport@4.1.97.Final/io.netty.channel.nio.NioEventLoop.select(NioEventLoop.java:879)
	at MC-BOOTSTRAP/io.netty.transport@4.1.97.Final/io.netty.channel.nio.NioEventLoop.run(NioEventLoop.java:526)
	at MC-BOOTSTRAP/io.netty.common@4.1.97.Final/io.netty.util.concurrent.SingleThreadEventExecutor$4.run(SingleThreadEventExecutor.java:997)
	at MC-BOOTSTRAP/io.netty.common@4.1.97.Final/io.netty.util.internal.ThreadExecutorMap$2.run(ThreadExecutorMap.java:74)
	at java.base@21.0.8/java.lang.Thread.runWith(Thread.java:1596)
	at java.base@21.0.8/java.lang.Thread.run(Thread.java:1583)


"Netty Server IO #3" daemon prio=8 Id=277 RUNNABLE (in native)
	at java.base@21.0.8/sun.nio.ch.WEPoll.wait(Native Method)
	at java.base@21.0.8/sun.nio.ch.WEPollSelectorImpl.doSelect(WEPollSelectorImpl.java:114)
	at java.base@21.0.8/sun.nio.ch.SelectorImpl.lockAndDoSelect(SelectorImpl.java:130)
	-  locked io.netty.channel.nio.SelectedSelectionKeySet@39fd812
	-  locked sun.nio.ch.WEPollSelectorImpl@4d1a06e4
	at java.base@21.0.8/sun.nio.ch.SelectorImpl.select(SelectorImpl.java:147)
	at MC-BOOTSTRAP/io.netty.transport@4.1.97.Final/io.netty.channel.nio.SelectedSelectionKeySetSelector.select(SelectedSelectionKeySetSelector.java:68)
	at MC-BOOTSTRAP/io.netty.transport@4.1.97.Final/io.netty.channel.nio.NioEventLoop.select(NioEventLoop.java:879)
	at MC-BOOTSTRAP/io.netty.transport@4.1.97.Final/io.netty.channel.nio.NioEventLoop.run(NioEventLoop.java:526)
	at MC-BOOTSTRAP/io.netty.common@4.1.97.Final/io.netty.util.concurrent.SingleThreadEventExecutor$4.run(SingleThreadEventExecutor.java:997)
	at MC-BOOTSTRAP/io.netty.common@4.1.97.Final/io.netty.util.internal.ThreadExecutorMap$2.run(ThreadExecutorMap.java:74)
	at java.base@21.0.8/java.lang.Thread.runWith(Thread.java:1596)
	at java.base@21.0.8/java.lang.Thread.run(Thread.java:1583)


"Netty Server IO #4" daemon prio=8 Id=278 RUNNABLE (in native)
	at java.base@21.0.8/sun.nio.ch.WEPoll.wait(Native Method)
	at java.base@21.0.8/sun.nio.ch.WEPollSelectorImpl.doSelect(WEPollSelectorImpl.java:114)
	at java.base@21.0.8/sun.nio.ch.SelectorImpl.lockAndDoSelect(SelectorImpl.java:130)
	-  locked io.netty.channel.nio.SelectedSelectionKeySet@70aba2c
	-  locked sun.nio.ch.WEPollSelectorImpl@42994168
	at java.base@21.0.8/sun.nio.ch.SelectorImpl.select(SelectorImpl.java:147)
	at MC-BOOTSTRAP/io.netty.transport@4.1.97.Final/io.netty.channel.nio.SelectedSelectionKeySetSelector.select(SelectedSelectionKeySetSelector.java:68)
	at MC-BOOTSTRAP/io.netty.transport@4.1.97.Final/io.netty.channel.nio.NioEventLoop.select(NioEventLoop.java:879)
	at MC-BOOTSTRAP/io.netty.transport@4.1.97.Final/io.netty.channel.nio.NioEventLoop.run(NioEventLoop.java:526)
	at MC-BOOTSTRAP/io.netty.common@4.1.97.Final/io.netty.util.concurrent.SingleThreadEventExecutor$4.run(SingleThreadEventExecutor.java:997)
	at MC-BOOTSTRAP/io.netty.common@4.1.97.Final/io.netty.util.internal.ThreadExecutorMap$2.run(ThreadExecutorMap.java:74)
	at java.base@21.0.8/java.lang.Thread.runWith(Thread.java:1596)
	at java.base@21.0.8/java.lang.Thread.run(Thread.java:1583)


"Netty Server IO #5" daemon prio=8 Id=279 RUNNABLE (in native)
	at java.base@21.0.8/sun.nio.ch.WEPoll.wait(Native Method)
	at java.base@21.0.8/sun.nio.ch.WEPollSelectorImpl.doSelect(WEPollSelectorImpl.java:114)
	at java.base@21.0.8/sun.nio.ch.SelectorImpl.lockAndDoSelect(SelectorImpl.java:130)
	-  locked io.netty.channel.nio.SelectedSelectionKeySet@4464fb13
	-  locked sun.nio.ch.WEPollSelectorImpl@2bc42150
	at java.base@21.0.8/sun.nio.ch.SelectorImpl.select(SelectorImpl.java:147)
	at MC-BOOTSTRAP/io.netty.transport@4.1.97.Final/io.netty.channel.nio.SelectedSelectionKeySetSelector.select(SelectedSelectionKeySetSelector.java:68)
	at MC-BOOTSTRAP/io.netty.transport@4.1.97.Final/io.netty.channel.nio.NioEventLoop.select(NioEventLoop.java:879)
	at MC-BOOTSTRAP/io.netty.transport@4.1.97.Final/io.netty.channel.nio.NioEventLoop.run(NioEventLoop.java:526)
	at MC-BOOTSTRAP/io.netty.common@4.1.97.Final/io.netty.util.concurrent.SingleThreadEventExecutor$4.run(SingleThreadEventExecutor.java:997)
	at MC-BOOTSTRAP/io.netty.common@4.1.97.Final/io.netty.util.internal.ThreadExecutorMap$2.run(ThreadExecutorMap.java:74)
	at java.base@21.0.8/java.lang.Thread.runWith(Thread.java:1596)
	at java.base@21.0.8/java.lang.Thread.run(Thread.java:1583)


"Netty Server IO #6" daemon prio=8 Id=280 RUNNABLE (in native)
	at java.base@21.0.8/sun.nio.ch.WEPoll.wait(Native Method)
	at java.base@21.0.8/sun.nio.ch.WEPollSelectorImpl.doSelect(WEPollSelectorImpl.java:114)
	at java.base@21.0.8/sun.nio.ch.SelectorImpl.lockAndDoSelect(SelectorImpl.java:130)
	-  locked io.netty.channel.nio.SelectedSelectionKeySet@2d355543
	-  locked sun.nio.ch.WEPollSelectorImpl@5e1f4ef7
	at java.base@21.0.8/sun.nio.ch.SelectorImpl.select(SelectorImpl.java:147)
	at MC-BOOTSTRAP/io.netty.transport@4.1.97.Final/io.netty.channel.nio.SelectedSelectionKeySetSelector.select(SelectedSelectionKeySetSelector.java:68)
	at MC-BOOTSTRAP/io.netty.transport@4.1.97.Final/io.netty.channel.nio.NioEventLoop.select(NioEventLoop.java:879)
	at MC-BOOTSTRAP/io.netty.transport@4.1.97.Final/io.netty.channel.nio.NioEventLoop.run(NioEventLoop.java:526)
	at MC-BOOTSTRAP/io.netty.common@4.1.97.Final/io.netty.util.concurrent.SingleThreadEventExecutor$4.run(SingleThreadEventExecutor.java:997)
	at MC-BOOTSTRAP/io.netty.common@4.1.97.Final/io.netty.util.internal.ThreadExecutorMap$2.run(ThreadExecutorMap.java:74)
	at java.base@21.0.8/java.lang.Thread.runWith(Thread.java:1596)
	at java.base@21.0.8/java.lang.Thread.run(Thread.java:1583)


"Netty Server IO #7" daemon prio=8 Id=287 RUNNABLE (in native)
	at java.base@21.0.8/sun.nio.ch.WEPoll.wait(Native Method)
	at java.base@21.0.8/sun.nio.ch.WEPollSelectorImpl.doSelect(WEPollSelectorImpl.java:114)
	at java.base@21.0.8/sun.nio.ch.SelectorImpl.lockAndDoSelect(SelectorImpl.java:130)
	-  locked io.netty.channel.nio.SelectedSelectionKeySet@509747bf
	-  locked sun.nio.ch.WEPollSelectorImpl@432f4ef6
	at java.base@21.0.8/sun.nio.ch.SelectorImpl.select(SelectorImpl.java:147)
	at MC-BOOTSTRAP/io.netty.transport@4.1.97.Final/io.netty.channel.nio.SelectedSelectionKeySetSelector.select(SelectedSelectionKeySetSelector.java:68)
	at MC-BOOTSTRAP/io.netty.transport@4.1.97.Final/io.netty.channel.nio.NioEventLoop.select(NioEventLoop.java:879)
	at MC-BOOTSTRAP/io.netty.transport@4.1.97.Final/io.netty.channel.nio.NioEventLoop.run(NioEventLoop.java:526)
	at MC-BOOTSTRAP/io.netty.common@4.1.97.Final/io.netty.util.concurrent.SingleThreadEventExecutor$4.run(SingleThreadEventExecutor.java:997)
	at MC-BOOTSTRAP/io.netty.common@4.1.97.Final/io.netty.util.internal.ThreadExecutorMap$2.run(ThreadExecutorMap.java:74)
	at java.base@21.0.8/java.lang.Thread.runWith(Thread.java:1596)
	at java.base@21.0.8/java.lang.Thread.run(Thread.java:1583)


"Netty Server IO #8" daemon prio=8 Id=288 RUNNABLE (in native)
	at java.base@21.0.8/sun.nio.ch.WEPoll.wait(Native Method)
	at java.base@21.0.8/sun.nio.ch.WEPollSelectorImpl.doSelect(WEPollSelectorImpl.java:114)
	at java.base@21.0.8/sun.nio.ch.SelectorImpl.lockAndDoSelect(SelectorImpl.java:130)
	-  locked io.netty.channel.nio.SelectedSelectionKeySet@29e5c5b
	-  locked sun.nio.ch.WEPollSelectorImpl@4bb5d5fa
	at java.base@21.0.8/sun.nio.ch.SelectorImpl.select(SelectorImpl.java:147)
	at MC-BOOTSTRAP/io.netty.transport@4.1.97.Final/io.netty.channel.nio.SelectedSelectionKeySetSelector.select(SelectedSelectionKeySetSelector.java:68)
	at MC-BOOTSTRAP/io.netty.transport@4.1.97.Final/io.netty.channel.nio.NioEventLoop.select(NioEventLoop.java:879)
	at MC-BOOTSTRAP/io.netty.transport@4.1.97.Final/io.netty.channel.nio.NioEventLoop.run(NioEventLoop.java:526)
	at MC-BOOTSTRAP/io.netty.common@4.1.97.Final/io.netty.util.concurrent.SingleThreadEventExecutor$4.run(SingleThreadEventExecutor.java:997)
	at MC-BOOTSTRAP/io.netty.common@4.1.97.Final/io.netty.util.internal.ThreadExecutorMap$2.run(ThreadExecutorMap.java:74)
	at java.base@21.0.8/java.lang.Thread.runWith(Thread.java:1596)
	at java.base@21.0.8/java.lang.Thread.run(Thread.java:1583)


"Netty Server IO #9" daemon prio=8 Id=289 RUNNABLE (in native)
	at java.base@21.0.8/sun.nio.ch.WEPoll.wait(Native Method)
	at java.base@21.0.8/sun.nio.ch.WEPollSelectorImpl.doSelect(WEPollSelectorImpl.java:114)
	at java.base@21.0.8/sun.nio.ch.SelectorImpl.lockAndDoSelect(SelectorImpl.java:130)
	-  locked io.netty.channel.nio.SelectedSelectionKeySet@61418378
	-  locked sun.nio.ch.WEPollSelectorImpl@4171b37d
	at java.base@21.0.8/sun.nio.ch.SelectorImpl.select(SelectorImpl.java:147)
	at MC-BOOTSTRAP/io.netty.transport@4.1.97.Final/io.netty.channel.nio.SelectedSelectionKeySetSelector.select(SelectedSelectionKeySetSelector.java:68)
	at MC-BOOTSTRAP/io.netty.transport@4.1.97.Final/io.netty.channel.nio.NioEventLoop.select(NioEventLoop.java:879)
	at MC-BOOTSTRAP/io.netty.transport@4.1.97.Final/io.netty.channel.nio.NioEventLoop.run(NioEventLoop.java:526)
	at MC-BOOTSTRAP/io.netty.common@4.1.97.Final/io.netty.util.concurrent.SingleThreadEventExecutor$4.run(SingleThreadEventExecutor.java:997)
	at MC-BOOTSTRAP/io.netty.common@4.1.97.Final/io.netty.util.internal.ThreadExecutorMap$2.run(ThreadExecutorMap.java:74)
	at java.base@21.0.8/java.lang.Thread.runWith(Thread.java:1596)
	at java.base@21.0.8/java.lang.Thread.run(Thread.java:1583)


"Netty Server IO #10" daemon prio=8 Id=290 RUNNABLE (in native)
	at java.base@21.0.8/sun.nio.ch.WEPoll.wait(Native Method)
	at java.base@21.0.8/sun.nio.ch.WEPollSelectorImpl.doSelect(WEPollSelectorImpl.java:114)
	at java.base@21.0.8/sun.nio.ch.SelectorImpl.lockAndDoSelect(SelectorImpl.java:130)
	-  locked io.netty.channel.nio.SelectedSelectionKeySet@66595d5e
	-  locked sun.nio.ch.WEPollSelectorImpl@65bd2552
	at java.base@21.0.8/sun.nio.ch.SelectorImpl.select(SelectorImpl.java:142)
	at MC-BOOTSTRAP/io.netty.transport@4.1.97.Final/io.netty.channel.nio.SelectedSelectionKeySetSelector.select(SelectedSelectionKeySetSelector.java:62)
	at MC-BOOTSTRAP/io.netty.transport@4.1.97.Final/io.netty.channel.nio.NioEventLoop.select(NioEventLoop.java:883)
	at MC-BOOTSTRAP/io.netty.transport@4.1.97.Final/io.netty.channel.nio.NioEventLoop.run(NioEventLoop.java:526)
	at MC-BOOTSTRAP/io.netty.common@4.1.97.Final/io.netty.util.concurrent.SingleThreadEventExecutor$4.run(SingleThreadEventExecutor.java:997)
	at MC-BOOTSTRAP/io.netty.common@4.1.97.Final/io.netty.util.internal.ThreadExecutorMap$2.run(ThreadExecutorMap.java:74)
	at java.base@21.0.8/java.lang.Thread.runWith(Thread.java:1596)
	at java.base@21.0.8/java.lang.Thread.run(Thread.java:1583)


"Netty Server IO #11" daemon prio=8 Id=291 RUNNABLE (in native)
	at java.base@21.0.8/sun.nio.ch.WEPoll.wait(Native Method)
	at java.base@21.0.8/sun.nio.ch.WEPollSelectorImpl.doSelect(WEPollSelectorImpl.java:114)
	at java.base@21.0.8/sun.nio.ch.SelectorImpl.lockAndDoSelect(SelectorImpl.java:130)
	-  locked io.netty.channel.nio.SelectedSelectionKeySet@c995495
	-  locked sun.nio.ch.WEPollSelectorImpl@5cdc9fed
	at java.base@21.0.8/sun.nio.ch.SelectorImpl.select(SelectorImpl.java:147)
	at MC-BOOTSTRAP/io.netty.transport@4.1.97.Final/io.netty.channel.nio.SelectedSelectionKeySetSelector.select(SelectedSelectionKeySetSelector.java:68)
	at MC-BOOTSTRAP/io.netty.transport@4.1.97.Final/io.netty.channel.nio.NioEventLoop.select(NioEventLoop.java:879)
	at MC-BOOTSTRAP/io.netty.transport@4.1.97.Final/io.netty.channel.nio.NioEventLoop.run(NioEventLoop.java:526)
	at MC-BOOTSTRAP/io.netty.common@4.1.97.Final/io.netty.util.concurrent.SingleThreadEventExecutor$4.run(SingleThreadEventExecutor.java:997)
	at MC-BOOTSTRAP/io.netty.common@4.1.97.Final/io.netty.util.internal.ThreadExecutorMap$2.run(ThreadExecutorMap.java:74)
	at java.base@21.0.8/java.lang.Thread.runWith(Thread.java:1596)
	at java.base@21.0.8/java.lang.Thread.run(Thread.java:1583)


"Netty Server IO #12" daemon prio=8 Id=292 RUNNABLE (in native)
	at java.base@21.0.8/sun.nio.ch.WEPoll.wait(Native Method)
	at java.base@21.0.8/sun.nio.ch.WEPollSelectorImpl.doSelect(WEPollSelectorImpl.java:114)
	at java.base@21.0.8/sun.nio.ch.SelectorImpl.lockAndDoSelect(SelectorImpl.java:130)
	-  locked io.netty.channel.nio.SelectedSelectionKeySet@7c15bdd9
	-  locked sun.nio.ch.WEPollSelectorImpl@39239b89
	at java.base@21.0.8/sun.nio.ch.SelectorImpl.select(SelectorImpl.java:147)
	at MC-BOOTSTRAP/io.netty.transport@4.1.97.Final/io.netty.channel.nio.SelectedSelectionKeySetSelector.select(SelectedSelectionKeySetSelector.java:68)
	at MC-BOOTSTRAP/io.netty.transport@4.1.97.Final/io.netty.channel.nio.NioEventLoop.select(NioEventLoop.java:879)
	at MC-BOOTSTRAP/io.netty.transport@4.1.97.Final/io.netty.channel.nio.NioEventLoop.run(NioEventLoop.java:526)
	at MC-BOOTSTRAP/io.netty.common@4.1.97.Final/io.netty.util.concurrent.SingleThreadEventExecutor$4.run(SingleThreadEventExecutor.java:997)
	at MC-BOOTSTRAP/io.netty.common@4.1.97.Final/io.netty.util.internal.ThreadExecutorMap$2.run(ThreadExecutorMap.java:74)
	at java.base@21.0.8/java.lang.Thread.runWith(Thread.java:1596)
	at java.base@21.0.8/java.lang.Thread.run(Thread.java:1583)


"Netty Server IO #13" daemon prio=8 Id=293 RUNNABLE (in native)
	at java.base@21.0.8/sun.nio.ch.WEPoll.wait(Native Method)
	at java.base@21.0.8/sun.nio.ch.WEPollSelectorImpl.doSelect(WEPollSelectorImpl.java:114)
	at java.base@21.0.8/sun.nio.ch.SelectorImpl.lockAndDoSelect(SelectorImpl.java:130)
	-  locked io.netty.channel.nio.SelectedSelectionKeySet@1122ab60
	-  locked sun.nio.ch.WEPollSelectorImpl@75052d8b
	at java.base@21.0.8/sun.nio.ch.SelectorImpl.select(SelectorImpl.java:147)
	at MC-BOOTSTRAP/io.netty.transport@4.1.97.Final/io.netty.channel.nio.SelectedSelectionKeySetSelector.select(SelectedSelectionKeySetSelector.java:68)
	at MC-BOOTSTRAP/io.netty.transport@4.1.97.Final/io.netty.channel.nio.NioEventLoop.select(NioEventLoop.java:879)
	at MC-BOOTSTRAP/io.netty.transport@4.1.97.Final/io.netty.channel.nio.NioEventLoop.run(NioEventLoop.java:526)
	at MC-BOOTSTRAP/io.netty.common@4.1.97.Final/io.netty.util.concurrent.SingleThreadEventExecutor$4.run(SingleThreadEventExecutor.java:997)
	at MC-BOOTSTRAP/io.netty.common@4.1.97.Final/io.netty.util.internal.ThreadExecutorMap$2.run(ThreadExecutorMap.java:74)
	at java.base@21.0.8/java.lang.Thread.runWith(Thread.java:1596)
	at java.base@21.0.8/java.lang.Thread.run(Thread.java:1583)


"Netty Server IO #14" daemon prio=8 Id=294 RUNNABLE (in native)
	at java.base@21.0.8/sun.nio.ch.WEPoll.wait(Native Method)
	at java.base@21.0.8/sun.nio.ch.WEPollSelectorImpl.doSelect(WEPollSelectorImpl.java:114)
	at java.base@21.0.8/sun.nio.ch.SelectorImpl.lockAndDoSelect(SelectorImpl.java:130)
	-  locked io.netty.channel.nio.SelectedSelectionKeySet@3dbdb7b7
	-  locked sun.nio.ch.WEPollSelectorImpl@799e11cc
	at java.base@21.0.8/sun.nio.ch.SelectorImpl.select(SelectorImpl.java:147)
	at MC-BOOTSTRAP/io.netty.transport@4.1.97.Final/io.netty.channel.nio.SelectedSelectionKeySetSelector.select(SelectedSelectionKeySetSelector.java:68)
	at MC-BOOTSTRAP/io.netty.transport@4.1.97.Final/io.netty.channel.nio.NioEventLoop.select(NioEventLoop.java:879)
	at MC-BOOTSTRAP/io.netty.transport@4.1.97.Final/io.netty.channel.nio.NioEventLoop.run(NioEventLoop.java:526)
	at MC-BOOTSTRAP/io.netty.common@4.1.97.Final/io.netty.util.concurrent.SingleThreadEventExecutor$4.run(SingleThreadEventExecutor.java:997)
	at MC-BOOTSTRAP/io.netty.common@4.1.97.Final/io.netty.util.internal.ThreadExecutorMap$2.run(ThreadExecutorMap.java:74)
	at java.base@21.0.8/java.lang.Thread.runWith(Thread.java:1596)
	at java.base@21.0.8/java.lang.Thread.run(Thread.java:1583)


"Netty Server IO #15" daemon prio=8 Id=295 RUNNABLE (in native)
	at java.base@21.0.8/sun.nio.ch.WEPoll.wait(Native Method)
	at java.base@21.0.8/sun.nio.ch.WEPollSelectorImpl.doSelect(WEPollSelectorImpl.java:114)
	at java.base@21.0.8/sun.nio.ch.SelectorImpl.lockAndDoSelect(SelectorImpl.java:130)
	-  locked io.netty.channel.nio.SelectedSelectionKeySet@7bc67169
	-  locked sun.nio.ch.WEPollSelectorImpl@4185dae5
	at java.base@21.0.8/sun.nio.ch.SelectorImpl.select(SelectorImpl.java:147)
	at MC-BOOTSTRAP/io.netty.transport@4.1.97.Final/io.netty.channel.nio.SelectedSelectionKeySetSelector.select(SelectedSelectionKeySetSelector.java:68)
	at MC-BOOTSTRAP/io.netty.transport@4.1.97.Final/io.netty.channel.nio.NioEventLoop.select(NioEventLoop.java:879)
	at MC-BOOTSTRAP/io.netty.transport@4.1.97.Final/io.netty.channel.nio.NioEventLoop.run(NioEventLoop.java:526)
	at MC-BOOTSTRAP/io.netty.common@4.1.97.Final/io.netty.util.concurrent.SingleThreadEventExecutor$4.run(SingleThreadEventExecutor.java:997)
	at MC-BOOTSTRAP/io.netty.common@4.1.97.Final/io.netty.util.internal.ThreadExecutorMap$2.run(ThreadExecutorMap.java:74)
	at java.base@21.0.8/java.lang.Thread.runWith(Thread.java:1596)
	at java.base@21.0.8/java.lang.Thread.run(Thread.java:1583)


"Netty Server IO #16" daemon prio=8 Id=296 RUNNABLE (in native)
	at java.base@21.0.8/sun.nio.ch.WEPoll.wait(Native Method)
	at java.base@21.0.8/sun.nio.ch.WEPollSelectorImpl.doSelect(WEPollSelectorImpl.java:114)
	at java.base@21.0.8/sun.nio.ch.SelectorImpl.lockAndDoSelect(SelectorImpl.java:130)
	-  locked io.netty.channel.nio.SelectedSelectionKeySet@2aecf0bd
	-  locked sun.nio.ch.WEPollSelectorImpl@645fee8f
	at java.base@21.0.8/sun.nio.ch.SelectorImpl.select(SelectorImpl.java:147)
	at MC-BOOTSTRAP/io.netty.transport@4.1.97.Final/io.netty.channel.nio.SelectedSelectionKeySetSelector.select(SelectedSelectionKeySetSelector.java:68)
	at MC-BOOTSTRAP/io.netty.transport@4.1.97.Final/io.netty.channel.nio.NioEventLoop.select(NioEventLoop.java:879)
	at MC-BOOTSTRAP/io.netty.transport@4.1.97.Final/io.netty.channel.nio.NioEventLoop.run(NioEventLoop.java:526)
	at MC-BOOTSTRAP/io.netty.common@4.1.97.Final/io.netty.util.concurrent.SingleThreadEventExecutor$4.run(SingleThreadEventExecutor.java:997)
	at MC-BOOTSTRAP/io.netty.common@4.1.97.Final/io.netty.util.internal.ThreadExecutorMap$2.run(ThreadExecutorMap.java:74)
	at java.base@21.0.8/java.lang.Thread.runWith(Thread.java:1596)
	at java.base@21.0.8/java.lang.Thread.run(Thread.java:1583)


"Netty Server IO #17" daemon prio=8 Id=297 RUNNABLE (in native)
	at java.base@21.0.8/sun.nio.ch.WEPoll.wait(Native Method)
	at java.base@21.0.8/sun.nio.ch.WEPollSelectorImpl.doSelect(WEPollSelectorImpl.java:114)
	at java.base@21.0.8/sun.nio.ch.SelectorImpl.lockAndDoSelect(SelectorImpl.java:130)
	-  locked io.netty.channel.nio.SelectedSelectionKeySet@2e91372b
	-  locked sun.nio.ch.WEPollSelectorImpl@38eaeefa
	at java.base@21.0.8/sun.nio.ch.SelectorImpl.select(SelectorImpl.java:147)
	at MC-BOOTSTRAP/io.netty.transport@4.1.97.Final/io.netty.channel.nio.SelectedSelectionKeySetSelector.select(SelectedSelectionKeySetSelector.java:68)
	at MC-BOOTSTRAP/io.netty.transport@4.1.97.Final/io.netty.channel.nio.NioEventLoop.select(NioEventLoop.java:879)
	at MC-BOOTSTRAP/io.netty.transport@4.1.97.Final/io.netty.channel.nio.NioEventLoop.run(NioEventLoop.java:526)
	at MC-BOOTSTRAP/io.netty.common@4.1.97.Final/io.netty.util.concurrent.SingleThreadEventExecutor$4.run(SingleThreadEventExecutor.java:997)
	at MC-BOOTSTRAP/io.netty.common@4.1.97.Final/io.netty.util.internal.ThreadExecutorMap$2.run(ThreadExecutorMap.java:74)
	at java.base@21.0.8/java.lang.Thread.runWith(Thread.java:1596)
	at java.base@21.0.8/java.lang.Thread.run(Thread.java:1583)


"Netty Server IO #18" daemon prio=8 Id=299 RUNNABLE (in native)
	at java.base@21.0.8/sun.nio.ch.WEPoll.wait(Native Method)
	at java.base@21.0.8/sun.nio.ch.WEPollSelectorImpl.doSelect(WEPollSelectorImpl.java:114)
	at java.base@21.0.8/sun.nio.ch.SelectorImpl.lockAndDoSelect(SelectorImpl.java:130)
	-  locked io.netty.channel.nio.SelectedSelectionKeySet@7e412d41
	-  locked sun.nio.ch.WEPollSelectorImpl@31f3885a
	at java.base@21.0.8/sun.nio.ch.SelectorImpl.select(SelectorImpl.java:147)
	at MC-BOOTSTRAP/io.netty.transport@4.1.97.Final/io.netty.channel.nio.SelectedSelectionKeySetSelector.select(SelectedSelectionKeySetSelector.java:68)
	at MC-BOOTSTRAP/io.netty.transport@4.1.97.Final/io.netty.channel.nio.NioEventLoop.select(NioEventLoop.java:879)
	at MC-BOOTSTRAP/io.netty.transport@4.1.97.Final/io.netty.channel.nio.NioEventLoop.run(NioEventLoop.java:526)
	at MC-BOOTSTRAP/io.netty.common@4.1.97.Final/io.netty.util.concurrent.SingleThreadEventExecutor$4.run(SingleThreadEventExecutor.java:997)
	at MC-BOOTSTRAP/io.netty.common@4.1.97.Final/io.netty.util.internal.ThreadExecutorMap$2.run(ThreadExecutorMap.java:74)
	at java.base@21.0.8/java.lang.Thread.runWith(Thread.java:1596)
	at java.base@21.0.8/java.lang.Thread.run(Thread.java:1583)


"Netty Server IO #19" daemon prio=8 Id=300 RUNNABLE (in native)
	at java.base@21.0.8/sun.nio.ch.WEPoll.wait(Native Method)
	at java.base@21.0.8/sun.nio.ch.WEPollSelectorImpl.doSelect(WEPollSelectorImpl.java:114)
	at java.base@21.0.8/sun.nio.ch.SelectorImpl.lockAndDoSelect(SelectorImpl.java:130)
	-  locked io.netty.channel.nio.SelectedSelectionKeySet@364456d9
	-  locked sun.nio.ch.WEPollSelectorImpl@5e4e2e73
	at java.base@21.0.8/sun.nio.ch.SelectorImpl.select(SelectorImpl.java:147)
	at MC-BOOTSTRAP/io.netty.transport@4.1.97.Final/io.netty.channel.nio.SelectedSelectionKeySetSelector.select(SelectedSelectionKeySetSelector.java:68)
	at MC-BOOTSTRAP/io.netty.transport@4.1.97.Final/io.netty.channel.nio.NioEventLoop.select(NioEventLoop.java:879)
	at MC-BOOTSTRAP/io.netty.transport@4.1.97.Final/io.netty.channel.nio.NioEventLoop.run(NioEventLoop.java:526)
	at MC-BOOTSTRAP/io.netty.common@4.1.97.Final/io.netty.util.concurrent.SingleThreadEventExecutor$4.run(SingleThreadEventExecutor.java:997)
	at MC-BOOTSTRAP/io.netty.common@4.1.97.Final/io.netty.util.internal.ThreadExecutorMap$2.run(ThreadExecutorMap.java:74)
	at java.base@21.0.8/java.lang.Thread.runWith(Thread.java:1596)
	at java.base@21.0.8/java.lang.Thread.run(Thread.java:1583)


"Netty Server IO #20" daemon prio=8 Id=301 RUNNABLE (in native)
	at java.base@21.0.8/sun.nio.ch.WEPoll.wait(Native Method)
	at java.base@21.0.8/sun.nio.ch.WEPollSelectorImpl.doSelect(WEPollSelectorImpl.java:114)
	at java.base@21.0.8/sun.nio.ch.SelectorImpl.lockAndDoSelect(SelectorImpl.java:130)
	-  locked io.netty.channel.nio.SelectedSelectionKeySet@7be021b4
	-  locked sun.nio.ch.WEPollSelectorImpl@457e88a3
	at java.base@21.0.8/sun.nio.ch.SelectorImpl.select(SelectorImpl.java:147)
	at MC-BOOTSTRAP/io.netty.transport@4.1.97.Final/io.netty.channel.nio.SelectedSelectionKeySetSelector.select(SelectedSelectionKeySetSelector.java:68)
	at MC-BOOTSTRAP/io.netty.transport@4.1.97.Final/io.netty.channel.nio.NioEventLoop.select(NioEventLoop.java:879)
	at MC-BOOTSTRAP/io.netty.transport@4.1.97.Final/io.netty.channel.nio.NioEventLoop.run(NioEventLoop.java:526)
	at MC-BOOTSTRAP/io.netty.common@4.1.97.Final/io.netty.util.concurrent.SingleThreadEventExecutor$4.run(SingleThreadEventExecutor.java:997)
	at MC-BOOTSTRAP/io.netty.common@4.1.97.Final/io.netty.util.internal.ThreadExecutorMap$2.run(ThreadExecutorMap.java:74)
	at java.base@21.0.8/java.lang.Thread.runWith(Thread.java:1596)
	at java.base@21.0.8/java.lang.Thread.run(Thread.java:1583)


"Netty Server IO #21" daemon prio=8 Id=302 RUNNABLE (in native)
	at java.base@21.0.8/sun.nio.ch.WEPoll.wait(Native Method)
	at java.base@21.0.8/sun.nio.ch.WEPollSelectorImpl.doSelect(WEPollSelectorImpl.java:114)
	at java.base@21.0.8/sun.nio.ch.SelectorImpl.lockAndDoSelect(SelectorImpl.java:130)
	-  locked io.netty.channel.nio.SelectedSelectionKeySet@5cef798c
	-  locked sun.nio.ch.WEPollSelectorImpl@2a8c33c8
	at java.base@21.0.8/sun.nio.ch.SelectorImpl.select(SelectorImpl.java:147)
	at MC-BOOTSTRAP/io.netty.transport@4.1.97.Final/io.netty.channel.nio.SelectedSelectionKeySetSelector.select(SelectedSelectionKeySetSelector.java:68)
	at MC-BOOTSTRAP/io.netty.transport@4.1.97.Final/io.netty.channel.nio.NioEventLoop.select(NioEventLoop.java:879)
	at MC-BOOTSTRAP/io.netty.transport@4.1.97.Final/io.netty.channel.nio.NioEventLoop.run(NioEventLoop.java:526)
	at MC-BOOTSTRAP/io.netty.common@4.1.97.Final/io.netty.util.concurrent.SingleThreadEventExecutor$4.run(SingleThreadEventExecutor.java:997)
	at MC-BOOTSTRAP/io.netty.common@4.1.97.Final/io.netty.util.internal.ThreadExecutorMap$2.run(ThreadExecutorMap.java:74)
	at java.base@21.0.8/java.lang.Thread.runWith(Thread.java:1596)
	at java.base@21.0.8/java.lang.Thread.run(Thread.java:1583)


"Netty Server IO #22" daemon prio=8 Id=303 RUNNABLE (in native)
	at java.base@21.0.8/sun.nio.ch.WEPoll.wait(Native Method)
	at java.base@21.0.8/sun.nio.ch.WEPollSelectorImpl.doSelect(WEPollSelectorImpl.java:114)
	at java.base@21.0.8/sun.nio.ch.SelectorImpl.lockAndDoSelect(SelectorImpl.java:130)
	-  locked io.netty.channel.nio.SelectedSelectionKeySet@2bb36c75
	-  locked sun.nio.ch.WEPollSelectorImpl@790cf9b
	at java.base@21.0.8/sun.nio.ch.SelectorImpl.select(SelectorImpl.java:147)
	at MC-BOOTSTRAP/io.netty.transport@4.1.97.Final/io.netty.channel.nio.SelectedSelectionKeySetSelector.select(SelectedSelectionKeySetSelector.java:68)
	at MC-BOOTSTRAP/io.netty.transport@4.1.97.Final/io.netty.channel.nio.NioEventLoop.select(NioEventLoop.java:879)
	at MC-BOOTSTRAP/io.netty.transport@4.1.97.Final/io.netty.channel.nio.NioEventLoop.run(NioEventLoop.java:526)
	at MC-BOOTSTRAP/io.netty.common@4.1.97.Final/io.netty.util.concurrent.SingleThreadEventExecutor$4.run(SingleThreadEventExecutor.java:997)
	at MC-BOOTSTRAP/io.netty.common@4.1.97.Final/io.netty.util.internal.ThreadExecutorMap$2.run(ThreadExecutorMap.java:74)
	at java.base@21.0.8/java.lang.Thread.runWith(Thread.java:1596)
	at java.base@21.0.8/java.lang.Thread.run(Thread.java:1583)


"Netty Server IO #23" daemon prio=8 Id=304 RUNNABLE (in native)
	at java.base@21.0.8/sun.nio.ch.WEPoll.wait(Native Method)
	at java.base@21.0.8/sun.nio.ch.WEPollSelectorImpl.doSelect(WEPollSelectorImpl.java:114)
	at java.base@21.0.8/sun.nio.ch.SelectorImpl.lockAndDoSelect(SelectorImpl.java:130)
	-  locked io.netty.channel.nio.SelectedSelectionKeySet@3f551544
	-  locked sun.nio.ch.WEPollSelectorImpl@280244ac
	at java.base@21.0.8/sun.nio.ch.SelectorImpl.select(SelectorImpl.java:147)
	at MC-BOOTSTRAP/io.netty.transport@4.1.97.Final/io.netty.channel.nio.SelectedSelectionKeySetSelector.select(SelectedSelectionKeySetSelector.java:68)
	at MC-BOOTSTRAP/io.netty.transport@4.1.97.Final/io.netty.channel.nio.NioEventLoop.select(NioEventLoop.java:879)
	at MC-BOOTSTRAP/io.netty.transport@4.1.97.Final/io.netty.channel.nio.NioEventLoop.run(NioEventLoop.java:526)
	at MC-BOOTSTRAP/io.netty.common@4.1.97.Final/io.netty.util.concurrent.SingleThreadEventExecutor$4.run(SingleThreadEventExecutor.java:997)
	at MC-BOOTSTRAP/io.netty.common@4.1.97.Final/io.netty.util.internal.ThreadExecutorMap$2.run(ThreadExecutorMap.java:74)
	at java.base@21.0.8/java.lang.Thread.runWith(Thread.java:1596)
	at java.base@21.0.8/java.lang.Thread.run(Thread.java:1583)


"Netty Server IO #24" daemon prio=8 Id=305 RUNNABLE (in native)
	at java.base@21.0.8/sun.nio.ch.WEPoll.wait(Native Method)
	at java.base@21.0.8/sun.nio.ch.WEPollSelectorImpl.doSelect(WEPollSelectorImpl.java:114)
	at java.base@21.0.8/sun.nio.ch.SelectorImpl.lockAndDoSelect(SelectorImpl.java:130)
	-  locked io.netty.channel.nio.SelectedSelectionKeySet@45426e9b
	-  locked sun.nio.ch.WEPollSelectorImpl@1908fa9f
	at java.base@21.0.8/sun.nio.ch.SelectorImpl.select(SelectorImpl.java:147)
	at MC-BOOTSTRAP/io.netty.transport@4.1.97.Final/io.netty.channel.nio.SelectedSelectionKeySetSelector.select(SelectedSelectionKeySetSelector.java:68)
	at MC-BOOTSTRAP/io.netty.transport@4.1.97.Final/io.netty.channel.nio.NioEventLoop.select(NioEventLoop.java:879)
	at MC-BOOTSTRAP/io.netty.transport@4.1.97.Final/io.netty.channel.nio.NioEventLoop.run(NioEventLoop.java:526)
	at MC-BOOTSTRAP/io.netty.common@4.1.97.Final/io.netty.util.concurrent.SingleThreadEventExecutor$4.run(SingleThreadEventExecutor.java:997)
	at MC-BOOTSTRAP/io.netty.common@4.1.97.Final/io.netty.util.internal.ThreadExecutorMap$2.run(ThreadExecutorMap.java:74)
	at java.base@21.0.8/java.lang.Thread.runWith(Thread.java:1596)
	at java.base@21.0.8/java.lang.Thread.run(Thread.java:1583)


"Netty Server IO #25" daemon prio=8 Id=306 RUNNABLE (in native)
	at java.base@21.0.8/sun.nio.ch.WEPoll.wait(Native Method)
	at java.base@21.0.8/sun.nio.ch.WEPollSelectorImpl.doSelect(WEPollSelectorImpl.java:114)
	at java.base@21.0.8/sun.nio.ch.SelectorImpl.lockAndDoSelect(SelectorImpl.java:130)
	-  locked io.netty.channel.nio.SelectedSelectionKeySet@62c65ca6
	-  locked sun.nio.ch.WEPollSelectorImpl@52d18805
	at java.base@21.0.8/sun.nio.ch.SelectorImpl.select(SelectorImpl.java:147)
	at MC-BOOTSTRAP/io.netty.transport@4.1.97.Final/io.netty.channel.nio.SelectedSelectionKeySetSelector.select(SelectedSelectionKeySetSelector.java:68)
	at MC-BOOTSTRAP/io.netty.transport@4.1.97.Final/io.netty.channel.nio.NioEventLoop.select(NioEventLoop.java:879)
	at MC-BOOTSTRAP/io.netty.transport@4.1.97.Final/io.netty.channel.nio.NioEventLoop.run(NioEventLoop.java:526)
	at MC-BOOTSTRAP/io.netty.common@4.1.97.Final/io.netty.util.concurrent.SingleThreadEventExecutor$4.run(SingleThreadEventExecutor.java:997)
	at MC-BOOTSTRAP/io.netty.common@4.1.97.Final/io.netty.util.internal.ThreadExecutorMap$2.run(ThreadExecutorMap.java:74)
	at java.base@21.0.8/java.lang.Thread.runWith(Thread.java:1596)
	at java.base@21.0.8/java.lang.Thread.run(Thread.java:1583)


"Netty Server IO #26" daemon prio=8 Id=307 RUNNABLE (in native)
	at java.base@21.0.8/sun.nio.ch.WEPoll.wait(Native Method)
	at java.base@21.0.8/sun.nio.ch.WEPollSelectorImpl.doSelect(WEPollSelectorImpl.java:114)
	at java.base@21.0.8/sun.nio.ch.SelectorImpl.lockAndDoSelect(SelectorImpl.java:130)
	-  locked io.netty.channel.nio.SelectedSelectionKeySet@5226544f
	-  locked sun.nio.ch.WEPollSelectorImpl@53bc79d3
	at java.base@21.0.8/sun.nio.ch.SelectorImpl.select(SelectorImpl.java:147)
	at MC-BOOTSTRAP/io.netty.transport@4.1.97.Final/io.netty.channel.nio.SelectedSelectionKeySetSelector.select(SelectedSelectionKeySetSelector.java:68)
	at MC-BOOTSTRAP/io.netty.transport@4.1.97.Final/io.netty.channel.nio.NioEventLoop.select(NioEventLoop.java:879)
	at MC-BOOTSTRAP/io.netty.transport@4.1.97.Final/io.netty.channel.nio.NioEventLoop.run(NioEventLoop.java:526)
	at MC-BOOTSTRAP/io.netty.common@4.1.97.Final/io.netty.util.concurrent.SingleThreadEventExecutor$4.run(SingleThreadEventExecutor.java:997)
	at MC-BOOTSTRAP/io.netty.common@4.1.97.Final/io.netty.util.internal.ThreadExecutorMap$2.run(ThreadExecutorMap.java:74)
	at java.base@21.0.8/java.lang.Thread.runWith(Thread.java:1596)
	at java.base@21.0.8/java.lang.Thread.run(Thread.java:1583)


"Netty Server IO #27" daemon prio=8 Id=308 RUNNABLE (in native)
	at java.base@21.0.8/sun.nio.ch.WEPoll.wait(Native Method)
	at java.base@21.0.8/sun.nio.ch.WEPollSelectorImpl.doSelect(WEPollSelectorImpl.java:114)
	at java.base@21.0.8/sun.nio.ch.SelectorImpl.lockAndDoSelect(SelectorImpl.java:130)
	-  locked io.netty.channel.nio.SelectedSelectionKeySet@45ce847a
	-  locked sun.nio.ch.WEPollSelectorImpl@6921602c
	at java.base@21.0.8/sun.nio.ch.SelectorImpl.select(SelectorImpl.java:147)
	at MC-BOOTSTRAP/io.netty.transport@4.1.97.Final/io.netty.channel.nio.SelectedSelectionKeySetSelector.select(SelectedSelectionKeySetSelector.java:68)
	at MC-BOOTSTRAP/io.netty.transport@4.1.97.Final/io.netty.channel.nio.NioEventLoop.select(NioEventLoop.java:879)
	at MC-BOOTSTRAP/io.netty.transport@4.1.97.Final/io.netty.channel.nio.NioEventLoop.run(NioEventLoop.java:526)
	at MC-BOOTSTRAP/io.netty.common@4.1.97.Final/io.netty.util.concurrent.SingleThreadEventExecutor$4.run(SingleThreadEventExecutor.java:997)
	at MC-BOOTSTRAP/io.netty.common@4.1.97.Final/io.netty.util.internal.ThreadExecutorMap$2.run(ThreadExecutorMap.java:74)
	at java.base@21.0.8/java.lang.Thread.runWith(Thread.java:1596)
	at java.base@21.0.8/java.lang.Thread.run(Thread.java:1583)


"Netty Server IO #28" daemon prio=8 Id=309 RUNNABLE (in native)
	at java.base@21.0.8/sun.nio.ch.WEPoll.wait(Native Method)
	at java.base@21.0.8/sun.nio.ch.WEPollSelectorImpl.doSelect(WEPollSelectorImpl.java:114)
	at java.base@21.0.8/sun.nio.ch.SelectorImpl.lockAndDoSelect(SelectorImpl.java:130)
	-  locked io.netty.channel.nio.SelectedSelectionKeySet@13ae1cee
	-  locked sun.nio.ch.WEPollSelectorImpl@3723b395
	at java.base@21.0.8/sun.nio.ch.SelectorImpl.select(SelectorImpl.java:147)
	at MC-BOOTSTRAP/io.netty.transport@4.1.97.Final/io.netty.channel.nio.SelectedSelectionKeySetSelector.select(SelectedSelectionKeySetSelector.java:68)
	at MC-BOOTSTRAP/io.netty.transport@4.1.97.Final/io.netty.channel.nio.NioEventLoop.select(NioEventLoop.java:879)
	at MC-BOOTSTRAP/io.netty.transport@4.1.97.Final/io.netty.channel.nio.NioEventLoop.run(NioEventLoop.java:526)
	at MC-BOOTSTRAP/io.netty.common@4.1.97.Final/io.netty.util.concurrent.SingleThreadEventExecutor$4.run(SingleThreadEventExecutor.java:997)
	at MC-BOOTSTRAP/io.netty.common@4.1.97.Final/io.netty.util.internal.ThreadExecutorMap$2.run(ThreadExecutorMap.java:74)
	at java.base@21.0.8/java.lang.Thread.runWith(Thread.java:1596)
	at java.base@21.0.8/java.lang.Thread.run(Thread.java:1583)


"Netty Server IO #29" daemon prio=8 Id=310 RUNNABLE (in native)
	at java.base@21.0.8/sun.nio.ch.WEPoll.wait(Native Method)
	at java.base@21.0.8/sun.nio.ch.WEPollSelectorImpl.doSelect(WEPollSelectorImpl.java:114)
	at java.base@21.0.8/sun.nio.ch.SelectorImpl.lockAndDoSelect(SelectorImpl.java:130)
	-  locked io.netty.channel.nio.SelectedSelectionKeySet@435d4151
	-  locked sun.nio.ch.WEPollSelectorImpl@696c94d4
	at java.base@21.0.8/sun.nio.ch.SelectorImpl.select(SelectorImpl.java:147)
	at MC-BOOTSTRAP/io.netty.transport@4.1.97.Final/io.netty.channel.nio.SelectedSelectionKeySetSelector.select(SelectedSelectionKeySetSelector.java:68)
	at MC-BOOTSTRAP/io.netty.transport@4.1.97.Final/io.netty.channel.nio.NioEventLoop.select(NioEventLoop.java:879)
	at MC-BOOTSTRAP/io.netty.transport@4.1.97.Final/io.netty.channel.nio.NioEventLoop.run(NioEventLoop.java:526)
	at MC-BOOTSTRAP/io.netty.common@4.1.97.Final/io.netty.util.concurrent.SingleThreadEventExecutor$4.run(SingleThreadEventExecutor.java:997)
	at MC-BOOTSTRAP/io.netty.common@4.1.97.Final/io.netty.util.internal.ThreadExecutorMap$2.run(ThreadExecutorMap.java:74)
	at java.base@21.0.8/java.lang.Thread.runWith(Thread.java:1596)
	at java.base@21.0.8/java.lang.Thread.run(Thread.java:1583)


"Netty Server IO #30" daemon prio=8 Id=311 RUNNABLE (in native)
	at java.base@21.0.8/sun.nio.ch.WEPoll.wait(Native Method)
	at java.base@21.0.8/sun.nio.ch.WEPollSelectorImpl.doSelect(WEPollSelectorImpl.java:114)
	at java.base@21.0.8/sun.nio.ch.SelectorImpl.lockAndDoSelect(SelectorImpl.java:130)
	-  locked io.netty.channel.nio.SelectedSelectionKeySet@2339e159
	-  locked sun.nio.ch.WEPollSelectorImpl@592e0acb
	at java.base@21.0.8/sun.nio.ch.SelectorImpl.select(SelectorImpl.java:147)
	at MC-BOOTSTRAP/io.netty.transport@4.1.97.Final/io.netty.channel.nio.SelectedSelectionKeySetSelector.select(SelectedSelectionKeySetSelector.java:68)
	at MC-BOOTSTRAP/io.netty.transport@4.1.97.Final/io.netty.channel.nio.NioEventLoop.select(NioEventLoop.java:879)
	at MC-BOOTSTRAP/io.netty.transport@4.1.97.Final/io.netty.channel.nio.NioEventLoop.run(NioEventLoop.java:526)
	at MC-BOOTSTRAP/io.netty.common@4.1.97.Final/io.netty.util.concurrent.SingleThreadEventExecutor$4.run(SingleThreadEventExecutor.java:997)
	at MC-BOOTSTRAP/io.netty.common@4.1.97.Final/io.netty.util.internal.ThreadExecutorMap$2.run(ThreadExecutorMap.java:74)
	at java.base@21.0.8/java.lang.Thread.runWith(Thread.java:1596)
	at java.base@21.0.8/java.lang.Thread.run(Thread.java:1583)


"Netty Server IO #31" daemon prio=8 Id=312 RUNNABLE (in native)
	at java.base@21.0.8/sun.nio.ch.WEPoll.wait(Native Method)
	at java.base@21.0.8/sun.nio.ch.WEPollSelectorImpl.doSelect(WEPollSelectorImpl.java:114)
	at java.base@21.0.8/sun.nio.ch.SelectorImpl.lockAndDoSelect(SelectorImpl.java:130)
	-  locked io.netty.channel.nio.SelectedSelectionKeySet@12654c10
	-  locked sun.nio.ch.WEPollSelectorImpl@3b6c21c2
	at java.base@21.0.8/sun.nio.ch.SelectorImpl.select(SelectorImpl.java:147)
	at MC-BOOTSTRAP/io.netty.transport@4.1.97.Final/io.netty.channel.nio.SelectedSelectionKeySetSelector.select(SelectedSelectionKeySetSelector.java:68)
	at MC-BOOTSTRAP/io.netty.transport@4.1.97.Final/io.netty.channel.nio.NioEventLoop.select(NioEventLoop.java:879)
	at MC-BOOTSTRAP/io.netty.transport@4.1.97.Final/io.netty.channel.nio.NioEventLoop.run(NioEventLoop.java:526)
	at MC-BOOTSTRAP/io.netty.common@4.1.97.Final/io.netty.util.concurrent.SingleThreadEventExecutor$4.run(SingleThreadEventExecutor.java:997)
	at MC-BOOTSTRAP/io.netty.common@4.1.97.Final/io.netty.util.internal.ThreadExecutorMap$2.run(ThreadExecutorMap.java:74)
	at java.base@21.0.8/java.lang.Thread.runWith(Thread.java:1596)
	at java.base@21.0.8/java.lang.Thread.run(Thread.java:1583)


"Netty Server IO #32" daemon prio=8 Id=313 RUNNABLE (in native)
	at java.base@21.0.8/sun.nio.ch.WEPoll.wait(Native Method)
	at java.base@21.0.8/sun.nio.ch.WEPollSelectorImpl.doSelect(WEPollSelectorImpl.java:114)
	at java.base@21.0.8/sun.nio.ch.SelectorImpl.lockAndDoSelect(SelectorImpl.java:130)
	-  locked io.netty.channel.nio.SelectedSelectionKeySet@71cf6bde
	-  locked sun.nio.ch.WEPollSelectorImpl@11798221
	at java.base@21.0.8/sun.nio.ch.SelectorImpl.select(SelectorImpl.java:147)
	at MC-BOOTSTRAP/io.netty.transport@4.1.97.Final/io.netty.channel.nio.SelectedSelectionKeySetSelector.select(SelectedSelectionKeySetSelector.java:68)
	at MC-BOOTSTRAP/io.netty.transport@4.1.97.Final/io.netty.channel.nio.NioEventLoop.select(NioEventLoop.java:879)
	at MC-BOOTSTRAP/io.netty.transport@4.1.97.Final/io.netty.channel.nio.NioEventLoop.run(NioEventLoop.java:526)
	at MC-BOOTSTRAP/io.netty.common@4.1.97.Final/io.netty.util.concurrent.SingleThreadEventExecutor$4.run(SingleThreadEventExecutor.java:997)
	at MC-BOOTSTRAP/io.netty.common@4.1.97.Final/io.netty.util.internal.ThreadExecutorMap$2.run(ThreadExecutorMap.java:74)
	at java.base@21.0.8/java.lang.Thread.runWith(Thread.java:1596)
	at java.base@21.0.8/java.lang.Thread.run(Thread.java:1583)


"Netty Server IO #33" daemon prio=8 Id=314 RUNNABLE (in native)
	at java.base@21.0.8/sun.nio.ch.WEPoll.wait(Native Method)
	at java.base@21.0.8/sun.nio.ch.WEPollSelectorImpl.doSelect(WEPollSelectorImpl.java:114)
	at java.base@21.0.8/sun.nio.ch.SelectorImpl.lockAndDoSelect(SelectorImpl.java:130)
	-  locked io.netty.channel.nio.SelectedSelectionKeySet@5831eb7f
	-  locked sun.nio.ch.WEPollSelectorImpl@1cbe6eee
	at java.base@21.0.8/sun.nio.ch.SelectorImpl.select(SelectorImpl.java:147)
	at MC-BOOTSTRAP/io.netty.transport@4.1.97.Final/io.netty.channel.nio.SelectedSelectionKeySetSelector.select(SelectedSelectionKeySetSelector.java:68)
	at MC-BOOTSTRAP/io.netty.transport@4.1.97.Final/io.netty.channel.nio.NioEventLoop.select(NioEventLoop.java:879)
	at MC-BOOTSTRAP/io.netty.transport@4.1.97.Final/io.netty.channel.nio.NioEventLoop.run(NioEventLoop.java:526)
	at MC-BOOTSTRAP/io.netty.common@4.1.97.Final/io.netty.util.concurrent.SingleThreadEventExecutor$4.run(SingleThreadEventExecutor.java:997)
	at MC-BOOTSTRAP/io.netty.common@4.1.97.Final/io.netty.util.internal.ThreadExecutorMap$2.run(ThreadExecutorMap.java:74)
	at java.base@21.0.8/java.lang.Thread.runWith(Thread.java:1596)
	at java.base@21.0.8/java.lang.Thread.run(Thread.java:1583)


"Netty Server IO #34" daemon prio=8 Id=315 RUNNABLE (in native)
	at java.base@21.0.8/sun.nio.ch.WEPoll.wait(Native Method)
	at java.base@21.0.8/sun.nio.ch.WEPollSelectorImpl.doSelect(WEPollSelectorImpl.java:114)
	at java.base@21.0.8/sun.nio.ch.SelectorImpl.lockAndDoSelect(SelectorImpl.java:130)
	-  locked io.netty.channel.nio.SelectedSelectionKeySet@346efa09
	-  locked sun.nio.ch.WEPollSelectorImpl@35ef57e0
	at java.base@21.0.8/sun.nio.ch.SelectorImpl.select(SelectorImpl.java:147)
	at MC-BOOTSTRAP/io.netty.transport@4.1.97.Final/io.netty.channel.nio.SelectedSelectionKeySetSelector.select(SelectedSelectionKeySetSelector.java:68)
	at MC-BOOTSTRAP/io.netty.transport@4.1.97.Final/io.netty.channel.nio.NioEventLoop.select(NioEventLoop.java:879)
	at MC-BOOTSTRAP/io.netty.transport@4.1.97.Final/io.netty.channel.nio.NioEventLoop.run(NioEventLoop.java:526)
	at MC-BOOTSTRAP/io.netty.common@4.1.97.Final/io.netty.util.concurrent.SingleThreadEventExecutor$4.run(SingleThreadEventExecutor.java:997)
	at MC-BOOTSTRAP/io.netty.common@4.1.97.Final/io.netty.util.internal.ThreadExecutorMap$2.run(ThreadExecutorMap.java:74)
	at java.base@21.0.8/java.lang.Thread.runWith(Thread.java:1596)
	at java.base@21.0.8/java.lang.Thread.run(Thread.java:1583)


"Netty Server IO #35" daemon prio=8 Id=316 RUNNABLE (in native)
	at java.base@21.0.8/sun.nio.ch.WEPoll.wait(Native Method)
	at java.base@21.0.8/sun.nio.ch.WEPollSelectorImpl.doSelect(WEPollSelectorImpl.java:114)
	at java.base@21.0.8/sun.nio.ch.SelectorImpl.lockAndDoSelect(SelectorImpl.java:130)
	-  locked io.netty.channel.nio.SelectedSelectionKeySet@c533558
	-  locked sun.nio.ch.WEPollSelectorImpl@6fd712ae
	at java.base@21.0.8/sun.nio.ch.SelectorImpl.select(SelectorImpl.java:147)
	at MC-BOOTSTRAP/io.netty.transport@4.1.97.Final/io.netty.channel.nio.SelectedSelectionKeySetSelector.select(SelectedSelectionKeySetSelector.java:68)
	at MC-BOOTSTRAP/io.netty.transport@4.1.97.Final/io.netty.channel.nio.NioEventLoop.select(NioEventLoop.java:879)
	at MC-BOOTSTRAP/io.netty.transport@4.1.97.Final/io.netty.channel.nio.NioEventLoop.run(NioEventLoop.java:526)
	at MC-BOOTSTRAP/io.netty.common@4.1.97.Final/io.netty.util.concurrent.SingleThreadEventExecutor$4.run(SingleThreadEventExecutor.java:997)
	at MC-BOOTSTRAP/io.netty.common@4.1.97.Final/io.netty.util.internal.ThreadExecutorMap$2.run(ThreadExecutorMap.java:74)
	at java.base@21.0.8/java.lang.Thread.runWith(Thread.java:1596)
	at java.base@21.0.8/java.lang.Thread.run(Thread.java:1583)


"Netty Server IO #36" daemon prio=8 Id=317 RUNNABLE (in native)
	at java.base@21.0.8/sun.nio.ch.WEPoll.wait(Native Method)
	at java.base@21.0.8/sun.nio.ch.WEPollSelectorImpl.doSelect(WEPollSelectorImpl.java:114)
	at java.base@21.0.8/sun.nio.ch.SelectorImpl.lockAndDoSelect(SelectorImpl.java:130)
	-  locked io.netty.channel.nio.SelectedSelectionKeySet@6483e97
	-  locked sun.nio.ch.WEPollSelectorImpl@32e2edff
	at java.base@21.0.8/sun.nio.ch.SelectorImpl.select(SelectorImpl.java:147)
	at MC-BOOTSTRAP/io.netty.transport@4.1.97.Final/io.netty.channel.nio.SelectedSelectionKeySetSelector.select(SelectedSelectionKeySetSelector.java:68)
	at MC-BOOTSTRAP/io.netty.transport@4.1.97.Final/io.netty.channel.nio.NioEventLoop.select(NioEventLoop.java:879)
	at MC-BOOTSTRAP/io.netty.transport@4.1.97.Final/io.netty.channel.nio.NioEventLoop.run(NioEventLoop.java:526)
	at MC-BOOTSTRAP/io.netty.common@4.1.97.Final/io.netty.util.concurrent.SingleThreadEventExecutor$4.run(SingleThreadEventExecutor.java:997)
	at MC-BOOTSTRAP/io.netty.common@4.1.97.Final/io.netty.util.internal.ThreadExecutorMap$2.run(ThreadExecutorMap.java:74)
	at java.base@21.0.8/java.lang.Thread.runWith(Thread.java:1596)
	at java.base@21.0.8/java.lang.Thread.run(Thread.java:1583)


"Netty Server IO #37" daemon prio=8 Id=318 RUNNABLE (in native)
	at java.base@21.0.8/sun.nio.ch.WEPoll.wait(Native Method)
	at java.base@21.0.8/sun.nio.ch.WEPollSelectorImpl.doSelect(WEPollSelectorImpl.java:114)
	at java.base@21.0.8/sun.nio.ch.SelectorImpl.lockAndDoSelect(SelectorImpl.java:130)
	-  locked io.netty.channel.nio.SelectedSelectionKeySet@51f55732
	-  locked sun.nio.ch.WEPollSelectorImpl@5d442c53
	at java.base@21.0.8/sun.nio.ch.SelectorImpl.select(SelectorImpl.java:147)
	at MC-BOOTSTRAP/io.netty.transport@4.1.97.Final/io.netty.channel.nio.SelectedSelectionKeySetSelector.select(SelectedSelectionKeySetSelector.java:68)
	at MC-BOOTSTRAP/io.netty.transport@4.1.97.Final/io.netty.channel.nio.NioEventLoop.select(NioEventLoop.java:879)
	at MC-BOOTSTRAP/io.netty.transport@4.1.97.Final/io.netty.channel.nio.NioEventLoop.run(NioEventLoop.java:526)
	at MC-BOOTSTRAP/io.netty.common@4.1.97.Final/io.netty.util.concurrent.SingleThreadEventExecutor$4.run(SingleThreadEventExecutor.java:997)
	at MC-BOOTSTRAP/io.netty.common@4.1.97.Final/io.netty.util.internal.ThreadExecutorMap$2.run(ThreadExecutorMap.java:74)
	at java.base@21.0.8/java.lang.Thread.runWith(Thread.java:1596)
	at java.base@21.0.8/java.lang.Thread.run(Thread.java:1583)


"Netty Server IO #38" daemon prio=8 Id=319 RUNNABLE (in native)
	at java.base@21.0.8/sun.nio.ch.WEPoll.wait(Native Method)
	at java.base@21.0.8/sun.nio.ch.WEPollSelectorImpl.doSelect(WEPollSelectorImpl.java:114)
	at java.base@21.0.8/sun.nio.ch.SelectorImpl.lockAndDoSelect(SelectorImpl.java:130)
	-  locked io.netty.channel.nio.SelectedSelectionKeySet@120851b7
	-  locked sun.nio.ch.WEPollSelectorImpl@12db304c
	at java.base@21.0.8/sun.nio.ch.SelectorImpl.select(SelectorImpl.java:147)
	at MC-BOOTSTRAP/io.netty.transport@4.1.97.Final/io.netty.channel.nio.SelectedSelectionKeySetSelector.select(SelectedSelectionKeySetSelector.java:68)
	at MC-BOOTSTRAP/io.netty.transport@4.1.97.Final/io.netty.channel.nio.NioEventLoop.select(NioEventLoop.java:879)
	at MC-BOOTSTRAP/io.netty.transport@4.1.97.Final/io.netty.channel.nio.NioEventLoop.run(NioEventLoop.java:526)
	at MC-BOOTSTRAP/io.netty.common@4.1.97.Final/io.netty.util.concurrent.SingleThreadEventExecutor$4.run(SingleThreadEventExecutor.java:997)
	at MC-BOOTSTRAP/io.netty.common@4.1.97.Final/io.netty.util.internal.ThreadExecutorMap$2.run(ThreadExecutorMap.java:74)
	at java.base@21.0.8/java.lang.Thread.runWith(Thread.java:1596)
	at java.base@21.0.8/java.lang.Thread.run(Thread.java:1583)


"Netty Server IO #39" daemon prio=8 Id=320 RUNNABLE (in native)
	at java.base@21.0.8/sun.nio.ch.WEPoll.wait(Native Method)
	at java.base@21.0.8/sun.nio.ch.WEPollSelectorImpl.doSelect(WEPollSelectorImpl.java:114)
	at java.base@21.0.8/sun.nio.ch.SelectorImpl.lockAndDoSelect(SelectorImpl.java:130)
	-  locked io.netty.channel.nio.SelectedSelectionKeySet@7645f5b
	-  locked sun.nio.ch.WEPollSelectorImpl@45ce12db
	at java.base@21.0.8/sun.nio.ch.SelectorImpl.select(SelectorImpl.java:147)
	at MC-BOOTSTRAP/io.netty.transport@4.1.97.Final/io.netty.channel.nio.SelectedSelectionKeySetSelector.select(SelectedSelectionKeySetSelector.java:68)
	at MC-BOOTSTRAP/io.netty.transport@4.1.97.Final/io.netty.channel.nio.NioEventLoop.select(NioEventLoop.java:879)
	at MC-BOOTSTRAP/io.netty.transport@4.1.97.Final/io.netty.channel.nio.NioEventLoop.run(NioEventLoop.java:526)
	at MC-BOOTSTRAP/io.netty.common@4.1.97.Final/io.netty.util.concurrent.SingleThreadEventExecutor$4.run(SingleThreadEventExecutor.java:997)
	at MC-BOOTSTRAP/io.netty.common@4.1.97.Final/io.netty.util.internal.ThreadExecutorMap$2.run(ThreadExecutorMap.java:74)
	at java.base@21.0.8/java.lang.Thread.runWith(Thread.java:1596)
	at java.base@21.0.8/java.lang.Thread.run(Thread.java:1583)


"Netty Server IO #40" daemon prio=8 Id=321 RUNNABLE (in native)
	at java.base@21.0.8/sun.nio.ch.WEPoll.wait(Native Method)
	at java.base@21.0.8/sun.nio.ch.WEPollSelectorImpl.doSelect(WEPollSelectorImpl.java:114)
	at java.base@21.0.8/sun.nio.ch.SelectorImpl.lockAndDoSelect(SelectorImpl.java:130)
	-  locked io.netty.channel.nio.SelectedSelectionKeySet@401f75a6
	-  locked sun.nio.ch.WEPollSelectorImpl@60e68288
	at java.base@21.0.8/sun.nio.ch.SelectorImpl.select(SelectorImpl.java:147)
	at MC-BOOTSTRAP/io.netty.transport@4.1.97.Final/io.netty.channel.nio.SelectedSelectionKeySetSelector.select(SelectedSelectionKeySetSelector.java:68)
	at MC-BOOTSTRAP/io.netty.transport@4.1.97.Final/io.netty.channel.nio.NioEventLoop.select(NioEventLoop.java:879)
	at MC-BOOTSTRAP/io.netty.transport@4.1.97.Final/io.netty.channel.nio.NioEventLoop.run(NioEventLoop.java:526)
	at MC-BOOTSTRAP/io.netty.common@4.1.97.Final/io.netty.util.concurrent.SingleThreadEventExecutor$4.run(SingleThreadEventExecutor.java:997)
	at MC-BOOTSTRAP/io.netty.common@4.1.97.Final/io.netty.util.internal.ThreadExecutorMap$2.run(ThreadExecutorMap.java:74)
	at java.base@21.0.8/java.lang.Thread.runWith(Thread.java:1596)
	at java.base@21.0.8/java.lang.Thread.run(Thread.java:1583)


"Netty Server IO #41" daemon prio=8 Id=322 RUNNABLE (in native)
	at java.base@21.0.8/sun.nio.ch.WEPoll.wait(Native Method)
	at java.base@21.0.8/sun.nio.ch.WEPollSelectorImpl.doSelect(WEPollSelectorImpl.java:114)
	at java.base@21.0.8/sun.nio.ch.SelectorImpl.lockAndDoSelect(SelectorImpl.java:130)
	-  locked io.netty.channel.nio.SelectedSelectionKeySet@3ba8f650
	-  locked sun.nio.ch.WEPollSelectorImpl@1c3c0c73
	at java.base@21.0.8/sun.nio.ch.SelectorImpl.select(SelectorImpl.java:147)
	at MC-BOOTSTRAP/io.netty.transport@4.1.97.Final/io.netty.channel.nio.SelectedSelectionKeySetSelector.select(SelectedSelectionKeySetSelector.java:68)
	at MC-BOOTSTRAP/io.netty.transport@4.1.97.Final/io.netty.channel.nio.NioEventLoop.select(NioEventLoop.java:879)
	at MC-BOOTSTRAP/io.netty.transport@4.1.97.Final/io.netty.channel.nio.NioEventLoop.run(NioEventLoop.java:526)
	at MC-BOOTSTRAP/io.netty.common@4.1.97.Final/io.netty.util.concurrent.SingleThreadEventExecutor$4.run(SingleThreadEventExecutor.java:997)
	at MC-BOOTSTRAP/io.netty.common@4.1.97.Final/io.netty.util.internal.ThreadExecutorMap$2.run(ThreadExecutorMap.java:74)
	at java.base@21.0.8/java.lang.Thread.runWith(Thread.java:1596)
	at java.base@21.0.8/java.lang.Thread.run(Thread.java:1583)


"Netty Server IO #42" daemon prio=8 Id=323 RUNNABLE (in native)
	at java.base@21.0.8/sun.nio.ch.WEPoll.wait(Native Method)
	at java.base@21.0.8/sun.nio.ch.WEPollSelectorImpl.doSelect(WEPollSelectorImpl.java:114)
	at java.base@21.0.8/sun.nio.ch.SelectorImpl.lockAndDoSelect(SelectorImpl.java:130)
	-  locked io.netty.channel.nio.SelectedSelectionKeySet@6b7d8d7b
	-  locked sun.nio.ch.WEPollSelectorImpl@57ae06e8
	at java.base@21.0.8/sun.nio.ch.SelectorImpl.select(SelectorImpl.java:147)
	at MC-BOOTSTRAP/io.netty.transport@4.1.97.Final/io.netty.channel.nio.SelectedSelectionKeySetSelector.select(SelectedSelectionKeySetSelector.java:68)
	at MC-BOOTSTRAP/io.netty.transport@4.1.97.Final/io.netty.channel.nio.NioEventLoop.select(NioEventLoop.java:879)
	at MC-BOOTSTRAP/io.netty.transport@4.1.97.Final/io.netty.channel.nio.NioEventLoop.run(NioEventLoop.java:526)
	at MC-BOOTSTRAP/io.netty.common@4.1.97.Final/io.netty.util.concurrent.SingleThreadEventExecutor$4.run(SingleThreadEventExecutor.java:997)
	at MC-BOOTSTRAP/io.netty.common@4.1.97.Final/io.netty.util.internal.ThreadExecutorMap$2.run(ThreadExecutorMap.java:74)
	at java.base@21.0.8/java.lang.Thread.runWith(Thread.java:1596)
	at java.base@21.0.8/java.lang.Thread.run(Thread.java:1583)


"Netty Server IO #43" daemon prio=8 Id=324 RUNNABLE (in native)
	at java.base@21.0.8/sun.nio.ch.WEPoll.wait(Native Method)
	at java.base@21.0.8/sun.nio.ch.WEPollSelectorImpl.doSelect(WEPollSelectorImpl.java:114)
	at java.base@21.0.8/sun.nio.ch.SelectorImpl.lockAndDoSelect(SelectorImpl.java:130)
	-  locked io.netty.channel.nio.SelectedSelectionKeySet@4e4689c8
	-  locked sun.nio.ch.WEPollSelectorImpl@62c38e0c
	at java.base@21.0.8/sun.nio.ch.SelectorImpl.select(SelectorImpl.java:147)
	at MC-BOOTSTRAP/io.netty.transport@4.1.97.Final/io.netty.channel.nio.SelectedSelectionKeySetSelector.select(SelectedSelectionKeySetSelector.java:68)
	at MC-BOOTSTRAP/io.netty.transport@4.1.97.Final/io.netty.channel.nio.NioEventLoop.select(NioEventLoop.java:879)
	at MC-BOOTSTRAP/io.netty.transport@4.1.97.Final/io.netty.channel.nio.NioEventLoop.run(NioEventLoop.java:526)
	at MC-BOOTSTRAP/io.netty.common@4.1.97.Final/io.netty.util.concurrent.SingleThreadEventExecutor$4.run(SingleThreadEventExecutor.java:997)
	at MC-BOOTSTRAP/io.netty.common@4.1.97.Final/io.netty.util.internal.ThreadExecutorMap$2.run(ThreadExecutorMap.java:74)
	at java.base@21.0.8/java.lang.Thread.runWith(Thread.java:1596)
	at java.base@21.0.8/java.lang.Thread.run(Thread.java:1583)


"Netty Server IO #44" daemon prio=8 Id=325 RUNNABLE (in native)
	at java.base@21.0.8/sun.nio.ch.WEPoll.wait(Native Method)
	at java.base@21.0.8/sun.nio.ch.WEPollSelectorImpl.doSelect(WEPollSelectorImpl.java:114)
	at java.base@21.0.8/sun.nio.ch.SelectorImpl.lockAndDoSelect(SelectorImpl.java:130)
	-  locked io.netty.channel.nio.SelectedSelectionKeySet@754f77e3
	-  locked sun.nio.ch.WEPollSelectorImpl@36e5a21e
	at java.base@21.0.8/sun.nio.ch.SelectorImpl.select(SelectorImpl.java:147)
	at MC-BOOTSTRAP/io.netty.transport@4.1.97.Final/io.netty.channel.nio.SelectedSelectionKeySetSelector.select(SelectedSelectionKeySetSelector.java:68)
	at MC-BOOTSTRAP/io.netty.transport@4.1.97.Final/io.netty.channel.nio.NioEventLoop.select(NioEventLoop.java:879)
	at MC-BOOTSTRAP/io.netty.transport@4.1.97.Final/io.netty.channel.nio.NioEventLoop.run(NioEventLoop.java:526)
	at MC-BOOTSTRAP/io.netty.common@4.1.97.Final/io.netty.util.concurrent.SingleThreadEventExecutor$4.run(SingleThreadEventExecutor.java:997)
	at MC-BOOTSTRAP/io.netty.common@4.1.97.Final/io.netty.util.internal.ThreadExecutorMap$2.run(ThreadExecutorMap.java:74)
	at java.base@21.0.8/java.lang.Thread.runWith(Thread.java:1596)
	at java.base@21.0.8/java.lang.Thread.run(Thread.java:1583)


"Netty Server IO #45" daemon prio=8 Id=326 RUNNABLE (in native)
	at java.base@21.0.8/sun.nio.ch.WEPoll.wait(Native Method)
	at java.base@21.0.8/sun.nio.ch.WEPollSelectorImpl.doSelect(WEPollSelectorImpl.java:114)
	at java.base@21.0.8/sun.nio.ch.SelectorImpl.lockAndDoSelect(SelectorImpl.java:130)
	-  locked io.netty.channel.nio.SelectedSelectionKeySet@9a9056c
	-  locked sun.nio.ch.WEPollSelectorImpl@4a466f25
	at java.base@21.0.8/sun.nio.ch.SelectorImpl.select(SelectorImpl.java:147)
	at MC-BOOTSTRAP/io.netty.transport@4.1.97.Final/io.netty.channel.nio.SelectedSelectionKeySetSelector.select(SelectedSelectionKeySetSelector.java:68)
	at MC-BOOTSTRAP/io.netty.transport@4.1.97.Final/io.netty.channel.nio.NioEventLoop.select(NioEventLoop.java:879)
	at MC-BOOTSTRAP/io.netty.transport@4.1.97.Final/io.netty.channel.nio.NioEventLoop.run(NioEventLoop.java:526)
	at MC-BOOTSTRAP/io.netty.common@4.1.97.Final/io.netty.util.concurrent.SingleThreadEventExecutor$4.run(SingleThreadEventExecutor.java:997)
	at MC-BOOTSTRAP/io.netty.common@4.1.97.Final/io.netty.util.internal.ThreadExecutorMap$2.run(ThreadExecutorMap.java:74)
	at java.base@21.0.8/java.lang.Thread.runWith(Thread.java:1596)
	at java.base@21.0.8/java.lang.Thread.run(Thread.java:1583)


"Netty Server IO #46" daemon prio=8 Id=327 RUNNABLE (in native)
	at java.base@21.0.8/sun.nio.ch.WEPoll.wait(Native Method)
	at java.base@21.0.8/sun.nio.ch.WEPollSelectorImpl.doSelect(WEPollSelectorImpl.java:114)
	at java.base@21.0.8/sun.nio.ch.SelectorImpl.lockAndDoSelect(SelectorImpl.java:130)
	-  locked io.netty.channel.nio.SelectedSelectionKeySet@eb84777
	-  locked sun.nio.ch.WEPollSelectorImpl@6d78a9c3
	at java.base@21.0.8/sun.nio.ch.SelectorImpl.select(SelectorImpl.java:147)
	at MC-BOOTSTRAP/io.netty.transport@4.1.97.Final/io.netty.channel.nio.SelectedSelectionKeySetSelector.select(SelectedSelectionKeySetSelector.java:68)
	at MC-BOOTSTRAP/io.netty.transport@4.1.97.Final/io.netty.channel.nio.NioEventLoop.select(NioEventLoop.java:879)
	at MC-BOOTSTRAP/io.netty.transport@4.1.97.Final/io.netty.channel.nio.NioEventLoop.run(NioEventLoop.java:526)
	at MC-BOOTSTRAP/io.netty.common@4.1.97.Final/io.netty.util.concurrent.SingleThreadEventExecutor$4.run(SingleThreadEventExecutor.java:997)
	at MC-BOOTSTRAP/io.netty.common@4.1.97.Final/io.netty.util.internal.ThreadExecutorMap$2.run(ThreadExecutorMap.java:74)
	at java.base@21.0.8/java.lang.Thread.runWith(Thread.java:1596)
	at java.base@21.0.8/java.lang.Thread.run(Thread.java:1583)


"Netty Server IO #47" daemon prio=8 Id=328 RUNNABLE (in native)
	at java.base@21.0.8/sun.nio.ch.WEPoll.wait(Native Method)
	at java.base@21.0.8/sun.nio.ch.WEPollSelectorImpl.doSelect(WEPollSelectorImpl.java:114)
	at java.base@21.0.8/sun.nio.ch.SelectorImpl.lockAndDoSelect(SelectorImpl.java:130)
	-  locked io.netty.channel.nio.SelectedSelectionKeySet@74ca87a1
	-  locked sun.nio.ch.WEPollSelectorImpl@1335f98e
	at java.base@21.0.8/sun.nio.ch.SelectorImpl.select(SelectorImpl.java:147)
	at MC-BOOTSTRAP/io.netty.transport@4.1.97.Final/io.netty.channel.nio.SelectedSelectionKeySetSelector.select(SelectedSelectionKeySetSelector.java:68)
	at MC-BOOTSTRAP/io.netty.transport@4.1.97.Final/io.netty.channel.nio.NioEventLoop.select(NioEventLoop.java:879)
	at MC-BOOTSTRAP/io.netty.transport@4.1.97.Final/io.netty.channel.nio.NioEventLoop.run(NioEventLoop.java:526)
	at MC-BOOTSTRAP/io.netty.common@4.1.97.Final/io.netty.util.concurrent.SingleThreadEventExecutor$4.run(SingleThreadEventExecutor.java:997)
	at MC-BOOTSTRAP/io.netty.common@4.1.97.Final/io.netty.util.internal.ThreadExecutorMap$2.run(ThreadExecutorMap.java:74)
	at java.base@21.0.8/java.lang.Thread.runWith(Thread.java:1596)
	at java.base@21.0.8/java.lang.Thread.run(Thread.java:1583)


"Netty Server IO #48" daemon prio=8 Id=329 RUNNABLE (in native)
	at java.base@21.0.8/sun.nio.ch.WEPoll.wait(Native Method)
	at java.base@21.0.8/sun.nio.ch.WEPollSelectorImpl.doSelect(WEPollSelectorImpl.java:114)
	at java.base@21.0.8/sun.nio.ch.SelectorImpl.lockAndDoSelect(SelectorImpl.java:130)
	-  locked io.netty.channel.nio.SelectedSelectionKeySet@7ab416b4
	-  locked sun.nio.ch.WEPollSelectorImpl@8db4ca4
	at java.base@21.0.8/sun.nio.ch.SelectorImpl.select(SelectorImpl.java:147)
	at MC-BOOTSTRAP/io.netty.transport@4.1.97.Final/io.netty.channel.nio.SelectedSelectionKeySetSelector.select(SelectedSelectionKeySetSelector.java:68)
	at MC-BOOTSTRAP/io.netty.transport@4.1.97.Final/io.netty.channel.nio.NioEventLoop.select(NioEventLoop.java:879)
	at MC-BOOTSTRAP/io.netty.transport@4.1.97.Final/io.netty.channel.nio.NioEventLoop.run(NioEventLoop.java:526)
	at MC-BOOTSTRAP/io.netty.common@4.1.97.Final/io.netty.util.concurrent.SingleThreadEventExecutor$4.run(SingleThreadEventExecutor.java:997)
	at MC-BOOTSTRAP/io.netty.common@4.1.97.Final/io.netty.util.internal.ThreadExecutorMap$2.run(ThreadExecutorMap.java:74)
	at java.base@21.0.8/java.lang.Thread.runWith(Thread.java:1596)
	at java.base@21.0.8/java.lang.Thread.run(Thread.java:1583)


"Netty Server IO #49" daemon prio=8 Id=330 RUNNABLE (in native)
	at java.base@21.0.8/sun.nio.ch.WEPoll.wait(Native Method)
	at java.base@21.0.8/sun.nio.ch.WEPollSelectorImpl.doSelect(WEPollSelectorImpl.java:114)
	at java.base@21.0.8/sun.nio.ch.SelectorImpl.lockAndDoSelect(SelectorImpl.java:130)
	-  locked io.netty.channel.nio.SelectedSelectionKeySet@3b77eeeb
	-  locked sun.nio.ch.WEPollSelectorImpl@711d25dd
	at java.base@21.0.8/sun.nio.ch.SelectorImpl.select(SelectorImpl.java:147)
	at MC-BOOTSTRAP/io.netty.transport@4.1.97.Final/io.netty.channel.nio.SelectedSelectionKeySetSelector.select(SelectedSelectionKeySetSelector.java:68)
	at MC-BOOTSTRAP/io.netty.transport@4.1.97.Final/io.netty.channel.nio.NioEventLoop.select(NioEventLoop.java:879)
	at MC-BOOTSTRAP/io.netty.transport@4.1.97.Final/io.netty.channel.nio.NioEventLoop.run(NioEventLoop.java:526)
	at MC-BOOTSTRAP/io.netty.common@4.1.97.Final/io.netty.util.concurrent.SingleThreadEventExecutor$4.run(SingleThreadEventExecutor.java:997)
	at MC-BOOTSTRAP/io.netty.common@4.1.97.Final/io.netty.util.internal.ThreadExecutorMap$2.run(ThreadExecutorMap.java:74)
	at java.base@21.0.8/java.lang.Thread.runWith(Thread.java:1596)
	at java.base@21.0.8/java.lang.Thread.run(Thread.java:1583)


"Netty Server IO #50" daemon prio=8 Id=331 RUNNABLE (in native)
	at java.base@21.0.8/sun.nio.ch.WEPoll.wait(Native Method)
	at java.base@21.0.8/sun.nio.ch.WEPollSelectorImpl.doSelect(WEPollSelectorImpl.java:114)
	at java.base@21.0.8/sun.nio.ch.SelectorImpl.lockAndDoSelect(SelectorImpl.java:130)
	-  locked io.netty.channel.nio.SelectedSelectionKeySet@7738850d
	-  locked sun.nio.ch.WEPollSelectorImpl@5983ac8c
	at java.base@21.0.8/sun.nio.ch.SelectorImpl.select(SelectorImpl.java:147)
	at MC-BOOTSTRAP/io.netty.transport@4.1.97.Final/io.netty.channel.nio.SelectedSelectionKeySetSelector.select(SelectedSelectionKeySetSelector.java:68)
	at MC-BOOTSTRAP/io.netty.transport@4.1.97.Final/io.netty.channel.nio.NioEventLoop.select(NioEventLoop.java:879)
	at MC-BOOTSTRAP/io.netty.transport@4.1.97.Final/io.netty.channel.nio.NioEventLoop.run(NioEventLoop.java:526)
	at MC-BOOTSTRAP/io.netty.common@4.1.97.Final/io.netty.util.concurrent.SingleThreadEventExecutor$4.run(SingleThreadEventExecutor.java:997)
	at MC-BOOTSTRAP/io.netty.common@4.1.97.Final/io.netty.util.internal.ThreadExecutorMap$2.run(ThreadExecutorMap.java:74)
	at java.base@21.0.8/java.lang.Thread.runWith(Thread.java:1596)
	at java.base@21.0.8/java.lang.Thread.run(Thread.java:1583)


"Netty Server IO #51" daemon prio=8 Id=332 RUNNABLE (in native)
	at java.base@21.0.8/sun.nio.ch.WEPoll.wait(Native Method)
	at java.base@21.0.8/sun.nio.ch.WEPollSelectorImpl.doSelect(WEPollSelectorImpl.java:114)
	at java.base@21.0.8/sun.nio.ch.SelectorImpl.lockAndDoSelect(SelectorImpl.java:130)
	-  locked io.netty.channel.nio.SelectedSelectionKeySet@57eff3c4
	-  locked sun.nio.ch.WEPollSelectorImpl@6546c7bb
	at java.base@21.0.8/sun.nio.ch.SelectorImpl.select(SelectorImpl.java:147)
	at MC-BOOTSTRAP/io.netty.transport@4.1.97.Final/io.netty.channel.nio.SelectedSelectionKeySetSelector.select(SelectedSelectionKeySetSelector.java:68)
	at MC-BOOTSTRAP/io.netty.transport@4.1.97.Final/io.netty.channel.nio.NioEventLoop.select(NioEventLoop.java:879)
	at MC-BOOTSTRAP/io.netty.transport@4.1.97.Final/io.netty.channel.nio.NioEventLoop.run(NioEventLoop.java:526)
	at MC-BOOTSTRAP/io.netty.common@4.1.97.Final/io.netty.util.concurrent.SingleThreadEventExecutor$4.run(SingleThreadEventExecutor.java:997)
	at MC-BOOTSTRAP/io.netty.common@4.1.97.Final/io.netty.util.internal.ThreadExecutorMap$2.run(ThreadExecutorMap.java:74)
	at java.base@21.0.8/java.lang.Thread.runWith(Thread.java:1596)
	at java.base@21.0.8/java.lang.Thread.run(Thread.java:1583)


"Netty Server IO #52" daemon prio=8 Id=333 RUNNABLE (in native)
	at java.base@21.0.8/sun.nio.ch.WEPoll.wait(Native Method)
	at java.base@21.0.8/sun.nio.ch.WEPollSelectorImpl.doSelect(WEPollSelectorImpl.java:114)
	at java.base@21.0.8/sun.nio.ch.SelectorImpl.lockAndDoSelect(SelectorImpl.java:130)
	-  locked io.netty.channel.nio.SelectedSelectionKeySet@db44e3b
	-  locked sun.nio.ch.WEPollSelectorImpl@37aa09db
	at java.base@21.0.8/sun.nio.ch.SelectorImpl.select(SelectorImpl.java:147)
	at MC-BOOTSTRAP/io.netty.transport@4.1.97.Final/io.netty.channel.nio.SelectedSelectionKeySetSelector.select(SelectedSelectionKeySetSelector.java:68)
	at MC-BOOTSTRAP/io.netty.transport@4.1.97.Final/io.netty.channel.nio.NioEventLoop.select(NioEventLoop.java:879)
	at MC-BOOTSTRAP/io.netty.transport@4.1.97.Final/io.netty.channel.nio.NioEventLoop.run(NioEventLoop.java:526)
	at MC-BOOTSTRAP/io.netty.common@4.1.97.Final/io.netty.util.concurrent.SingleThreadEventExecutor$4.run(SingleThreadEventExecutor.java:997)
	at MC-BOOTSTRAP/io.netty.common@4.1.97.Final/io.netty.util.internal.ThreadExecutorMap$2.run(ThreadExecutorMap.java:74)
	at java.base@21.0.8/java.lang.Thread.runWith(Thread.java:1596)
	at java.base@21.0.8/java.lang.Thread.run(Thread.java:1583)


"Netty Server IO #53" daemon prio=8 Id=334 RUNNABLE (in native)
	at java.base@21.0.8/sun.nio.ch.WEPoll.wait(Native Method)
	at java.base@21.0.8/sun.nio.ch.WEPollSelectorImpl.doSelect(WEPollSelectorImpl.java:114)
	at java.base@21.0.8/sun.nio.ch.SelectorImpl.lockAndDoSelect(SelectorImpl.java:130)
	-  locked io.netty.channel.nio.SelectedSelectionKeySet@9b0f9d0
	-  locked sun.nio.ch.WEPollSelectorImpl@2f01e13e
	at java.base@21.0.8/sun.nio.ch.SelectorImpl.select(SelectorImpl.java:147)
	at MC-BOOTSTRAP/io.netty.transport@4.1.97.Final/io.netty.channel.nio.SelectedSelectionKeySetSelector.select(SelectedSelectionKeySetSelector.java:68)
	at MC-BOOTSTRAP/io.netty.transport@4.1.97.Final/io.netty.channel.nio.NioEventLoop.select(NioEventLoop.java:879)
	at MC-BOOTSTRAP/io.netty.transport@4.1.97.Final/io.netty.channel.nio.NioEventLoop.run(NioEventLoop.java:526)
	at MC-BOOTSTRAP/io.netty.common@4.1.97.Final/io.netty.util.concurrent.SingleThreadEventExecutor$4.run(SingleThreadEventExecutor.java:997)
	at MC-BOOTSTRAP/io.netty.common@4.1.97.Final/io.netty.util.internal.ThreadExecutorMap$2.run(ThreadExecutorMap.java:74)
	at java.base@21.0.8/java.lang.Thread.runWith(Thread.java:1596)
	at java.base@21.0.8/java.lang.Thread.run(Thread.java:1583)


"Netty Server IO #54" daemon prio=8 Id=335 RUNNABLE (in native)
	at java.base@21.0.8/sun.nio.ch.WEPoll.wait(Native Method)
	at java.base@21.0.8/sun.nio.ch.WEPollSelectorImpl.doSelect(WEPollSelectorImpl.java:114)
	at java.base@21.0.8/sun.nio.ch.SelectorImpl.lockAndDoSelect(SelectorImpl.java:130)
	-  locked io.netty.channel.nio.SelectedSelectionKeySet@3a130506
	-  locked sun.nio.ch.WEPollSelectorImpl@6b22cf9e
	at java.base@21.0.8/sun.nio.ch.SelectorImpl.select(SelectorImpl.java:147)
	at MC-BOOTSTRAP/io.netty.transport@4.1.97.Final/io.netty.channel.nio.SelectedSelectionKeySetSelector.select(SelectedSelectionKeySetSelector.java:68)
	at MC-BOOTSTRAP/io.netty.transport@4.1.97.Final/io.netty.channel.nio.NioEventLoop.select(NioEventLoop.java:879)
	at MC-BOOTSTRAP/io.netty.transport@4.1.97.Final/io.netty.channel.nio.NioEventLoop.run(NioEventLoop.java:526)
	at MC-BOOTSTRAP/io.netty.common@4.1.97.Final/io.netty.util.concurrent.SingleThreadEventExecutor$4.run(SingleThreadEventExecutor.java:997)
	at MC-BOOTSTRAP/io.netty.common@4.1.97.Final/io.netty.util.internal.ThreadExecutorMap$2.run(ThreadExecutorMap.java:74)
	at java.base@21.0.8/java.lang.Thread.runWith(Thread.java:1596)
	at java.base@21.0.8/java.lang.Thread.run(Thread.java:1583)


"Netty Server IO #55" daemon prio=8 Id=336 RUNNABLE (in native)
	at java.base@21.0.8/sun.nio.ch.WEPoll.wait(Native Method)
	at java.base@21.0.8/sun.nio.ch.WEPollSelectorImpl.doSelect(WEPollSelectorImpl.java:114)
	at java.base@21.0.8/sun.nio.ch.SelectorImpl.lockAndDoSelect(SelectorImpl.java:130)
	-  locked io.netty.channel.nio.SelectedSelectionKeySet@124ab053
	-  locked sun.nio.ch.WEPollSelectorImpl@388ab65e
	at java.base@21.0.8/sun.nio.ch.SelectorImpl.select(SelectorImpl.java:147)
	at MC-BOOTSTRAP/io.netty.transport@4.1.97.Final/io.netty.channel.nio.SelectedSelectionKeySetSelector.select(SelectedSelectionKeySetSelector.java:68)
	at MC-BOOTSTRAP/io.netty.transport@4.1.97.Final/io.netty.channel.nio.NioEventLoop.select(NioEventLoop.java:879)
	at MC-BOOTSTRAP/io.netty.transport@4.1.97.Final/io.netty.channel.nio.NioEventLoop.run(NioEventLoop.java:526)
	at MC-BOOTSTRAP/io.netty.common@4.1.97.Final/io.netty.util.concurrent.SingleThreadEventExecutor$4.run(SingleThreadEventExecutor.java:997)
	at MC-BOOTSTRAP/io.netty.common@4.1.97.Final/io.netty.util.internal.ThreadExecutorMap$2.run(ThreadExecutorMap.java:74)
	at java.base@21.0.8/java.lang.Thread.runWith(Thread.java:1596)
	at java.base@21.0.8/java.lang.Thread.run(Thread.java:1583)


"Netty Server IO #56" daemon prio=8 Id=337 RUNNABLE (in native)
	at java.base@21.0.8/sun.nio.ch.WEPoll.wait(Native Method)
	at java.base@21.0.8/sun.nio.ch.WEPollSelectorImpl.doSelect(WEPollSelectorImpl.java:114)
	at java.base@21.0.8/sun.nio.ch.SelectorImpl.lockAndDoSelect(SelectorImpl.java:130)
	-  locked io.netty.channel.nio.SelectedSelectionKeySet@3d20f1b7
	-  locked sun.nio.ch.WEPollSelectorImpl@5f898445
	at java.base@21.0.8/sun.nio.ch.SelectorImpl.select(SelectorImpl.java:147)
	at MC-BOOTSTRAP/io.netty.transport@4.1.97.Final/io.netty.channel.nio.SelectedSelectionKeySetSelector.select(SelectedSelectionKeySetSelector.java:68)
	at MC-BOOTSTRAP/io.netty.transport@4.1.97.Final/io.netty.channel.nio.NioEventLoop.select(NioEventLoop.java:879)
	at MC-BOOTSTRAP/io.netty.transport@4.1.97.Final/io.netty.channel.nio.NioEventLoop.run(NioEventLoop.java:526)
	at MC-BOOTSTRAP/io.netty.common@4.1.97.Final/io.netty.util.concurrent.SingleThreadEventExecutor$4.run(SingleThreadEventExecutor.java:997)
	at MC-BOOTSTRAP/io.netty.common@4.1.97.Final/io.netty.util.internal.ThreadExecutorMap$2.run(ThreadExecutorMap.java:74)
	at java.base@21.0.8/java.lang.Thread.runWith(Thread.java:1596)
	at java.base@21.0.8/java.lang.Thread.run(Thread.java:1583)


"Netty Server IO #57" daemon prio=8 Id=338 RUNNABLE (in native)
	at java.base@21.0.8/sun.nio.ch.WEPoll.wait(Native Method)
	at java.base@21.0.8/sun.nio.ch.WEPollSelectorImpl.doSelect(WEPollSelectorImpl.java:114)
	at java.base@21.0.8/sun.nio.ch.SelectorImpl.lockAndDoSelect(SelectorImpl.java:130)
	-  locked io.netty.channel.nio.SelectedSelectionKeySet@33d0f1ba
	-  locked sun.nio.ch.WEPollSelectorImpl@7fa1869b
	at java.base@21.0.8/sun.nio.ch.SelectorImpl.select(SelectorImpl.java:147)
	at MC-BOOTSTRAP/io.netty.transport@4.1.97.Final/io.netty.channel.nio.SelectedSelectionKeySetSelector.select(SelectedSelectionKeySetSelector.java:68)
	at MC-BOOTSTRAP/io.netty.transport@4.1.97.Final/io.netty.channel.nio.NioEventLoop.select(NioEventLoop.java:879)
	at MC-BOOTSTRAP/io.netty.transport@4.1.97.Final/io.netty.channel.nio.NioEventLoop.run(NioEventLoop.java:526)
	at MC-BOOTSTRAP/io.netty.common@4.1.97.Final/io.netty.util.concurrent.SingleThreadEventExecutor$4.run(SingleThreadEventExecutor.java:997)
	at MC-BOOTSTRAP/io.netty.common@4.1.97.Final/io.netty.util.internal.ThreadExecutorMap$2.run(ThreadExecutorMap.java:74)
	at java.base@21.0.8/java.lang.Thread.runWith(Thread.java:1596)
	at java.base@21.0.8/java.lang.Thread.run(Thread.java:1583)


"Netty Server IO #58" daemon prio=8 Id=339 RUNNABLE (in native)
	at java.base@21.0.8/sun.nio.ch.WEPoll.wait(Native Method)
	at java.base@21.0.8/sun.nio.ch.WEPollSelectorImpl.doSelect(WEPollSelectorImpl.java:114)
	at java.base@21.0.8/sun.nio.ch.SelectorImpl.lockAndDoSelect(SelectorImpl.java:130)
	-  locked io.netty.channel.nio.SelectedSelectionKeySet@11c9e9f3
	-  locked sun.nio.ch.WEPollSelectorImpl@202f8ce
	at java.base@21.0.8/sun.nio.ch.SelectorImpl.select(SelectorImpl.java:147)
	at MC-BOOTSTRAP/io.netty.transport@4.1.97.Final/io.netty.channel.nio.SelectedSelectionKeySetSelector.select(SelectedSelectionKeySetSelector.java:68)
	at MC-BOOTSTRAP/io.netty.transport@4.1.97.Final/io.netty.channel.nio.NioEventLoop.select(NioEventLoop.java:879)
	at MC-BOOTSTRAP/io.netty.transport@4.1.97.Final/io.netty.channel.nio.NioEventLoop.run(NioEventLoop.java:526)
	at MC-BOOTSTRAP/io.netty.common@4.1.97.Final/io.netty.util.concurrent.SingleThreadEventExecutor$4.run(SingleThreadEventExecutor.java:997)
	at MC-BOOTSTRAP/io.netty.common@4.1.97.Final/io.netty.util.internal.ThreadExecutorMap$2.run(ThreadExecutorMap.java:74)
	at java.base@21.0.8/java.lang.Thread.runWith(Thread.java:1596)
	at java.base@21.0.8/java.lang.Thread.run(Thread.java:1583)


"Netty Server IO #59" daemon prio=8 Id=340 RUNNABLE (in native)
	at java.base@21.0.8/sun.nio.ch.WEPoll.wait(Native Method)
	at java.base@21.0.8/sun.nio.ch.WEPollSelectorImpl.doSelect(WEPollSelectorImpl.java:114)
	at java.base@21.0.8/sun.nio.ch.SelectorImpl.lockAndDoSelect(SelectorImpl.java:130)
	-  locked io.netty.channel.nio.SelectedSelectionKeySet@56c61bb1
	-  locked sun.nio.ch.WEPollSelectorImpl@6f578696
	at java.base@21.0.8/sun.nio.ch.SelectorImpl.select(SelectorImpl.java:147)
	at MC-BOOTSTRAP/io.netty.transport@4.1.97.Final/io.netty.channel.nio.SelectedSelectionKeySetSelector.select(SelectedSelectionKeySetSelector.java:68)
	at MC-BOOTSTRAP/io.netty.transport@4.1.97.Final/io.netty.channel.nio.NioEventLoop.select(NioEventLoop.java:879)
	at MC-BOOTSTRAP/io.netty.transport@4.1.97.Final/io.netty.channel.nio.NioEventLoop.run(NioEventLoop.java:526)
	at MC-BOOTSTRAP/io.netty.common@4.1.97.Final/io.netty.util.concurrent.SingleThreadEventExecutor$4.run(SingleThreadEventExecutor.java:997)
	at MC-BOOTSTRAP/io.netty.common@4.1.97.Final/io.netty.util.internal.ThreadExecutorMap$2.run(ThreadExecutorMap.java:74)
	at java.base@21.0.8/java.lang.Thread.runWith(Thread.java:1596)
	at java.base@21.0.8/java.lang.Thread.run(Thread.java:1583)


"Netty Server IO #60" daemon prio=8 Id=341 RUNNABLE (in native)
	at java.base@21.0.8/sun.nio.ch.WEPoll.wait(Native Method)
	at java.base@21.0.8/sun.nio.ch.WEPollSelectorImpl.doSelect(WEPollSelectorImpl.java:114)
	at java.base@21.0.8/sun.nio.ch.SelectorImpl.lockAndDoSelect(SelectorImpl.java:130)
	-  locked io.netty.channel.nio.SelectedSelectionKeySet@6c51f597
	-  locked sun.nio.ch.WEPollSelectorImpl@7c6f8c95
	at java.base@21.0.8/sun.nio.ch.SelectorImpl.select(SelectorImpl.java:147)
	at MC-BOOTSTRAP/io.netty.transport@4.1.97.Final/io.netty.channel.nio.SelectedSelectionKeySetSelector.select(SelectedSelectionKeySetSelector.java:68)
	at MC-BOOTSTRAP/io.netty.transport@4.1.97.Final/io.netty.channel.nio.NioEventLoop.select(NioEventLoop.java:879)
	at MC-BOOTSTRAP/io.netty.transport@4.1.97.Final/io.netty.channel.nio.NioEventLoop.run(NioEventLoop.java:526)
	at MC-BOOTSTRAP/io.netty.common@4.1.97.Final/io.netty.util.concurrent.SingleThreadEventExecutor$4.run(SingleThreadEventExecutor.java:997)
	at MC-BOOTSTRAP/io.netty.common@4.1.97.Final/io.netty.util.internal.ThreadExecutorMap$2.run(ThreadExecutorMap.java:74)
	at java.base@21.0.8/java.lang.Thread.runWith(Thread.java:1596)
	at java.base@21.0.8/java.lang.Thread.run(Thread.java:1583)


"Netty Server IO #61" daemon prio=8 Id=342 RUNNABLE (in native)
	at java.base@21.0.8/sun.nio.ch.WEPoll.wait(Native Method)
	at java.base@21.0.8/sun.nio.ch.WEPollSelectorImpl.doSelect(WEPollSelectorImpl.java:114)
	at java.base@21.0.8/sun.nio.ch.SelectorImpl.lockAndDoSelect(SelectorImpl.java:130)
	-  locked io.netty.channel.nio.SelectedSelectionKeySet@58388486
	-  locked sun.nio.ch.WEPollSelectorImpl@f0958dd
	at java.base@21.0.8/sun.nio.ch.SelectorImpl.select(SelectorImpl.java:147)
	at MC-BOOTSTRAP/io.netty.transport@4.1.97.Final/io.netty.channel.nio.SelectedSelectionKeySetSelector.select(SelectedSelectionKeySetSelector.java:68)
	at MC-BOOTSTRAP/io.netty.transport@4.1.97.Final/io.netty.channel.nio.NioEventLoop.select(NioEventLoop.java:879)
	at MC-BOOTSTRAP/io.netty.transport@4.1.97.Final/io.netty.channel.nio.NioEventLoop.run(NioEventLoop.java:526)
	at MC-BOOTSTRAP/io.netty.common@4.1.97.Final/io.netty.util.concurrent.SingleThreadEventExecutor$4.run(SingleThreadEventExecutor.java:997)
	at MC-BOOTSTRAP/io.netty.common@4.1.97.Final/io.netty.util.internal.ThreadExecutorMap$2.run(ThreadExecutorMap.java:74)
	at java.base@21.0.8/java.lang.Thread.runWith(Thread.java:1596)
	at java.base@21.0.8/java.lang.Thread.run(Thread.java:1583)


"Netty Server IO #62" daemon prio=8 Id=343 RUNNABLE
	at java.base@21.0.8/com.sun.crypto.provider.CipherFeedback.encrypt(CipherFeedback.java:167)
	at java.base@21.0.8/com.sun.crypto.provider.CipherCore.update(CipherCore.java:667)
	at java.base@21.0.8/com.sun.crypto.provider.AESCipher.engineUpdate(AESCipher.java:408)
	at java.base@21.0.8/javax.crypto.Cipher.update(Cipher.java:2021)
	at LAYER PLUGIN/velocity._native.SNAPSHOT@3.4.0-SNAPSHOT/com.velocitypowered.natives.encryption.JavaVelocityCipher.process(JavaVelocityCipher.java:73)
	at TRANSFORMER/krypton_fnp@0.2.27-1.21.1/one.pkg.mod.krypton_fnp.shared.network.pipeline.MinecraftCipherEncoder.encode(MinecraftCipherEncoder.java:24)
	at TRANSFORMER/krypton_fnp@0.2.27-1.21.1/one.pkg.mod.krypton_fnp.shared.network.pipeline.MinecraftCipherEncoder.encode(MinecraftCipherEncoder.java:12)
	at MC-BOOTSTRAP/io.netty.codec@4.1.97.Final/io.netty.handler.codec.MessageToMessageEncoder.write(MessageToMessageEncoder.java:90)
	at MC-BOOTSTRAP/io.netty.transport@4.1.97.Final/io.netty.channel.AbstractChannelHandlerContext.invokeWrite0(AbstractChannelHandlerContext.java:881)
	at MC-BOOTSTRAP/io.netty.transport@4.1.97.Final/io.netty.channel.AbstractChannelHandlerContext.invokeWrite(AbstractChannelHandlerContext.java:863)
	at MC-BOOTSTRAP/io.netty.transport@4.1.97.Final/io.netty.channel.AbstractChannelHandlerContext.write(AbstractChannelHandlerContext.java:968)
	at MC-BOOTSTRAP/io.netty.transport@4.1.97.Final/io.netty.channel.AbstractChannelHandlerContext.write(AbstractChannelHandlerContext.java:856)
	at MC-BOOTSTRAP/io.netty.transport@4.1.97.Final/io.netty.channel.AbstractChannelHandlerContext.write(AbstractChannelHandlerContext.java:851)
	at MC-BOOTSTRAP/io.netty.codec@4.1.97.Final/io.netty.handler.codec.MessageToMessageEncoder.writePromiseCombiner(MessageToMessageEncoder.java:140)
	at MC-BOOTSTRAP/io.netty.codec@4.1.97.Final/io.netty.handler.codec.MessageToMessageEncoder.write(MessageToMessageEncoder.java:120)
	at MC-BOOTSTRAP/io.netty.transport@4.1.97.Final/io.netty.channel.AbstractChannelHandlerContext.invokeWrite0(AbstractChannelHandlerContext.java:881)
	at MC-BOOTSTRAP/io.netty.transport@4.1.97.Final/io.netty.channel.AbstractChannelHandlerContext.invokeWrite(AbstractChannelHandlerContext.java:863)
	at MC-BOOTSTRAP/io.netty.transport@4.1.97.Final/io.netty.channel.AbstractChannelHandlerContext.write(AbstractChannelHandlerContext.java:968)
	at MC-BOOTSTRAP/io.netty.transport@4.1.97.Final/io.netty.channel.AbstractChannelHandlerContext.write(AbstractChannelHandlerContext.java:856)
	at MC-BOOTSTRAP/io.netty.codec@4.1.97.Final/io.netty.handler.codec.MessageToByteEncoder.write(MessageToByteEncoder.java:113)
	at MC-BOOTSTRAP/io.netty.transport@4.1.97.Final/io.netty.channel.AbstractChannelHandlerContext.invokeWrite0(AbstractChannelHandlerContext.java:881)
	at MC-BOOTSTRAP/io.netty.transport@4.1.97.Final/io.netty.channel.AbstractChannelHandlerContext.invokeWrite(AbstractChannelHandlerContext.java:863)
	at MC-BOOTSTRAP/io.netty.transport@4.1.97.Final/io.netty.channel.AbstractChannelHandlerContext.write(AbstractChannelHandlerContext.java:968)
	at MC-BOOTSTRAP/io.netty.transport@4.1.97.Final/io.netty.channel.AbstractChannelHandlerContext.write(AbstractChannelHandlerContext.java:856)
	at MC-BOOTSTRAP/io.netty.codec@4.1.97.Final/io.netty.handler.codec.MessageToByteEncoder.write(MessageToByteEncoder.java:113)
	at MC-BOOTSTRAP/io.netty.transport@4.1.97.Final/io.netty.channel.AbstractChannelHandlerContext.invokeWrite0(AbstractChannelHandlerContext.java:881)
	at MC-BOOTSTRAP/io.netty.transport@4.1.97.Final/io.netty.channel.AbstractChannelHandlerContext.invokeWrite(AbstractChannelHandlerContext.java:863)
	at MC-BOOTSTRAP/io.netty.transport@4.1.97.Final/io.netty.channel.AbstractChannelHandlerContext.write(AbstractChannelHandlerContext.java:968)
	at MC-BOOTSTRAP/io.netty.transport@4.1.97.Final/io.netty.channel.AbstractChannelHandlerContext.write(AbstractChannelHandlerContext.java:856)
	at MC-BOOTSTRAP/io.netty.codec@4.1.97.Final/io.netty.handler.codec.MessageToMessageEncoder.write(MessageToMessageEncoder.java:113)
	at MC-BOOTSTRAP/io.netty.transport@4.1.97.Final/io.netty.channel.AbstractChannelHandlerContext.invokeWrite0(AbstractChannelHandlerContext.java:881)
	at MC-BOOTSTRAP/io.netty.transport@4.1.97.Final/io.netty.channel.AbstractChannelHandlerContext.invokeWrite(AbstractChannelHandlerContext.java:863)
	at MC-BOOTSTRAP/io.netty.transport@4.1.97.Final/io.netty.channel.AbstractChannelHandlerContext.write(AbstractChannelHandlerContext.java:968)
	at MC-BOOTSTRAP/io.netty.transport@4.1.97.Final/io.netty.channel.AbstractChannelHandlerContext.write(AbstractChannelHandlerContext.java:856)
	at MC-BOOTSTRAP/io.netty.codec@4.1.97.Final/io.netty.handler.codec.MessageToMessageEncoder.write(MessageToMessageEncoder.java:113)
	at MC-BOOTSTRAP/io.netty.transport@4.1.97.Final/io.netty.channel.AbstractChannelHandlerContext.invokeWrite0(AbstractChannelHandlerContext.java:881)
	at MC-BOOTSTRAP/io.netty.transport@4.1.97.Final/io.netty.channel.AbstractChannelHandlerContext.invokeWrite(AbstractChannelHandlerContext.java:863)
	at MC-BOOTSTRAP/io.netty.transport@4.1.97.Final/io.netty.channel.AbstractChannelHandlerContext.write(AbstractChannelHandlerContext.java:968)
	at MC-BOOTSTRAP/io.netty.transport@4.1.97.Final/io.netty.channel.AbstractChannelHandlerContext.write(AbstractChannelHandlerContext.java:856)
	at MC-BOOTSTRAP/io.netty.transport@4.1.97.Final/io.netty.channel.ChannelOutboundHandlerAdapter.write(ChannelOutboundHandlerAdapter.java:113)
	at TRANSFORMER/minecraft@1.21.1/net.minecraft.network.Connection$2.write(Connection.java:528)
	at MC-BOOTSTRAP/io.netty.transport@4.1.97.Final/io.netty.channel.AbstractChannelHandlerContext.invokeWrite0(AbstractChannelHandlerContext.java:881)
	at MC-BOOTSTRAP/io.netty.transport@4.1.97.Final/io.netty.channel.AbstractChannelHandlerContext.invokeWrite(AbstractChannelHandlerContext.java:863)
	at MC-BOOTSTRAP/io.netty.transport@4.1.97.Final/io.netty.channel.AbstractChannelHandlerContext.write(AbstractChannelHandlerContext.java:968)
	at MC-BOOTSTRAP/io.netty.transport@4.1.97.Final/io.netty.channel.AbstractChannelHandlerContext.write(AbstractChannelHandlerContext.java:856)
	at MC-BOOTSTRAP/io.netty.transport@4.1.97.Final/io.netty.channel.ChannelDuplexHandler.write(ChannelDuplexHandler.java:115)
	at TRANSFORMER/tab@5.2.1/me.neznamy.tab.shared.features.injection.NettyPipelineInjector$TabChannelDuplexHandler.write(NettyPipelineInjector.java:78)
	at MC-BOOTSTRAP/io.netty.transport@4.1.97.Final/io.netty.channel.AbstractChannelHandlerContext.invokeWrite0(AbstractChannelHandlerContext.java:879)
	at MC-BOOTSTRAP/io.netty.transport@4.1.97.Final/io.netty.channel.AbstractChannelHandlerContext.invokeWrite(AbstractChannelHandlerContext.java:863)
	at MC-BOOTSTRAP/io.netty.transport@4.1.97.Final/io.netty.channel.AbstractChannelHandlerContext.write(AbstractChannelHandlerContext.java:968)
	at MC-BOOTSTRAP/io.netty.transport@4.1.97.Final/io.netty.channel.AbstractChannelHandlerContext.write(AbstractChannelHandlerContext.java:856)
	at MC-BOOTSTRAP/io.netty.transport@4.1.97.Final/io.netty.channel.AbstractChannelHandlerContext.write(AbstractChannelHandlerContext.java:851)
	at MC-BOOTSTRAP/io.netty.transport@4.1.97.Final/io.netty.channel.DefaultChannelPipeline.write(DefaultChannelPipeline.java:1010)
	at MC-BOOTSTRAP/io.netty.transport@4.1.97.Final/io.netty.channel.AbstractChannel.write(AbstractChannel.java:296)
	at TRANSFORMER/minecraft@1.21.1/net.minecraft.network.Connection.doSendPacket$mixinextras$wrapped$83(Connection.java:364)
	at TRANSFORMER/minecraft@1.21.1/net.minecraft.network.Connection.mixinextras$bridge$doSendPacket$mixinextras$wrapped$83$84(Connection.java)
	at TRANSFORMER/minecraft@1.21.1/net.minecraft.network.Connection$$Lambda/0x0000017c7d5b9860.call(Unknown Source)
	at TRANSFORMER/minecraft@1.21.1/net.minecraft.network.Connection.wrapMethod$zbl000$modernfix$checkClientPresence(Connection.java:750)
	at TRANSFORMER/minecraft@1.21.1/net.minecraft.network.Connection.doSendPacket(Connection.java)
	at TRANSFORMER/minecraft@1.21.1/net.minecraft.network.Connection.lambda$sendPacket$12(Connection.java:359)
	at TRANSFORMER/minecraft@1.21.1/net.minecraft.network.Connection$$Lambda/0x0000017c7d5bade0.run(Unknown Source)
	at MC-BOOTSTRAP/io.netty.common@4.1.97.Final/io.netty.util.concurrent.AbstractEventExecutor.runTask(AbstractEventExecutor.java:174)
	at MC-BOOTSTRAP/io.netty.common@4.1.97.Final/io.netty.util.concurrent.AbstractEventExecutor.safeExecute(AbstractEventExecutor.java:167)
	at MC-BOOTSTRAP/io.netty.common@4.1.97.Final/io.netty.util.concurrent.SingleThreadEventExecutor.runAllTasks(SingleThreadEventExecutor.java:470)
	at MC-BOOTSTRAP/io.netty.transport@4.1.97.Final/io.netty.channel.nio.NioEventLoop.run(NioEventLoop.java:569)
	at MC-BOOTSTRAP/io.netty.common@4.1.97.Final/io.netty.util.concurrent.SingleThreadEventExecutor$4.run(SingleThreadEventExecutor.java:997)
	at MC-BOOTSTRAP/io.netty.common@4.1.97.Final/io.netty.util.internal.ThreadExecutorMap$2.run(ThreadExecutorMap.java:74)
	at java.base@21.0.8/java.lang.Thread.runWith(Thread.java:1596)
	at java.base@21.0.8/java.lang.Thread.run(Thread.java:1583)


"Netty Server IO #63" daemon prio=8 Id=344 RUNNABLE (in native)
	at java.base@21.0.8/sun.nio.ch.WEPoll.wait(Native Method)
	at java.base@21.0.8/sun.nio.ch.WEPollSelectorImpl.doSelect(WEPollSelectorImpl.java:114)
	at java.base@21.0.8/sun.nio.ch.SelectorImpl.lockAndDoSelect(SelectorImpl.java:130)
	-  locked io.netty.channel.nio.SelectedSelectionKeySet@6607803
	-  locked sun.nio.ch.WEPollSelectorImpl@49684381
	at java.base@21.0.8/sun.nio.ch.SelectorImpl.select(SelectorImpl.java:147)
	at MC-BOOTSTRAP/io.netty.transport@4.1.97.Final/io.netty.channel.nio.SelectedSelectionKeySetSelector.select(SelectedSelectionKeySetSelector.java:68)
	at MC-BOOTSTRAP/io.netty.transport@4.1.97.Final/io.netty.channel.nio.NioEventLoop.select(NioEventLoop.java:879)
	at MC-BOOTSTRAP/io.netty.transport@4.1.97.Final/io.netty.channel.nio.NioEventLoop.run(NioEventLoop.java:526)
	at MC-BOOTSTRAP/io.netty.common@4.1.97.Final/io.netty.util.concurrent.SingleThreadEventExecutor$4.run(SingleThreadEventExecutor.java:997)
	at MC-BOOTSTRAP/io.netty.common@4.1.97.Final/io.netty.util.internal.ThreadExecutorMap$2.run(ThreadExecutorMap.java:74)
	at java.base@21.0.8/java.lang.Thread.runWith(Thread.java:1596)
	at java.base@21.0.8/java.lang.Thread.run(Thread.java:1583)


"IO-Worker-13" prio=8 Id=351 TIMED_WAITING on java.util.concurrent.SynchronousQueue$Transferer@601de0ed
	at java.base@21.0.8/jdk.internal.misc.Unsafe.park(Native Method)
	-  waiting on java.util.concurrent.SynchronousQueue$Transferer@601de0ed
	at java.base@21.0.8/java.util.concurrent.locks.LockSupport.parkNanos(LockSupport.java:410)
	at java.base@21.0.8/java.util.concurrent.LinkedTransferQueue$DualNode.await(LinkedTransferQueue.java:452)
	at java.base@21.0.8/java.util.concurrent.SynchronousQueue$Transferer.xferLifo(SynchronousQueue.java:194)
	at java.base@21.0.8/java.util.concurrent.SynchronousQueue.xfer(SynchronousQueue.java:235)
	at java.base@21.0.8/java.util.concurrent.SynchronousQueue.poll(SynchronousQueue.java:338)
	at java.base@21.0.8/java.util.concurrent.ThreadPoolExecutor.getTask(ThreadPoolExecutor.java:1069)
	at java.base@21.0.8/java.util.concurrent.ThreadPoolExecutor.runWorker(ThreadPoolExecutor.java:1130)
	at java.base@21.0.8/java.util.concurrent.ThreadPoolExecutor$Worker.run(ThreadPoolExecutor.java:642)
	at java.base@21.0.8/java.lang.Thread.runWith(Thread.java:1596)
	at java.base@21.0.8/java.lang.Thread.run(Thread.java:1583)


"Worker-Main-32" daemon prio=4 Id=368 TIMED_WAITING on java.util.concurrent.ForkJoinPool@21f6397a
	at java.base@21.0.8/jdk.internal.misc.Unsafe.park(Native Method)
	-  waiting on java.util.concurrent.ForkJoinPool@21f6397a
	at java.base@21.0.8/java.util.concurrent.locks.LockSupport.parkUntil(LockSupport.java:449)
	at java.base@21.0.8/java.util.concurrent.ForkJoinPool.awaitWork(ForkJoinPool.java:1891)
	at java.base@21.0.8/java.util.concurrent.ForkJoinPool.runWorker(ForkJoinPool.java:1809)
	at java.base@21.0.8/java.util.concurrent.ForkJoinWorkerThread.run(ForkJoinWorkerThread.java:188)


"Worker-Main-33" daemon prio=4 Id=369 WAITING on java.util.concurrent.ForkJoinPool@21f6397a
	at java.base@21.0.8/jdk.internal.misc.Unsafe.park(Native Method)
	-  waiting on java.util.concurrent.ForkJoinPool@21f6397a
	at java.base@21.0.8/java.util.concurrent.locks.LockSupport.park(LockSupport.java:371)
	at java.base@21.0.8/java.util.concurrent.ForkJoinPool.awaitWork(ForkJoinPool.java:1893)
	at java.base@21.0.8/java.util.concurrent.ForkJoinPool.runWorker(ForkJoinPool.java:1809)
	at java.base@21.0.8/java.util.concurrent.ForkJoinWorkerThread.run(ForkJoinWorkerThread.java:188)


"Worker-Main-34" daemon prio=4 Id=370 WAITING on java.util.concurrent.ForkJoinPool@21f6397a
	at java.base@21.0.8/jdk.internal.misc.Unsafe.park(Native Method)
	-  waiting on java.util.concurrent.ForkJoinPool@21f6397a
	at java.base@21.0.8/java.util.concurrent.locks.LockSupport.park(LockSupport.java:371)
	at java.base@21.0.8/java.util.concurrent.ForkJoinPool.awaitWork(ForkJoinPool.java:1893)
	at java.base@21.0.8/java.util.concurrent.ForkJoinPool.runWorker(ForkJoinPool.java:1809)
	at java.base@21.0.8/java.util.concurrent.ForkJoinWorkerThread.run(ForkJoinWorkerThread.java:188)


"Worker-Main-35" daemon prio=4 Id=371 WAITING on java.util.concurrent.ForkJoinPool@21f6397a
	at java.base@21.0.8/jdk.internal.misc.Unsafe.park(Native Method)
	-  waiting on java.util.concurrent.ForkJoinPool@21f6397a
	at java.base@21.0.8/java.util.concurrent.locks.LockSupport.park(LockSupport.java:371)
	at java.base@21.0.8/java.util.concurrent.ForkJoinPool.awaitWork(ForkJoinPool.java:1893)
	at java.base@21.0.8/java.util.concurrent.ForkJoinPool.runWorker(ForkJoinPool.java:1809)
	at java.base@21.0.8/java.util.concurrent.ForkJoinWorkerThread.run(ForkJoinWorkerThread.java:188)


"Worker-Main-36" daemon prio=4 Id=372 WAITING on java.util.concurrent.ForkJoinPool@21f6397a
	at java.base@21.0.8/jdk.internal.misc.Unsafe.park(Native Method)
	-  waiting on java.util.concurrent.ForkJoinPool@21f6397a
	at java.base@21.0.8/java.util.concurrent.locks.LockSupport.park(LockSupport.java:371)
	at java.base@21.0.8/java.util.concurrent.ForkJoinPool.awaitWork(ForkJoinPool.java:1893)
	at java.base@21.0.8/java.util.concurrent.ForkJoinPool.runWorker(ForkJoinPool.java:1809)
	at java.base@21.0.8/java.util.concurrent.ForkJoinWorkerThread.run(ForkJoinWorkerThread.java:188)


"Worker-Main-37" daemon prio=4 Id=373 WAITING on java.util.concurrent.ForkJoinPool@21f6397a
	at java.base@21.0.8/jdk.internal.misc.Unsafe.park(Native Method)
	-  waiting on java.util.concurrent.ForkJoinPool@21f6397a
	at java.base@21.0.8/java.util.concurrent.locks.LockSupport.park(LockSupport.java:371)
	at java.base@21.0.8/java.util.concurrent.ForkJoinPool.awaitWork(ForkJoinPool.java:1893)
	at java.base@21.0.8/java.util.concurrent.ForkJoinPool.runWorker(ForkJoinPool.java:1809)
	at java.base@21.0.8/java.util.concurrent.ForkJoinWorkerThread.run(ForkJoinWorkerThread.java:188)


"Worker-Main-38" daemon prio=4 Id=374 WAITING on java.util.concurrent.ForkJoinPool@21f6397a
	at java.base@21.0.8/jdk.internal.misc.Unsafe.park(Native Method)
	-  waiting on java.util.concurrent.ForkJoinPool@21f6397a
	at java.base@21.0.8/java.util.concurrent.locks.LockSupport.park(LockSupport.java:371)
	at java.base@21.0.8/java.util.concurrent.ForkJoinPool.awaitWork(ForkJoinPool.java:1893)
	at java.base@21.0.8/java.util.concurrent.ForkJoinPool.runWorker(ForkJoinPool.java:1809)
	at java.base@21.0.8/java.util.concurrent.ForkJoinWorkerThread.run(ForkJoinWorkerThread.java:188)


"Worker-Main-39" daemon prio=4 Id=375 WAITING on java.util.concurrent.ForkJoinPool@21f6397a
	at java.base@21.0.8/jdk.internal.misc.Unsafe.park(Native Method)
	-  waiting on java.util.concurrent.ForkJoinPool@21f6397a
	at java.base@21.0.8/java.util.concurrent.locks.LockSupport.park(LockSupport.java:371)
	at java.base@21.0.8/java.util.concurrent.ForkJoinPool.awaitWork(ForkJoinPool.java:1893)
	at java.base@21.0.8/java.util.concurrent.ForkJoinPool.runWorker(ForkJoinPool.java:1809)
	at java.base@21.0.8/java.util.concurrent.ForkJoinWorkerThread.run(ForkJoinWorkerThread.java:188)


"Worker-Main-40" daemon prio=4 Id=376 WAITING on java.util.concurrent.ForkJoinPool@21f6397a
	at java.base@21.0.8/jdk.internal.misc.Unsafe.park(Native Method)
	-  waiting on java.util.concurrent.ForkJoinPool@21f6397a
	at java.base@21.0.8/java.util.concurrent.locks.LockSupport.park(LockSupport.java:371)
	at java.base@21.0.8/java.util.concurrent.ForkJoinPool.awaitWork(ForkJoinPool.java:1893)
	at java.base@21.0.8/java.util.concurrent.ForkJoinPool.runWorker(ForkJoinPool.java:1809)
	at java.base@21.0.8/java.util.concurrent.ForkJoinWorkerThread.run(ForkJoinWorkerThread.java:188)


"Worker-Main-41" daemon prio=4 Id=377 WAITING on java.util.concurrent.ForkJoinPool@21f6397a
	at java.base@21.0.8/jdk.internal.misc.Unsafe.park(Native Method)
	-  waiting on java.util.concurrent.ForkJoinPool@21f6397a
	at java.base@21.0.8/java.util.concurrent.locks.LockSupport.park(LockSupport.java:371)
	at java.base@21.0.8/java.util.concurrent.ForkJoinPool.awaitWork(ForkJoinPool.java:1893)
	at java.base@21.0.8/java.util.concurrent.ForkJoinPool.runWorker(ForkJoinPool.java:1809)
	at java.base@21.0.8/java.util.concurrent.ForkJoinWorkerThread.run(ForkJoinWorkerThread.java:188)


"IO-Worker-18" prio=8 Id=379 TIMED_WAITING on java.util.concurrent.SynchronousQueue$Transferer@601de0ed
	at java.base@21.0.8/jdk.internal.misc.Unsafe.park(Native Method)
	-  waiting on java.util.concurrent.SynchronousQueue$Transferer@601de0ed
	at java.base@21.0.8/java.util.concurrent.locks.LockSupport.parkNanos(LockSupport.java:410)
	at java.base@21.0.8/java.util.concurrent.LinkedTransferQueue$DualNode.await(LinkedTransferQueue.java:452)
	at java.base@21.0.8/java.util.concurrent.SynchronousQueue$Transferer.xferLifo(SynchronousQueue.java:194)
	at java.base@21.0.8/java.util.concurrent.SynchronousQueue.xfer(SynchronousQueue.java:235)
	at java.base@21.0.8/java.util.concurrent.SynchronousQueue.poll(SynchronousQueue.java:338)
	at java.base@21.0.8/java.util.concurrent.ThreadPoolExecutor.getTask(ThreadPoolExecutor.java:1069)
	at java.base@21.0.8/java.util.concurrent.ThreadPoolExecutor.runWorker(ThreadPoolExecutor.java:1130)
	at java.base@21.0.8/java.util.concurrent.ThreadPoolExecutor$Worker.run(ThreadPoolExecutor.java:642)
	at java.base@21.0.8/java.lang.Thread.runWith(Thread.java:1596)
	at java.base@21.0.8/java.lang.Thread.run(Thread.java:1583)


"Uranus Pathfinding Worker #0" daemon prio=10 Id=381 WAITING on java.util.concurrent.locks.AbstractQueuedSynchronizer$ConditionObject@3034c34
	at java.base@21.0.8/jdk.internal.misc.Unsafe.park(Native Method)
	-  waiting on java.util.concurrent.locks.AbstractQueuedSynchronizer$ConditionObject@3034c34
	at java.base@21.0.8/java.util.concurrent.locks.LockSupport.park(LockSupport.java:371)
	at java.base@21.0.8/java.util.concurrent.locks.AbstractQueuedSynchronizer$ConditionNode.block(AbstractQueuedSynchronizer.java:519)
	at java.base@21.0.8/java.util.concurrent.ForkJoinPool.unmanagedBlock(ForkJoinPool.java:3780)
	at java.base@21.0.8/java.util.concurrent.ForkJoinPool.managedBlock(ForkJoinPool.java:3725)
	at java.base@21.0.8/java.util.concurrent.locks.AbstractQueuedSynchronizer$ConditionObject.await(AbstractQueuedSynchronizer.java:1712)
	at java.base@21.0.8/java.util.concurrent.LinkedBlockingDeque.takeFirst(LinkedBlockingDeque.java:485)
	at java.base@21.0.8/java.util.concurrent.LinkedBlockingDeque.take(LinkedBlockingDeque.java:673)
	at java.base@21.0.8/java.util.concurrent.ThreadPoolExecutor.getTask(ThreadPoolExecutor.java:1070)
	at java.base@21.0.8/java.util.concurrent.ThreadPoolExecutor.runWorker(ThreadPoolExecutor.java:1130)
	at java.base@21.0.8/java.util.concurrent.ThreadPoolExecutor$Worker.run(ThreadPoolExecutor.java:642)
	at java.base@21.0.8/java.lang.Thread.runWith(Thread.java:1596)
	at java.base@21.0.8/java.lang.Thread.run(Thread.java:1583)


"ForkJoinPool-4-worker-5" daemon prio=8 Id=384 TIMED_WAITING on java.util.concurrent.ForkJoinPool@1f83e466
	at java.base@21.0.8/jdk.internal.misc.Unsafe.park(Native Method)
	-  waiting on java.util.concurrent.ForkJoinPool@1f83e466
	at java.base@21.0.8/java.util.concurrent.locks.LockSupport.parkUntil(LockSupport.java:449)
	at java.base@21.0.8/java.util.concurrent.ForkJoinPool.awaitWork(ForkJoinPool.java:1891)
	at java.base@21.0.8/java.util.concurrent.ForkJoinPool.runWorker(ForkJoinPool.java:1809)
	at java.base@21.0.8/java.util.concurrent.ForkJoinWorkerThread.run(ForkJoinWorkerThread.java:188)


"ForkJoinPool-4-worker-6" daemon prio=5 Id=385 TIMED_WAITING on java.util.concurrent.ForkJoinPool@1f83e466
	at java.base@21.0.8/jdk.internal.misc.Unsafe.park(Native Method)
	-  waiting on java.util.concurrent.ForkJoinPool@1f83e466
	at java.base@21.0.8/java.util.concurrent.locks.LockSupport.parkUntil(LockSupport.java:449)
	at java.base@21.0.8/java.util.concurrent.ForkJoinPool.awaitWork(ForkJoinPool.java:1891)
	at java.base@21.0.8/java.util.concurrent.ForkJoinPool.runWorker(ForkJoinPool.java:1809)
	at java.base@21.0.8/java.util.concurrent.ForkJoinWorkerThread.run(ForkJoinWorkerThread.java:188)


"Keep-Alive-Timer" daemon prio=8 Id=387 TIMED_WAITING
	at java.base@21.0.8/java.lang.Thread.sleep0(Native Method)
	at java.base@21.0.8/java.lang.Thread.sleep(Thread.java:509)
	at java.base@21.0.8/sun.net.www.http.KeepAliveCache.run(KeepAliveCache.java:238)
	at java.base@21.0.8/java.lang.Thread.runWith(Thread.java:1596)
	at java.base@21.0.8/java.lang.Thread.run(Thread.java:1583)
	at java.base@21.0.8/jdk.internal.misc.InnocuousThread.run(InnocuousThread.java:186)



Stacktrace:
	at TRANSFORMER/minecraft@1.21.1/net.minecraft.server.dedicated.ServerWatchdog.run(ServerWatchdog.java:65) ~[server-1.21.1-20240808.144430-srg.jar%23309!/:?] {re:classloading}
	at java.base/java.lang.Thread.run(Thread.java:1583) [?:?] {re:mixin}


-- Performance stats --
Details:
	Random tick rate: 3
	Level stats: ResourceKey[minecraft:dimension / minecraft:overworld]: players: 0, entities: 45,45,28,52,52,0,0 [minecraft:salmon:21,wyrmroost:butterfly_leviathan:5,minecraft:creeper:4,minecraft:bat:3,minecraft:trader_llama:2], block_entities: 484 [lootr:lootr_chest:138,minecraft:hopper:96,minecraft:furnace:34,minecraft:campfire:32,minecraft:hanging_sign:32], block_ticks: 4, fluid_ticks: 2, chunk_source: Chunks[S] W: 1625 E: 45,45,28,52,52,0,0,
ResourceKey[minecraft:dimension / eternal_starlight:starlight]: players: 0, entities: 0,0,0,0,0,0,0 [], block_entities: 0 [], block_ticks: 0, fluid_ticks: 0, chunk_source: Chunks[S] W: 0 E: 0,0,0,0,0,0,0,
ResourceKey[minecraft:dimension / minecraft:the_nether]: players: 0, entities: 0,0,0,0,0,0,0 [], block_entities: 0 [], block_ticks: 0, fluid_ticks: 0, chunk_source: Chunks[S] W: 0 E: 0,0,0,0,0,0,0,
ResourceKey[minecraft:dimension / iceandfire_dreadland:dreadland]: players: 1, entities: 1831330,1831330,143,625,625,0,0 [legendary_monsters:camera_shake:1830969,minecraft:rabbit:67,minecraft:item:49,iceandfire:stymphalian_bird:39,iceandfire:dread_ghoul:34], block_entities: 126 [lootr:lootr_chest:54,legendary_monsters:somber_trapdoor:18,lootr:lootr_barrel:18,minecraft:sign:16,legendary_monsters:swinging_axe:16], block_ticks: 1065, fluid_ticks: 123, chunk_source: Chunks[S] W: 2209 E: 1831330,1831330,143,625,625,0,0,
ResourceKey[minecraft:dimension / minecraft:the_end]: players: 0, entities: 0,0,0,0,0,0,0 [], block_entities: 0 [], block_ticks: 0, fluid_ticks: 0, chunk_source: Chunks[S] W: 0 E: 0,0,0,0,0,0,0,
ResourceKey[minecraft:dimension / beloong:disaster]: players: 0, entities: 249,249,103,625,625,0,0 [minecraft:falling_block:60,minecraft:item:40,minecraft:creeper:23,minecraft:zombie:17,minecraft:bat:17], block_entities: 472 [lootr:lootr_barrel:133,lootr:lootr_chest:91,minecraft:mob_spawner:90,cataclysm:obsidian_explosion_trap_bricks:49,minecraft:sign:38], block_ticks: 3, fluid_ticks: 182, chunk_source: Chunks[S] W: 2209 E: 249,249,103,625,625,0,0,
ResourceKey[minecraft:dimension / beloong:loong_palace]: players: 0, entities: 0,0,0,49,49,0,0 [], block_entities: 119 [minecraft:beehive:57,minecraft:sign:51,minecraft:hanging_sign:10,minecraft:beacon:1], block_ticks: 0, fluid_ticks: 0, chunk_source: Chunks[S] W: 841 E: 0,0,0,49,49,0,0,
ResourceKey[minecraft:dimension / irons_spellbooks:pocket_dimension]: players: 0, entities: 0,0,0,0,0,0,0 [], block_entities: 0 [], block_ticks: 0, fluid_ticks: 0, chunk_source: Chunks[S] W: 0 E: 0,0,0,0,0,0,0,
ResourceKey[minecraft:dimension / twilightforest:twilight_forest]: players: 0, entities: 0,0,0,0,0,0,0 [], block_entities: 0 [], block_ticks: 0, fluid_ticks: 0, chunk_source: Chunks[S] W: 0 E: 0,0,0,0,0,0,0,
ResourceKey[minecraft:dimension / extradelight:cornfield]: players: 0, entities: 0,0,0,0,0,0,0 [], block_entities: 0 [], block_ticks: 0, fluid_ticks: 0, chunk_source: Chunks[S] W: 0 E: 0,0,0,0,0,0,0

-- System Details --
Details:
	Minecraft Version: 1.21.1
	Minecraft Version ID: 1.21.1
	Operating System: Windows 11 (amd64) version 10.0
	Java Version: 21.0.8, Azul Systems, Inc.
	Java VM Version: OpenJDK 64-Bit Server VM (mixed mode, sharing), Azul Systems, Inc.
	Memory: 8031875440 bytes (7659 MiB) / 30953963520 bytes (29520 MiB) up to 31675383808 bytes (30208 MiB)
	CPUs: 32
	Processor Vendor: AuthenticAMD
	Processor Name: AMD Ryzen 9 9950X 16-Core Processor            
	Identifier: AuthenticAMD Family 26 Model 68 Stepping 0
	Microarchitecture: unknown
	Frequency (GHz): 4.30
	Number of physical packages: 1
	Number of physical CPUs: 16
	Number of logical CPUs: 32
	Graphics card #0 name: AMD Radeon(TM) Graphics
	Graphics card #0 vendor: Advanced Micro Devices, Inc.
	Graphics card #0 VRAM (MiB): 2048.00
	Graphics card #0 deviceId: VideoController1
	Graphics card #0 versionInfo: 32.0.21030.2001
	Memory slot #0 capacity (MiB): 49152.00
	Memory slot #0 clockSpeed (GHz): 3.60
	Memory slot #0 type: Unknown
	Memory slot #1 capacity (MiB): 49152.00
	Memory slot #1 clockSpeed (GHz): 3.60
	Memory slot #1 type: Unknown
	Memory slot #2 capacity (MiB): 49152.00
	Memory slot #2 clockSpeed (GHz): 3.60
	Memory slot #2 type: Unknown
	Memory slot #3 capacity (MiB): 49152.00
	Memory slot #3 clockSpeed (GHz): 3.60
	Memory slot #3 type: Unknown
	Virtual memory max (MiB): 206440.42
	Virtual memory used (MiB): 98974.34
	Swap memory total (MiB): 12288.00
	Swap memory used (MiB): 0.00
	Space in storage for jna.tmpdir (MiB): <path not set>
	Space in storage for org.lwjgl.system.SharedLibraryExtractPath (MiB): <path not set>
	Space in storage for io.netty.native.workdir (MiB): <path not set>
	Space in storage for java.io.tmpdir (MiB): available: 235621.52, total: 391323.06
	Space in storage for workdir (MiB): available: 312866.69, total: 1560575.00
	JVM Flags: 18 total; -XX:+UseG1GC -XX:+ParallelRefProcEnabled -XX:MaxGCPauseMillis=200 -XX:+UnlockExperimentalVMOptions -XX:+DisableExplicitGC -XX:+AlwaysPreTouch -XX:G1NewSizePercent=30 -XX:G1MaxNewSizePercent=40 -XX:G1HeapRegionSize=8M -XX:G1ReservePercent=20 -XX:G1HeapWastePercent=5 -XX:G1MixedGCCountTarget=4 -XX:InitiatingHeapOccupancyPercent=15 -XX:G1MixedGCLiveThresholdPercent=90 -XX:G1RSetUpdatingPauseTimePercent=5 -XX:SurvivorRatio=32 -XX:+PerfDisableSharedMem -XX:MaxTenuringThreshold=1
	Server Running: true
	Player Count: 1 / 2026; [ServerPlayer['Liger_dragon'/856, l='ServerLevel[world]', x=7315.13, y=-27.00, z=2404.37]]
	Active Data Packs: vanilla, mod_data, mod/smsn (incompatible), mod/easyanvils (incompatible), mod/ftbessentials (incompatible), mod/playeranimator, mod/apollib, mod/tunes_n_tomes, mod/resource_world (incompatible), mod/nanny, mod/neoforge, mod/modernfix (incompatible), mod/krypton_fnp (incompatible), mod/yungsapi (incompatible), mod/server_i18n_api (incompatible), mod/clickadv (incompatible), mod/statuemenus (incompatible), mod/fdbosses, mod/balm (incompatible), mod/maid_sword_soaring (incompatible), mod/prickle (incompatible), mod/exposure (incompatible), mod/cloth_config (incompatible), mod/betterfortresses (incompatible), mod/ctov, mod/ldlib2, mod/slide_show, mod/eternal_starlight (incompatible), mod/yuushya_modelling, mod/torchmaster (incompatible), mod/block_factorys_bosses, mod/jupiter (incompatible), mod/astral_dragon, mod/vanillabackport, mod/mr_tidal_towns, mod/spark (incompatible), mod/curios (incompatible), mod/explosionbreaksnoblock (incompatible), mod/noisium (incompatible), mod/worldedit (incompatible), mod/adventure_platform_neoforge (incompatible), mod/betterendisland (incompatible), mod/hugestructureblocks, mod/l2library (incompatible), mod/fastleafdecay, mod/bettermineshafts (incompatible), mod/enchantinginfuser (incompatible), mod/iss_magicfromtheeast, mod/betterjungletemples (incompatible), mod/mowziesmobs (incompatible), mod/l2tabs (incompatible), mod/abridged, mod/jei (incompatible), mod/lithostitched, mod/irons_lib, mod/universalbonemeal (incompatible), mod/attributefix (incompatible), mod/visualworkbench (incompatible), mod/paxi (incompatible), mod/minimotd, mod/immersive_optimization (incompatible), mod/sweeper (incompatible), mod/iceandfire, mod/dungeons_arise_seven_seas (incompatible), mod/armorstatues (incompatible), mod/dungeons_arise, mod/spikyspikes (incompatible), mod/dragon_barrel_roll (incompatible), mod/tundradragon, mod/blackaures_paintings, mod/rhenium (incompatible), mod/terrablender (incompatible), mod/fdlib, mod/ohthetreesyoullgrow (incompatible), mod/alltheleaks, mod/melodymagic, mod/corgilib (incompatible), mod/forgeconfigapiport (incompatible), mod/fastpaintings (incompatible), mod/xaerominimap (incompatible), mod/fsweep, mod/polymorph (incompatible), mod/iceandfire_dreadland, mod/justenoughprofessions (incompatible), mod/l2core (incompatible), mod/minopp, mod/zenith, mod/appleskin (incompatible), mod/lootr, mod/constructionstick (incompatible), mod/puzzleslib (incompatible), mod/totw_modded, mod/kuma_api (incompatible), mod/transmog (incompatible), mod/betterwitchhuts (incompatible), mod/wyrmroost, mod/geckolib, mod/beautify (incompatible), mod/mr_ati_structuresvanillaedition (incompatible), mod/betteroceanmonuments (incompatible), mod/soulbound, mod/sophisticatedcore (incompatible), mod/xaeroworldmap (incompatible), mod/darkdoppelganger, mod/bookshelf (incompatible), mod/biomespy (incompatible), mod/sophisticatedbackpacks (incompatible), mod/dragon_survival_iaf_integration, mod/carryon (incompatible), mod/melody (incompatible), mod/raidsenhanced, mod/dummmmmmy (incompatible), mod/annihilator_type_a, mod/integration, mod/twilightforest, mod/konkrete (incompatible), mod/farmersdelight, mod/chunky (incompatible), mod/lionfishapi (incompatible), mod/gtbcs_spell_lib, mod/touhou_little_maid (incompatible), mod/netmusic (incompatible), mod/cataclysm (incompatible), mod/patchouli (incompatible), mod/collective, mod/cerbons_api (incompatible), mod/ftbultimine (incompatible), mod/betterstrongholds (incompatible), mod/boss_respawner, mod/teleportwaypoint, mod/twilightdelight (incompatible), mod/architectury (incompatible), mod/nerb, mod/ftblibrary (incompatible), mod/wands, mod/skyvillages, mod/carrasconlib, mod/structurecredits, mod/ftbteams (incompatible), mod/ftbquests (incompatible), mod/viscript_shop, mod/yuushya, mod/cupboard (incompatible), mod/moogs_structures (incompatible), mod/beyonddimensions, mod/xfws_swords, mod/l2menustacker (incompatible), mod/dragonsurvival, mod/wing_kirin, mod/dihuang_loong, mod/star_dragon, mod/frostfire_dragon, mod/chatbox, mod/viscript_lib, mod/rhino, mod/kubejs, mod/incontrol, mod/mss, mod/octolib, mod/simplelootviewer (incompatible), mod/biomeswevegone, mod/xaerolib (incompatible), mod/tab, mod/traderefresh (incompatible), mod/lockdown, mod/waystones (incompatible), mod/clumps (incompatible), mod/artifacts, mod/cinematiccataclysm, mod/explorerscompass (incompatible), mod/betterdeserttemples (incompatible), mod/netherdepthsupgrade, mod/bosses_of_mass_destruction (incompatible), mod/uranus, mod/akashictome (incompatible), mod/crystcursed_dragon, mod/ftbchunks (incompatible), mod/ftbxmodcompat (incompatible), mod/cutthrough (incompatible), mod/untitledduckmod (incompatible), mod/repeatable_trial_vaults (incompatible), mod/damage_number (incompatible), mod/moonlight, mod/regions_unexplored, mod/jade (incompatible), mod/platform, mod/iceberg, mod/advancementplaques, mod/legendary_monsters (incompatible), mod/irons_spellbooks (incompatible), mod/gametechbcs_spellbooks, mod/voicecastaddon, mod/beloong, mod/ds_aether_addon, mod/ds_night_striker_addon, mod/betteradvancedtooltips, mod/mvs, mod/ferritecore (incompatible), mod/extradelight (incompatible), mod/l2itemselector (incompatible), mod/reddensstonelantern, mod/packetfixer (incompatible), mod/expandability, mod/exposure_polaroid (incompatible), mod/ultramarine (incompatible), mod/winefoxs_spellbooks, mod/astral_dragon:data/astral_dragon/datapacks/early_unlock_astral, mod/tundradragon:data/dragonsurvival/datapacks/unlock_tundra_wings, mod/dragonsurvival:data/dragonsurvival/datapacks/ancient_stage, mod/dragonsurvival:data/dragonsurvival/datapacks/unlock_wings, mod/crystcursed_dragon:data/crystcursed_dragon/datapacks/unlock_wings, mod/crystcursed_dragon:data/crystcursed_dragon/datapacks/early_unlock_crystcursed, mod/crystcursed_dragon:data/crystcursed_dragon/datapacks/smooth_start, Hunter_omen Effect Improvement - v1.0.1.zip
	Available Data Packs: bundle, trade_rebalance, vanilla, mod/abridged, mod/advancementplaques, mod/adventure_platform_neoforge (incompatible), mod/akashictome (incompatible), mod/alltheleaks, mod/annihilator_type_a, mod/apollib, mod/appleskin (incompatible), mod/architectury (incompatible), mod/armorstatues (incompatible), mod/artifacts, mod/astral_dragon, mod/attributefix (incompatible), mod/balm (incompatible), mod/beautify (incompatible), mod/beloong, mod/betteradvancedtooltips, mod/betterdeserttemples (incompatible), mod/betterendisland (incompatible), mod/betterfortresses (incompatible), mod/betterjungletemples (incompatible), mod/bettermineshafts (incompatible), mod/betteroceanmonuments (incompatible), mod/betterstrongholds (incompatible), mod/betterwitchhuts (incompatible), mod/beyonddimensions, mod/biomespy (incompatible), mod/biomeswevegone, mod/blackaures_paintings, mod/block_factorys_bosses, mod/bookshelf (incompatible), mod/boss_respawner, mod/bosses_of_mass_destruction (incompatible), mod/carrasconlib, mod/carryon (incompatible), mod/cataclysm (incompatible), mod/cerbons_api (incompatible), mod/chatbox, mod/chunky (incompatible), mod/cinematiccataclysm, mod/clickadv (incompatible), mod/cloth_config (incompatible), mod/clumps (incompatible), mod/collective, mod/constructionstick (incompatible), mod/corgilib (incompatible), mod/crystcursed_dragon, mod/ctov, mod/cupboard (incompatible), mod/curios (incompatible), mod/cutthrough (incompatible), mod/damage_number (incompatible), mod/darkdoppelganger, mod/dihuang_loong, mod/dragon_barrel_roll (incompatible), mod/dragon_survival_iaf_integration, mod/dragonsurvival, mod/ds_aether_addon, mod/ds_night_striker_addon, mod/dummmmmmy (incompatible), mod/dungeons_arise, mod/dungeons_arise_seven_seas (incompatible), mod/easyanvils (incompatible), mod/enchantinginfuser (incompatible), mod/eternal_starlight (incompatible), mod/expandability, mod/explorerscompass (incompatible), mod/explosionbreaksnoblock (incompatible), mod/exposure (incompatible), mod/exposure_polaroid (incompatible), mod/extradelight (incompatible), mod/farmersdelight, mod/fastleafdecay, mod/fastpaintings (incompatible), mod/fdbosses, mod/fdlib, mod/ferritecore (incompatible), mod/forgeconfigapiport (incompatible), mod/frostfire_dragon, mod/fsweep, mod/ftbchunks (incompatible), mod/ftbessentials (incompatible), mod/ftblibrary (incompatible), mod/ftbquests (incompatible), mod/ftbteams (incompatible), mod/ftbultimine (incompatible), mod/ftbxmodcompat (incompatible), mod/gametechbcs_spellbooks, mod/geckolib, mod/gtbcs_spell_lib, mod/hugestructureblocks, mod/iceandfire, mod/iceandfire_dreadland, mod/iceberg, mod/immersive_optimization (incompatible), mod/incontrol, mod/integration, mod/irons_lib, mod/irons_spellbooks (incompatible), mod/iss_magicfromtheeast, mod/jade (incompatible), mod/jei (incompatible), mod/jupiter (incompatible), mod/justenoughprofessions (incompatible), mod/konkrete (incompatible), mod/krypton_fnp (incompatible), mod/kubejs, mod/kuma_api (incompatible), mod/l2core (incompatible), mod/l2itemselector (incompatible), mod/l2library (incompatible), mod/l2menustacker (incompatible), mod/l2tabs (incompatible), mod/ldlib2, mod/legendary_monsters (incompatible), mod/lionfishapi (incompatible), mod/lithostitched, mod/lockdown, mod/lootr, mod/maid_sword_soaring (incompatible), mod/melody (incompatible), mod/melodymagic, mod/minimotd, mod/minopp, mod/modernfix (incompatible), mod/moogs_structures (incompatible), mod/moonlight, mod/mowziesmobs (incompatible), mod/mr_ati_structuresvanillaedition (incompatible), mod/mr_tidal_towns, mod/mss, mod/mvs, mod/nanny, mod/neoforge, mod/nerb, mod/netherdepthsupgrade, mod/netmusic (incompatible), mod/noisium (incompatible), mod/octolib, mod/ohthetreesyoullgrow (incompatible), mod/packetfixer (incompatible), mod/patchouli (incompatible), mod/paxi (incompatible), mod/platform, mod/playeranimator, mod/polymorph (incompatible), mod/prickle (incompatible), mod/puzzleslib (incompatible), mod/raidsenhanced, mod/reddensstonelantern, mod/regions_unexplored, mod/repeatable_trial_vaults (incompatible), mod/resource_world (incompatible), mod/rhenium (incompatible), mod/rhino, mod/server_i18n_api (incompatible), mod/simplelootviewer (incompatible), mod/skyvillages, mod/slide_show, mod/smsn (incompatible), mod/sophisticatedbackpacks (incompatible), mod/sophisticatedcore (incompatible), mod/soulbound, mod/spark (incompatible), mod/spikyspikes (incompatible), mod/star_dragon, mod/statuemenus (incompatible), mod/structurecredits, mod/sweeper (incompatible), mod/tab, mod/teleportwaypoint, mod/terrablender (incompatible), mod/torchmaster (incompatible), mod/totw_modded, mod/touhou_little_maid (incompatible), mod/traderefresh (incompatible), mod/transmog (incompatible), mod/tundradragon, mod/tunes_n_tomes, mod/twilightdelight (incompatible), mod/twilightforest, mod/ultramarine (incompatible), mod/universalbonemeal (incompatible), mod/untitledduckmod (incompatible), mod/uranus, mod/vanillabackport, mod/viscript_lib, mod/viscript_shop, mod/visualworkbench (incompatible), mod/voicecastaddon, mod/wands, mod/waystones (incompatible), mod/winefoxs_spellbooks, mod/wing_kirin, mod/worldedit (incompatible), mod/wyrmroost, mod/xaerolib (incompatible), mod/xaerominimap (incompatible), mod/xaeroworldmap (incompatible), mod/xfws_swords, mod/yungsapi (incompatible), mod/yuushya, mod/yuushya_modelling, mod/zenith, mod_data, mod/astral_dragon:data/astral_dragon/datapacks/early_unlock_astral, mod/enchantinginfuser:data/enchantinginfuser/datapacks/treasure_enchantments, Hunter_omen Effect Improvement - v1.0.1.zip, mod/tundradragon:data/dragonsurvival/datapacks/unlock_tundra_wings, mod/lootr:datapacks/lootr_no_advancements, mod/lootr:datapacks/lootr_no_suspicious_blocks, mod/dragonsurvival:data/dragonsurvival/datapacks/ancient_stage, mod/dragonsurvival:data/dragonsurvival/datapacks/unlock_wings, mod/dragonsurvival:data/dragonsurvival/datapacks/ancient_stage_no_crushing, mod/dragonsurvival:data/dragonsurvival/datapacks/no_penalties, mod/wing_kirin:data/wing_kirin/datapacks/low_unlock_condition, mod/wing_kirin:data/wing_kirin/datapacks/innate_low_upgrade_requirement, mod/wing_kirin:data/wing_kirin/datapacks/unlock_acquired_abilities, mod/wing_kirin:data/wing_kirin/datapacks/acquired_low_upgrade_requirement, mod/crystcursed_dragon:data/crystcursed_dragon/datapacks/unlock_wings, mod/crystcursed_dragon:data/crystcursed_dragon/datapacks/early_unlock_crystcursed, mod/crystcursed_dragon:data/crystcursed_dragon/datapacks/smooth_start, mod/crystcursed_dragon:data/crystcursed_dragon/datapacks/laser_hit_explosion, mod/crystcursed_dragon:data/crystcursed_dragon/datapacks/no_penalties, mod/crystcursed_dragon:data/crystcursed_dragon/datapacks/no_experience_conversion
	Enabled Feature Flags: minecraft:vanilla
	World Generation: Stable
	World Seed: -394436892259195477
	Is Modded: Definitely; Server brand changed to 'neoforge'
	Type: Dedicated Server (map_server.txt)
	ModLauncher: 11.0.5+main.901c6ea8
	ModLauncher launch target: forgeserver
	ModLauncher services: 
		sponge-mixin-0.15.2+mixin.0.8.7.jar mixin PLUGINSERVICE 
		loader-4.0.43.jar slf4jfixer PLUGINSERVICE 
		loader-4.0.43.jar runtime_enum_extender PLUGINSERVICE 
		at-modlauncher-10.0.1.jar accesstransformer PLUGINSERVICE 
		loader-4.0.43.jar runtimedistcleaner PLUGINSERVICE 
		modlauncher-11.0.5.jar mixin TRANSFORMATIONSERVICE 
		modlauncher-11.0.5.jar fml TRANSFORMATIONSERVICE 
		modlauncher-11.0.5.jar hotai TRANSFORMATIONSERVICE 
	FML Language Providers: 
		javafml@4.0
		lowcodefml@4.0
		minecraft@4.0
	Mod List: 
		【结构】abridged-2.0.2-neoforge-21.1.jar              |Abridged                      |abridged                      |2.0.2               |Manifest: NOSIGNATURE
		[进度牌匾] AdvancementPlaques-1.21.1-neoforge-1.6.8.ja|Advancement Plaques           |advancementplaques            |1.6.8               |Manifest: NOSIGNATURE
		adventure-platform-neoforge-6.0.0.jar             |adventure-platform-neoforge   |adventure_platform_neoforge   |6.0.0               |Manifest: NOSIGNATURE
		[阿卡什宝典] AkashicTome-1.8-30.jar                    |Akashic Tome                  |akashictome                   |1.8-30              |Manifest: NOSIGNATURE
		【优化】alltheleaks-1.1.13+1.21.1-neoforge.jar        |All The Leaks                 |alltheleaks                   |1.1.13+1.21.1-neofor|Manifest: NOSIGNATURE
		[龙之生存：机械龙] annihilator_type_a-1.1.3.jar           |Annihilator Type A            |annihilator_type_a            |1.1.3               |Manifest: NOSIGNATURE
		apollib-1.1.5-neoforge-21.1.jar                   |Apollib                       |apollib                       |1.1.5               |Manifest: NOSIGNATURE
		[苹果皮] appleskin-neoforge-mc1.21-3.0.9.jar         |AppleSkin                     |appleskin                     |3.0.9+mc1.21        |Manifest: NOSIGNATURE
		【前置】architectury-13.0.8-neoforge.jar              |Architectury                  |architectury                  |13.0.8              |Manifest: NOSIGNATURE
		[盔甲架姿势] ArmorStatues-v21.1.0-1.21.1-NeoForge.jar  |Armor Statues                 |armorstatues                  |21.1.0              |Manifest: NOSIGNATURE
		[奇异饰品] artifacts-neoforge-13.2.5.jar              |Artifacts                     |artifacts                     |13.2.5              |Manifest: NOSIGNATURE
		[龙之生存：星界龙] astral_dragon-0.5.2.jar                |AstralDragon                  |astral_dragon                 |0.5.2               |Manifest: NOSIGNATURE
		【结构】ATi Structures Vanilla V1.4.7.jar             |ATi Structures - Vanilla Editi|mr_ati_structuresvanillaeditio|1.4.5               |Manifest: NOSIGNATURE
		【服务器】[基石清理] AtomSweep-neoforge-1.21-1.0.0.jar     |AtomSweep                     |sweeper                       |1.0.0               |Manifest: NOSIGNATURE
		[属性修复] attributefix-neoforge-1.21.1-21.1.3.jar    |AttributeFix                  |attributefix                  |21.1.3              |Manifest: NOSIGNATURE
		【前置】balm-neoforge-1.21.1-21.0.66.jar              |Balm                          |balm                          |21.0.66             |Manifest: NOSIGNATURE
		[美化] beautify-neoforge-1.21.1-2.0.2.jar           |Beautify                      |beautify                      |2.0.2               |Manifest: NOSIGNATURE
		beloong-0.10.1.jar                                |BeLoong Core                  |beloong                       |0.10.1              |Manifest: NOSIGNATURE
		better-advanced-tooltips-2101.1.0-build.1.jar     |Better Advanced Tooltips      |betteradvancedtooltips        |2101.1.0-build.1    |Manifest: NOSIGNATURE
		[超越维度] beyonddimensions-1.21.1-neoforge-0.7.30.jar|Beyond Dimensions             |beyonddimensions              |0.7.30              |Manifest: NOSIGNATURE
		【优化】biomespy-neoforge-1.21.1-1.3.3.jar            |BiomeSpy                      |biomespy                      |1.3.3               |Manifest: NOSIGNATURE
		[龙之画] blackaures_paintings-1.3-neoforge-1.21.1.jar|blackaures_paintings          |blackaures_paintings          |1.3                 |Manifest: NOSIGNATURE
		【前置】bookshelf-neoforge-1.21.1-21.1.81.jar         |Bookshelf                     |bookshelf                     |21.1.81             |Manifest: NOSIGNATURE
		[祸乱鬼魅] BOMD-NeoForge-1.21-1.3.3.jar               |Bosses of Mass Destruction    |bosses_of_mass_destruction    |1.3.3               |Manifest: NOSIGNATURE
		[首领崛起] block_factorys_bosses-2.1.2-neo-1.21.1.jar |Bosses'Rise                   |block_factorys_bosses         |2.1.2               |Manifest: NOSIGNATURE
		[建筑之杖] BuildingWands-neoforge-MC1.21.1-3.0.5.jar  |Building Wands                |wands                         |3.0.5               |Manifest: NOSIGNATURE
		【前置】carrasconlib-neoforge-1.21.1-0.1.jar          |Carrascon Lib                 |carrasconlib                  |1.21.1-0.1          |Manifest: NOSIGNATURE
		[搬运] carryon-neoforge-1.21.1-2.2.2.11.jar         |Carry On                      |carryon                       |2.2.2               |Manifest: NOSIGNATURE
		【前置】CerbonsAPI-NeoForge-1.21-1.3.0.jar            |Cerbons API                   |cerbons_api                   |1.3.0               |Manifest: NOSIGNATURE
		chatbox-neoforge-1.21.1-1.1.5-fix.jar             |ChatBox                       |chatbox                       |1.1.5               |Manifest: NOSIGNATURE
		【结构】ctov-3.6.3.jar                                |ChoiceTheorem's Overhauled Vil|ctov                          |3.6.3               |Manifest: NOSIGNATURE
		【服务器】[预生成区块] Chunky-NeoForge-1.4.23.jar           |Chunky                        |chunky                        |1.4.23              |Manifest: NOSIGNATURE
		[灾变：出场动画] cinematiccataclysm-1.0.1-1.21.1.jar     |Cinematic Cataclysm           |cinematiccataclysm            |1.0.1               |Manifest: NOSIGNATURE
		[可点击的进度] clickadv-1.21-3.8.jar                    |Clickable Advancements mod    |clickadv                      |3.8                 |Manifest: NOSIGNATURE
		【前置】cloth-config-15.0.140-neoforge.jar            |Cloth Config v15 API          |cloth_config                  |15.0.140            |Manifest: NOSIGNATURE
		[经验机制改革] Clumps-neoforge-1.21.1-19.0.0.1.jar      |Clumps                        |clumps                        |19.0.0.1            |Manifest: NOSIGNATURE
		【前置】collective-1.21.1-8.40.jar                    |Collective                    |collective                    |8.40                |Manifest: NOSIGNATURE
		[建筑棒] ConstructionSticks-1.21.1-1.5.0.jar         |Construction Sticks           |constructionstick             |1.5.0               |Manifest: NOSIGNATURE
		【前置】Corgilib-NeoForge-1.21.1-5.0.0.9.jar          |CorgiLib                      |corgilib                      |5.0.0.9             |Manifest: NOSIGNATURE
		[龙之生存：晶咒龙] crystcursed_dragon-1.4.0.jar           |Crystcursed Dragon            |crystcursed_dragon            |1.4.0               |Manifest: NOSIGNATURE
		【前置】cupboard-1.21.1-4.1.jar                       |Cupboard mod                  |cupboard                      |4.1                 |Manifest: NOSIGNATURE
		【前置】curios-neoforge-9.5.1+1.21.1.jar              |Curios API                    |curios                        |9.5.1+1.21.1        |Manifest: NOSIGNATURE
		[穿草攻击] CutThrough-v21.1.0-1.21.1-NeoForge.jar     |Cut Through                   |cutthrough                    |21.1.0              |Manifest: NOSIGNATURE
		[伤害数字显示] 1.21-damage_number-2.0.3.jar             |Damage Number                 |damage_number                 |2.0.3               |Manifest: NOSIGNATURE
		[黑暗二重身] darkdoppelganger-3.4.0-1.21.1.jar         |DarkDoppelganger              |darkdoppelganger              |3.4.0-1.21.1        |Manifest: NOSIGNATURE
		dihuang_loong-0.6.3-beta.jar                      |DiHuang Loong                 |dihuang_loong                 |0.6.3-beta          |Manifest: NOSIGNATURE
		[龙之生存：滚筒飞行] dragon_barrel_roll-2.0.2.jar          |Dragon Barrel Roll            |dragon_barrel_roll            |2.0.2               |Manifest: NOSIGNATURE
		[龙之生存] DragonSurvival-1.21.1-v2.0.71-25.09.2026-al|Dragon Survival               |dragonsurvival                |2.0.71              |Manifest: NOSIGNATURE
		[龙之生存：以太龙] ds_aether_addon-1.1.0-neoforge-1.21.1.j|Dragon Survival - Aether Drago|ds_aether_addon               |1.1.0               |Manifest: NOSIGNATURE
		[龙之生存：冰火传说联动] dragon_survival_iaf_integration-1.2.|Dragon Survival: IAF Integrati|dragon_survival_iaf_integratio|1.2.3               |Manifest: NOSIGNATURE
		[简易铁砧] EasyAnvils-v21.1.0-1.21.1-NeoForge.jar     |Easy Anvils                   |easyanvils                    |21.1.0              |Manifest: NOSIGNATURE
		[附魔灌注台] EnchantingInfuser-v21.1.4-1.21.1-NeoForge.|Enchanting Infuser            |enchantinginfuser             |21.1.4              |Manifest: NOSIGNATURE
		[永恒星光] eternalstarlight-0.9.1+1.21.1+neoforge.jar |Eternal Starlight             |eternal_starlight             |0.9.1+1.21.1+neoforg|Manifest: NOSIGNATURE
		expandability-neoforge-12.0.0.jar                 |ExpandAbility                 |expandability                 |12.0.0              |Manifest: NOSIGNATURE
		[结构罗盘强化版] Explorer's Compass Enhance-1.21.1-neofor|Explorer's Compass Enhance    |explorerscompass              |1.21.1-neoforge-1.6.|Manifest: NOSIGNATURE
		[爆炸不破坏方块] explosionbreaksnoblock-neoforge-1.21-0.3|Explosion Breaks No Block     |explosionbreaksnoblock        |0.3.2               |Manifest: NOSIGNATURE
		[拾光定影] exposure-neoforge-1.21.1-1.9.18.jar        |Exposure                      |exposure                      |1.9.18              |Manifest: NOSIGNATURE
		[拾光定影：拍立得] exposure_polaroid-neoforge-1.21.1-1.1.6|Exposure Polaroid             |exposure_polaroid             |1.1.6               |Manifest: NOSIGNATURE
		[额外乐事] extradelight-2.6.6.jar                     |Extra Delight                 |extradelight                  |2.6.5               |Manifest: NOSIGNATURE
		[F键扫荡] fsweep-neoforge-1.21.1-1.5.0.jar           |F-Sweep                       |fsweep                        |1.5.0               |Manifest: NOSIGNATURE
		[农夫乐事] FarmersDelight-1.21.1-1.3.4.jar            |Farmer's Delight              |farmersdelight                |1.3.4               |Manifest: NOSIGNATURE
		【优化】fastpaintings-1.21-1.3.1-neoforge.jar         |Fast Paintings                |fastpaintings                 |1.21-1.3.1          |Manifest: NOSIGNATURE
		[树叶快速腐烂] fastleafdecay-35.jar                     |FastLeafDecay                 |fastleafdecay                 |35                  |Manifest: NOSIGNATURE
		【前置】fdlib-1.0.9-1.21.1.jar                        |FDLib                         |fdlib                         |1.0.9               |Manifest: NOSIGNATURE
		[铁氧体磁芯] ferritecore-7.0.3-neoforge.jar            |Ferrite Core                  |ferritecore                   |7.0.3               |Manifest: 41:ce:50:66:d1:a0:05:ce:a1:0e:02:85:9b:46:64:e0:bf:2e:cf:60:30:9a:fe:0c:27:e0:63:66:9a:84:ce:8a
		【前置】ForgeConfigAPIPort-v21.1.6-1.21.1-NeoForge.jar|Forge Config API Port         |forgeconfigapiport            |21.1.6              |Manifest: NOSIGNATURE
		[龙之生存：冰焰龙] frostfire_dragon-1.6.0.jar             |Frostfire Dragon              |frostfire_dragon              |1.6.0               |Manifest: NOSIGNATURE
		[FTB区块] ftb-chunks-neoforge-2101.1.21.jar         |FTB Chunks                    |ftbchunks                     |2101.1.21           |Manifest: NOSIGNATURE
		[FTB基础] ftb-essentials-neoforge-2101.1.10.jar     |FTB Essentials                |ftbessentials                 |2101.1.10           |Manifest: NOSIGNATURE
		【前置】ftb-library-neoforge-2101.1.35.jar            |FTB Library                   |ftblibrary                    |2101.1.35           |Manifest: NOSIGNATURE
		[FTB任务] ftb-quests-neoforge-2101.1.34.jar         |FTB Quests                    |ftbquests                     |2101.1.34           |Manifest: NOSIGNATURE
		[FTB团队] ftb-teams-neoforge-2101.1.10.jar          |FTB Teams                     |ftbteams                      |2101.1.10           |Manifest: NOSIGNATURE
		[FTB连锁] ftb-ultimine-neoforge-2101.1.15.jar       |FTB Ultimine                  |ftbultimine                   |2101.1.15           |Manifest: NOSIGNATURE
		【前置】ftb-xmod-compat-neoforge-21.1.10.jar          |FTB XMod Compat               |ftbxmodcompat                 |21.1.10             |Manifest: NOSIGNATURE
		[GTBC的魔法书] gametechbcs_spellbooks-3.0.0-1.21.1.jar|GameTechBC's Spellbooks       |gametechbcs_spellbooks        |3.0.0-1.21.1        |Manifest: NOSIGNATURE
		【前置】geckolib-neoforge-1.21.1-4.9.3.jar            |GeckoLib 4                    |geckolib                      |4.9.3               |Manifest: NOSIGNATURE
		【前置】gtbcs_spell_lib-1.6.0-1.21.1.jar              |GTBC's SpellLib               |gtbcs_spell_lib               |1.6.0-1.21.1        |Manifest: NOSIGNATURE
		【结构】huge-structure-blocks-neoforge-1.1.6.jar      |Huge Structure Blocks         |hugestructureblocks           |1.1.6               |Manifest: NOSIGNATURE
		[冰火传说社区版] iceandfire-2.1.3.jar                    |Ice And Fire Community Edition|iceandfire                    |2.1.3               |Manifest: NOSIGNATURE
		[冰火传说：悚域] iceandfire_dreadland-0.1.2.jar          |Ice And Fire: Dread Land      |iceandfire_dreadland          |0.1.2               |Manifest: NOSIGNATURE
		【前置】Iceberg-1.21.1-neoforge-1.3.2.jar             |Iceberg                       |iceberg                       |1.3.2               |Manifest: NOSIGNATURE
		【优化】immersive_optimization-neoforge-1.21.1-0.2.0.j|Immersive Optimization        |immersive_optimization        |0.2.0               |Manifest: NOSIGNATURE
		【魔改】incontrol-1.21-10.3.0.jar                     |InControl                     |incontrol                     |1.21-10.3.0         |Manifest: NOSIGNATURE
		integration-neoforge-0.2.jar                      |Integration                   |integration                   |0.2                 |Manifest: NOSIGNATURE
		【前置】irons_lib-1.21.1-2.1.0.jar                    |Iron's Lib                    |irons_lib                     |1.21.1-2.1.0        |Manifest: NOSIGNATURE
		[Iron的法术与魔法书] irons_spellbooks-1.21.1-3.16.3.jar  |Iron's Spells 'n Spellbooks   |irons_spellbooks              |1.21.1-3.16.3       |Manifest: NOSIGNATURE
		[东方秘术] iss_magicfromtheeast-1.1.5.jar             |ISS: Magic From The East      |iss_magicfromtheeast          |1.1.5               |Manifest: NOSIGNATURE
		[玉] Jade-1.21.1-NeoForge-15.10.6.jar              |Jade                          |jade                          |15.10.6+neoforge    |Manifest: NOSIGNATURE
		【前置】jupiter-2.3.7-1.21.1-neoforge.jar             |Jupiter                       |jupiter                       |2.3.7               |Manifest: NOSIGNATURE
		[JEI物品管理器] jei-1.21.1-neoforge-19.51.0.418.jar    |Just Enough Items             |jei                           |19.51.0.418         |Manifest: NOSIGNATURE
		[JEI工作方块] JustEnoughProfessions-neoforge-1.21.1-4.|Just Enough Professions (JEP) |justenoughprofessions         |4.0.5               |Manifest: NOSIGNATURE
		【前置】konkrete_neoforge_1.9.9_MC_1.21.jar           |Konkrete                      |konkrete                      |1.9.9               |Manifest: NOSIGNATURE
		【服务器】[氪] krypton_fnp-neoforge-1.21.1-0.2.27-1.21.1|Krypton FNP                   |krypton_fnp                   |0.2.27-1.21.1       |Manifest: NOSIGNATURE
		【魔改】kubejs-neoforge-2101.7.2-build.377.jar        |KubeJS                        |kubejs                        |2101.7.2-build.377  |Manifest: NOSIGNATURE
		kuma-api-neoforge-21.0.8+1.21.jar                 |KumaAPI                       |kuma_api                      |21.0.8              |Manifest: NOSIGNATURE
		l2core-3.0.8+16.jar                               |L2Core                        |l2core                        |3.0.8+16            |Manifest: NOSIGNATURE
		l2itemselector-3.0.9.jar                          |L2ItemSelector                |l2itemselector                |3.0.9               |Manifest: NOSIGNATURE
		【前置】l2library-3.0.8.jar                           |L2Library                     |l2library                     |3.0.8               |Manifest: NOSIGNATURE
		l2menustacker-3.0.10.jar                          |L2MenuStacker                 |l2menustacker                 |3.0.10              |Manifest: NOSIGNATURE
		l2tabs-3.0.5+7.jar                                |L2Tabs                        |l2tabs                        |3.0.5+7             |Manifest: NOSIGNATURE
		[灾变] L_Ender's Cataclysm 1.21.1-3.33.jar          |L_Ender's Cataclysm 1.21.1    |cataclysm                     |3.33                |Manifest: NOSIGNATURE
		[传奇怪物] legendary_monsters-2.2.3 MC 1.21.1.jar     |legendary_monsters            |legendary_monsters            |1.21.1              |Manifest: NOSIGNATURE
		【前置】lionfishapi-3.1.jar                           |lionfishapi                   |lionfishapi                   |3.1                 |Manifest: NOSIGNATURE
		【前置】lithostitched-1.7.13-neoforge-21.1.jar        |Lithostitched                 |lithostitched                 |1.7.13              |Manifest: NOSIGNATURE
		[地图生成锁定] lockdown-1.1.1.jar                       |LockDown                      |lockdown                      |1.1.1               |Manifest: NOSIGNATURE
		[战利品箱子] lootr-neoforge-1.21.1-1.11.38.127.jar     |Lootr                         |lootr                         |1.21.1-1.11.38.127  |Manifest: NOSIGNATURE
		【前置】ldlib2-neoforge-1.21.1-2.2.41-all.jar         |LowDragLib2                   |ldlib2                        |2.2.41              |Manifest: NOSIGNATURE
		[女仆御剑] maid_sword_soaring-neoforge1.21.1-1.0.7.jar|Maid Sword Soaring            |maid_sword_soaring            |1.0.7               |Manifest: NOSIGNATURE
		【前置】melody_neoforge_1.0.10_MC_1.21.jar            |Melody                        |melody                        |1.0.10              |Manifest: NOSIGNATURE
		[旋律魔法] melodymagic-2.0.0.jar                      |Melody Magic                  |melodymagic                   |1.4.0               |Manifest: NOSIGNATURE
		server-1.21.1-20240808.144430-srg.jar             |Minecraft                     |minecraft                     |1.21.1              |Manifest: NOSIGNATURE
		【服务器】[列表标语] minimotd-neoforge-mc1.21.1-2.1.3.jar  |MiniMOTD                      |minimotd                      |2.1.3               |Manifest: NOSIGNATURE
		minopp-1.4.0+1.21.1+neoforge.jar                  |Minopp                        |minopp                        |1.4.0+1.21.1+neoforg|Manifest: NOSIGNATURE
		[试验假人] dummmmmmy-1.21-2.0.12-neoforge.jar         |MmmMmmMmmMmm                  |dummmmmmy                     |1.21-2.0.12         |Manifest: NOSIGNATURE
		[现代化修复] modernfix-neoforge-5.27.24+mc1.21.1.jar   |ModernFix                     |modernfix                     |5.27.24+mc1.21.1    |Manifest: NOSIGNATURE
		【结构】MoogsStructureLib-neoforge-1.21.1-3.3.1.jar   |Moog's Structure Lib          |moogs_structures              |3.3.1               |Manifest: NOSIGNATURE
		【结构】MoogsSoaringStructures-universal-1.21-2.2.0.ja|MoogsSoaringStructures        |mss                           |2.2.0               |Manifest: NOSIGNATURE
		【结构】MoogsVoyagerStructures-universal-1.21-5.1.3.ja|MoogsVoyagerStructures        |mvs                           |5.1.3               |Manifest: NOSIGNATURE
		【前置】moonlight-neoforge-1.21.1-3.0.18.jar          |Moonlight Lib                 |moonlight                     |1.21.1-3.0.18       |Manifest: NOSIGNATURE
		[Mowzie的生物] mowziesmobs-1.21.1-1.8.2.jar          |Mowzie's Mobs                 |mowziesmobs                   |1.8.2               |Manifest: NOSIGNATURE
		[假死修复] NaNny-1.21.1-1.0.1.jar                     |NaNny                         |nanny                         |1.0.1               |Manifest: NOSIGNATURE
		neoforge-21.1.248-universal.jar                   |NeoForge                      |neoforge                      |21.1.248            |Manifest: NOSIGNATURE
		[网络音乐机] netmusic-1.5.2-neoforge+mc1.21.1.jar      |Net Music Mod                 |netmusic                      |1.5.2-neoforge+mc1.2|Manifest: NOSIGNATURE
		[炽海生机] netherdepthsupgrade-3.3-1.21.1-NeoForge.jar|Nether Depths Upgrade         |netherdepthsupgrade           |3.3                 |Manifest: NOSIGNATURE
		[龙之生存：夜煞] ds_night_striker_addon-1.0.3-neoforge-1.|Night Striker - Dragon Surviva|ds_night_striker_addon        |1.0.3               |Manifest: NOSIGNATURE
		【优化】noisium-neoforge-2.3.0+mc1.21-1.21.1.jar      |Noisium                       |noisium                       |2.3.0+mc1.21-1.21.1 |Manifest: NOSIGNATURE
		【优化】Not Enough Recipe Book-NEOFORGE-0.4.3+1.21.jar|Not Enough Recipe Book        |nerb                          |0.4.3               |Manifest: NOSIGNATURE
		【前置】OctoLib-NEOFORGE-0.6.2+1.21.jar               |OctoLib                       |octolib                       |0.6.2               |Manifest: NOSIGNATURE
		[我们走过的生物群系] Oh-The-Biomes-Weve-Gone-NeoForge-2.6.0|Oh The Biomes We've Gone      |biomeswevegone                |2.6.0               |Manifest: NOSIGNATURE
		【前置】Oh-The-Trees-Youll-Grow-neoforge-1.21.1-5.3.2.|Oh The Trees You'll Grow      |ohthetreesyoullgrow           |5.3.2               |Manifest: NOSIGNATURE
		[数据包修复] packetfixer-3.3.1-1.20.5-1.21.X-merged.jar|PacketFixer                   |packetfixer                   |3.3.1               |Manifest: NOSIGNATURE
		[帕秋莉手册] Patchouli-1.21.1-93-NEOFORGE.jar          |Patchouli                     |patchouli                     |1.21.1-93-NEOFORGE  |Manifest: NOSIGNATURE
		[全局数据包] Paxi-1.21.1-NeoForge-5.1.3.jar            |Paxi                          |paxi                          |1.21.1-NeoForge-5.1.|Manifest: NOSIGNATURE
		【前置】Platform-neoforge-1.21.1-1.3.3.jar            |Platform                      |platform                      |1.3.3               |Manifest: NOSIGNATURE
		【前置】player-animation-lib-forge-2.0.4+1.21.1.jar   |Player Animator               |playeranimator                |2.0.4+1.21.1        |Manifest: NOSIGNATURE
		[多态合成] polymorph-neoforge-1.1.0+1.21.1.jar        |Polymorph                     |polymorph                     |1.1.0+1.21.1        |Manifest: NOSIGNATURE
		【前置】prickle-neoforge-1.21.1-21.1.11.jar           |PrickleMC                     |prickle                       |21.1.11             |Manifest: NOSIGNATURE
		【前置】PuzzlesLib-v21.1.52-1.21.1-NeoForge.jar       |Puzzles Lib                   |puzzleslib                    |21.1.52             |Manifest: NOSIGNATURE
		[逆卡巴拉：觉醒] fdbosses-3.2-1.21.1.jar                 |Qliphoth Awakening            |fdbosses                      |3.2                 |Manifest: NOSIGNATURE
		[袭击增强] raidsenhanced-1.0.2-1.21.1.jar             |Raids: Enhanced               |raidsenhanced                 |1.0.2               |Manifest: NOSIGNATURE
		[Redden的石灯笼] reddensstonelantern-1.0.4-neoforge-1.|Redden's Stone Lanterns       |reddensstonelantern           |1.0.4               |Manifest: NOSIGNATURE
		[未至之地] regions-unexplored-0.6.2-neoforge-21.1.jar |Regions Unexplored            |regions_unexplored            |0.6.2               |Manifest: NOSIGNATURE
		[可重复的试炼宝库] repeatable_trial_vaults-neoforge-1.21-1|Repeatable Trial Vaults       |repeatable_trial_vaults       |1.0.3               |Manifest: NOSIGNATURE
		【服务器】[资源世界] resource_world-1.5.1-bugfix-1.21.1-neo|Resource World                |resource_world                |1.5.1-bugfix        |Manifest: NOSIGNATURE
		【优化】rhenium-1.0.0+neo.jar                         |Rhenium                       |rhenium                       |1.0.0               |Manifest: NOSIGNATURE
		【前置】rhino-2101.2.7-build.85.jar                   |Rhino                         |rhino                         |2101.2.7-build.85   |Manifest: NOSIGNATURE
		[救救我的答辩网络] smsn-neoforge-1.4.3-1.21.1.jar         |Save My Shit Network          |smsn                          |1.4.3-1.21.1        |Manifest: NOSIGNATURE
		【服务器】[资源世界前置] server_i18n_api-1.4.1-1.21.1-neoforg|Server I18n API               |server_i18n_api               |1.4.1               |Manifest: NOSIGNATURE
		[简易战利品查看器] simplelootviewer-neoforge-1.21.1-21.1.4|SimpleLootViewer              |simplelootviewer              |21.1.4              |Manifest: NOSIGNATURE
		【结构】SkyVillages-1.0.6-1.21.x-neoforge-release.jar |Sky Villages                  |skyvillages                   |1.0.6               |Manifest: NOSIGNATURE
		SlideShow-NeoForge-1.21.1-0.9.9.jar               |Slide Show                    |slide_show                    |0.9.9               |Manifest: NOSIGNATURE
		[精妙背包] sophisticatedbackpacks-1.21.1-3.26.3.2158.j|Sophisticated Backpacks       |sophisticatedbackpacks        |3.26.3              |Manifest: NOSIGNATURE
		[精妙核心] sophisticatedcore-1.21.1-1.5.1.2341.jar    |Sophisticated Core            |sophisticatedcore             |1.5.1               |Manifest: NOSIGNATURE
		[灵魂绑定] soulbound-neoforge-1.0.1+1.21.1.jar        |Soulbound                     |soulbound                     |1.0.1               |Manifest: NOSIGNATURE
		[火花] spark-1.10.124-neoforge.jar                  |spark                         |spark                         |1.10.124            |Manifest: NOSIGNATURE
		[尖刺] SpikySpikes-v21.1.2-1.21.1-NeoForge.jar      |Spiky Spikes                  |spikyspikes                   |21.1.2              |Manifest: NOSIGNATURE
		[龙之生存：星辰龙] star_dragon-2.0.8.jar                  |Star Dragon                   |star_dragon                   |2.0.8               |Manifest: NOSIGNATURE
		statuemenus-neoforge-21.1.0.jar                   |Statue Menus                  |statuemenus                   |21.1.0              |Manifest: NOSIGNATURE
		[结构标题] structurecredits-1.21.1-3.0.jar            |Structure Credits             |structurecredits              |1.21.1-3.0          |Manifest: NOSIGNATURE
		【服务器】[玩家列表] TAB v5.2.1 1.20.5 - 1.21.1.jar        |TAB                           |tab                           |5.2.1               |Manifest: NOSIGNATURE
		teleportwaypoint-0.5.0.jar                        |Teleport Waypoint             |teleportwaypoint              |0.5.0               |Manifest: NOSIGNATURE
		【前置】TerraBlender-neoforge-1.21.1-4.1.0.8.jar      |TerraBlender                  |terrablender                  |4.1.0.8             |Manifest: NOSIGNATURE
		[暮色森林] twilightforest-1.21.1-4.8.3345-universal.ja|The Twilight Forest           |twilightforest                |4.8.3345            |Manifest: NOSIGNATURE
		[天顶剑] zenith-1.1.2.jar                            |The Zenith Sword              |zenith                        |1.1.2               |Manifest: NOSIGNATURE
		【结构】tidal-towns-2.0.jar                           |Tidal Towns                   |mr_tidal_towns                |2.0                 |Manifest: NOSIGNATURE
		[火把大师] torchmaster-neoforge-1.21.1-21.1.13.jar    |Torchmaster                   |torchmaster                   |21.1.13             |Manifest: NOSIGNATURE
		[车万女仆] touhoulittlemaid-1.5.3-neoforge+mc1.21.1.ja|Touhou Little Maid            |touhou_little_maid            |1.5.3-neoforge+mc1.2|Manifest: NOSIGNATURE
		[旷野之息高塔：再重制] totw_modded-neoforge-1.21-1.0.9.jar  |Towers of The Wild: Modded    |totw_modded                   |1.0.9               |Manifest: NOSIGNATURE
		[交易刷新] traderefresh-3.0.4.jar                     |Trade Refresh                 |traderefresh                  |3.0.4               |Manifest: NOSIGNATURE
		[幻化] transmog-neoforge-1.6.0+1.21.1.jar           |Transmog                      |transmog                      |1.6.0               |Manifest: NOSIGNATURE
		[龙之生存：苔原龙] tundradragon-1.5.0-neoforge-1.21.1.jar |Tundra Dragon (Add-on for Drag|tundradragon                  |1.0.0               |Manifest: NOSIGNATURE
		[旋律与典籍] tunes_n_tomes-1.1.0-HOTFIX.jar            |Tunes 'n Tomes Mod            |tunes_n_tomes                 |1.1.0-HOTFIX        |Manifest: NOSIGNATURE
		[暮色风味乐事] twilightdelight-3.2.2.jar                |Twilight Flavors & Delight    |twilightdelight               |3.2.2               |Manifest: NOSIGNATURE
		[群青] ultramarine-1.21.1-0.7.jar                   |Ultramarine                   |ultramarine                   |0.7                 |Manifest: NOSIGNATURE
		[通用骨粉] UniversalBoneMeal-v21.1.0-1.21.1-NeoForge.j|Universal Bone Meal           |universalbonemeal             |21.1.0              |Manifest: NOSIGNATURE
		boss_respawner-0.1.0.jar                          |Universal Boss Respawner      |boss_respawner                |0.1.0               |Manifest: NOSIGNATURE
		[无题鸭] untitledduckmod-1.7.0-neoforge-1.21.1.jar   |Untitled Duck Mod             |untitledduckmod               |1.7.0               |Manifest: NOSIGNATURE
		【前置】uranus-3.0-beta.1.jar                         |Uranus                        |uranus                        |3.0-beta.1          |Manifest: NOSIGNATURE
		[原版移植] VanillaBackport-neoforge-1.21.1-1.1.7.10.ja|VanillaBackport               |vanillabackport               |1.1.7.10            |Manifest: NOSIGNATURE
		ViScriptLib-neoforge-1.21.1-1.1.8.2.jar           |ViScriptLib                   |viscript_lib                  |1.1.8.2             |Manifest: NOSIGNATURE
		[商店] ViScriptShop-neoforge-1.21.1-1.2.2.3.jar     |ViScriptShop                  |viscript_shop                 |1.2.2.3             |Manifest: NOSIGNATURE
		[可视化工作台] VisualWorkbench-v21.1.2-1.21.1-NeoForge.j|Visual Workbench              |visualworkbench               |21.1.2              |Manifest: NOSIGNATURE
		[铁魔法：言出法随] voicecastaddon-1.0.2.jar               |VoiceCastAddon                |voicecastaddon                |1.0.2               |Manifest: NOSIGNATURE
		[传送石碑] waystones-neoforge-1.21.1-21.1.46.jar      |Waystones                     |waystones                     |21.1.46             |Manifest: NOSIGNATURE
		[地牢浮现之时] DungeonsArise-1.21.1-2.1.68-release.jar  |When Dungeons Arise           |dungeons_arise                |2.1.68              |Manifest: NOSIGNATURE
		[地牢浮现之时 - 海洋扩展] DungeonsAriseSevenSeas-1.21.x-1.0.|When Dungeons Arise: Seven Sea|dungeons_arise_seven_seas     |1.0.4               |Manifest: NOSIGNATURE
		[酒狐的魔法书] winefoxs_spellbooks-1.21.1-1.0.1.jar     |Winefox's Spellbooks          |winefoxs_spellbooks           |1.0.1               |Manifest: NOSIGNATURE
		[龙之生存：翼麒麟] wing_kirin-3.0.1.jar                   |Wing Kirin                    |wing_kirin                    |3.0.1               |Manifest: NOSIGNATURE
		【服务器】[创世神] worldedit-mod-7.3.8.jar                |WorldEdit                     |worldedit                     |7.3.8+6939-7d32b45  |Manifest: NOSIGNATURE
		[猛龙之居] wyrmroost-1.4.1.jar                        |Wyrmroost                     |wyrmroost                     |1.4.1               |Manifest: NOSIGNATURE
		[Xaero的小地图] xaerominimap-neoforge-1.21.1-26.1.0.ja|Xaero's Minimap               |xaerominimap                  |26.1.0              |Manifest: NOSIGNATURE
		[Xaero的世界地图] xaeroworldmap-neoforge-1.21.1-1.41.2.|Xaero's World Map             |xaeroworldmap                 |1.41.2              |Manifest: NOSIGNATURE
		xaerolib-neoforge-1.21.1-1.1.15.jar               |XaeroLib                      |xaerolib                      |1.1.15              |Manifest: NOSIGNATURE
		[小烦维的剑] xfws_swords-0.0.8.jar                     |xfws_swords                   |xfws_swords                   |0.0.8               |Manifest: NOSIGNATURE
		【前置】YungsApi-1.21.1-NeoForge-5.1.8.jar            |YUNG's API                    |yungsapi                      |1.21.1-NeoForge-5.1.|Manifest: NOSIGNATURE
		[YUNG的沙漠神殿优化] YungsBetterDesertTemples-1.21.1-NeoF|YUNG's Better Desert Temples  |betterdeserttemples           |1.21.1-NeoForge-4.1.|Manifest: NOSIGNATURE
		[YUNG的末地岛屿优化] YungsBetterEndIsland-1.21.1-NeoForge|YUNG's Better End Island      |betterendisland               |1.21.1-NeoForge-3.1.|Manifest: NOSIGNATURE
		[YUNG的丛林神庙优化] YungsBetterJungleTemples-1.21.1-NeoF|YUNG's Better Jungle Temples  |betterjungletemples           |1.21.1-NeoForge-3.1.|Manifest: NOSIGNATURE
		[YUNG的矿井优化] YungsBetterMineshafts-1.21.1-NeoForge-|YUNG's Better Mineshafts      |bettermineshafts              |1.21.1-NeoForge-5.1.|Manifest: NOSIGNATURE
		[YUNG的下界要塞优化] YungsBetterNetherFortresses-1.21.1-N|YUNG's Better Nether Fortresse|betterfortresses              |1.21.1-NeoForge-3.1.|Manifest: NOSIGNATURE
		[YUNG的海底神殿优化] YungsBetterOceanMonuments-1.21.1-Neo|YUNG's Better Ocean Monuments |betteroceanmonuments          |1.21.1-NeoForge-4.1.|Manifest: NOSIGNATURE
		[YUNG的要塞优化] YungsBetterStrongholds-1.21.1-NeoForge|YUNG's Better Strongholds     |betterstrongholds             |1.21.1-NeoForge-5.1.|Manifest: NOSIGNATURE
		[YUNG的沼泽小屋优化] YungsBetterWitchHuts-1.21.1-NeoForge|YUNG's Better Witch Huts      |betterwitchhuts               |1.21.1-NeoForge-4.1.|Manifest: NOSIGNATURE
		[方块小镇] yuushya-1.21.0-neoforge-2.2.3.jar          |Yuushya                       |yuushya                       |2.2.3               |Manifest: NOSIGNATURE
		[方块建模] yuushya_modelling-1.21.1-2.4.1.jar         |Yuushya Modelling             |yuushya_modelling             |2.4.1               |Manifest: NOSIGNATURE
	Crash Report UUID: 38497bd5-0143-41ac-9a8e-5c4a026a7fa6
	FML: 4.0.43
	NeoForge: 21.1.248
	AllTheLeaks: 
		Events:
		  Server Player Clone: 1
		  Server Player Logout: 2
		Explicit GC Last Run: Disabled
		Note: Values below are not accurate due to -XX:+DisableExplicitGC arguments you are using
		Leaking objects:
		  Player:
		    ServerPlayer: 2

[0610月2026 14:17:07.956] [Server Watchdog/FATAL] [net.neoforged.neoforge.common.NeoForgeMod/]: Preparing crash report with UUID 7f307ebb-5f6f-4856-a696-a8acaa88d95d
[0610月2026 14:17:07.957] [Server Watchdog/ERROR] [net.minecraft.server.dedicated.ServerWatchdog/]: This crash report has been saved to: D:\ZonlongIX\BeLoong Server\[25565]delete-test\crash-reports\crash-2026-10-06_14.17.07-server.txt
[0610月2026 14:17:13.696] [Server thread/INFO] [me.neznamy.tab.platforms.neoforge.NeoForgePlatform/]: [TAB] Disabled in 1ms
